19:07:20.054 debug: 2026/4/24 19:07:20
19:07:20.055 debug: Project: D:\cocos_zml\zml-cocos2d-games\zml-cocos2d-AirplaneBattle
19:07:20.055 debug: Targets: editor,preview
19:07:20.059 debug: Incremental file seems great.
19:07:20.059 debug: Engine path: D:\cocos_editor\Creator\3.8.8\resources\resources\3d\engine
19:07:20.075 debug: Initializing target [Editor]
19:07:20.075 debug: Loading cache
19:07:20.077 debug: Loading cache costs 1.6712999999999738ms.
19:07:20.077 debug: Engine features shipped in editor: base,gfx-webgl,gfx-webgl2,gfx-empty,gfx-webgpu,3d,animation,skeletal-animation,2d,rich-text,mask,graphics,ui-skew,ui,affine-transform,sorting-2d,particle,particle-2d,physics-framework,physics-cannon,physics-physx,physics-ammo,physics-builtin,physics-2d-framework,physics-2d-box2d-jsb,physics-2d-box2d,physics-2d-builtin,physics-2d-box2d-wasm,intersection-2d,primitive,profiler,occlusion-query,geometry-renderer,debug-renderer,audio,video,xr,light-probe,terrain,webview,tween,tiled-map,vendor-google,spine-3.8,spine-4.2,dragon-bones,marionette,procedural-animation,custom-pipeline,custom-pipeline-builtin-scripts,custom-pipeline-post-process,legacy-pipeline,websocket,websocket-server,meshopt
19:07:20.078 debug: Our import map(foo:/bar): {
  "imports": {
    "cc": "cce:/internal/x/cc"
  }
}
19:07:20.078 debug: Initializing target [Preview]
19:07:20.078 debug: Loading cache
19:07:20.080 debug: Loading cache costs 1.852100000000064ms.
19:07:20.080 debug: Our import map(foo:/bar): {
  "imports": {
    "cc": "cce:/internal/x/cc"
  }
}
19:07:20.136 debug: Sync engine features: 2d,affine-transform,animation,audio,base,custom-pipeline,dragon-bones,gfx-webgl,gfx-webgl2,graphics,intersection-2d,mask,particle-2d,physics-2d-builtin,profiler,rich-text,spine-3.8,tiled-map,tween,ui,video,webview
19:07:20.137 debug: Reset databases. Enumerated domains: [
  {
    "root": "db://internal/",
    "physical": "D:\\cocos_editor\\Creator\\3.8.8\\resources\\resources\\3d\\engine\\editor\\assets"
  },
  {
    "root": "db://assets/",
    "physical": "D:\\cocos_zml\\zml-cocos2d-games\\zml-cocos2d-AirplaneBattle\\assets"
  }
]
19:07:20.138 debug: Our import map(foo:/bar): {
  "imports": {
    "cc": "cce:/internal/x/cc",
    "db://internal/": "file:///D:/cocos_editor/Creator/3.8.8/resources/resources/3d/engine/editor/assets/",
    "db://assets/": "file:///D:/cocos_zml/zml-cocos2d-games/zml-cocos2d-AirplaneBattle/assets/"
  }
}
19:07:20.139 debug: Our import map(foo:/bar): {
  "imports": {
    "cc": "cce:/internal/x/cc",
    "db://internal/": "file:///D:/cocos_editor/Creator/3.8.8/resources/resources/3d/engine/editor/assets/",
    "db://assets/": "file:///D:/cocos_zml/zml-cocos2d-games/zml-cocos2d-AirplaneBattle/assets/"
  }
}
19:07:20.140 debug: Pulling asset-db.
19:07:20.144 debug: Fetch asset-db cost: 4.313600000000406ms.
19:07:20.146 debug: Build iteration starts.
Number of accumulated asset changes: 15
Feature changed: false
19:07:20.147 debug: Target(editor) build started.
19:07:20.151 debug: Detected change: cce:/internal/x/cc. Last mtime: Thu Jan 01 1970 08:00:07 GMT+0800 (中国标准时间), Current mtime: Thu Jan 01 1970 08:00:07 GMT+0800 (中国标准时间)
19:07:20.151 debug: Inspect cce:/internal/x/cc
19:07:20.216 debug: transform url: 'cce:/internal/x/cc' costs: 65.00 ms
19:07:20.219 debug: Resolve cce:/internal/x/cc-fu/base from cce:/internal/x/cc as external dependency cce:/internal/x/cc-fu/base.
19:07:20.219 debug: Resolve cce:/internal/x/cc-fu/gfx-webgl from cce:/internal/x/cc as external dependency cce:/internal/x/cc-fu/gfx-webgl.
19:07:20.219 debug: Resolve cce:/internal/x/cc-fu/gfx-webgl2 from cce:/internal/x/cc as external dependency cce:/internal/x/cc-fu/gfx-webgl2.
19:07:20.219 debug: Resolve cce:/internal/x/cc-fu/gfx-empty from cce:/internal/x/cc as external dependency cce:/internal/x/cc-fu/gfx-empty.
19:07:20.220 debug: Resolve cce:/internal/x/cc-fu/gfx-webgpu from cce:/internal/x/cc as external dependency cce:/internal/x/cc-fu/gfx-webgpu.
19:07:20.220 debug: Resolve cce:/internal/x/cc-fu/3d from cce:/internal/x/cc as external dependency cce:/internal/x/cc-fu/3d.
19:07:20.220 debug: Resolve cce:/internal/x/cc-fu/animation from cce:/internal/x/cc as external dependency cce:/internal/x/cc-fu/animation.
19:07:20.220 debug: Resolve cce:/internal/x/cc-fu/skeletal-animation from cce:/internal/x/cc as external dependency cce:/internal/x/cc-fu/skeletal-animation.
19:07:20.220 debug: Resolve cce:/internal/x/cc-fu/2d from cce:/internal/x/cc as external dependency cce:/internal/x/cc-fu/2d.
19:07:20.220 debug: Resolve cce:/internal/x/cc-fu/sorting from cce:/internal/x/cc as external dependency cce:/internal/x/cc-fu/sorting.
19:07:20.220 debug: Resolve cce:/internal/x/cc-fu/rich-text from cce:/internal/x/cc as external dependency cce:/internal/x/cc-fu/rich-text.
19:07:20.220 debug: Resolve cce:/internal/x/cc-fu/mask from cce:/internal/x/cc as external dependency cce:/internal/x/cc-fu/mask.
19:07:20.220 debug: Resolve cce:/internal/x/cc-fu/graphics from cce:/internal/x/cc as external dependency cce:/internal/x/cc-fu/graphics.
19:07:20.220 debug: Resolve cce:/internal/x/cc-fu/ui-skew from cce:/internal/x/cc as external dependency cce:/internal/x/cc-fu/ui-skew.
19:07:20.221 debug: Resolve cce:/internal/x/cc-fu/ui from cce:/internal/x/cc as external dependency cce:/internal/x/cc-fu/ui.
19:07:20.221 debug: Resolve cce:/internal/x/cc-fu/affine-transform from cce:/internal/x/cc as external dependency cce:/internal/x/cc-fu/affine-transform.
19:07:20.221 debug: Resolve cce:/internal/x/cc-fu/sorting-2d from cce:/internal/x/cc as external dependency cce:/internal/x/cc-fu/sorting-2d.
19:07:20.221 debug: Resolve cce:/internal/x/cc-fu/particle from cce:/internal/x/cc as external dependency cce:/internal/x/cc-fu/particle.
19:07:20.221 debug: Resolve cce:/internal/x/cc-fu/particle-2d from cce:/internal/x/cc as external dependency cce:/internal/x/cc-fu/particle-2d.
19:07:20.221 debug: Resolve cce:/internal/x/cc-fu/physics-framework from cce:/internal/x/cc as external dependency cce:/internal/x/cc-fu/physics-framework.
19:07:20.221 debug: Resolve cce:/internal/x/cc-fu/physics-cannon from cce:/internal/x/cc as external dependency cce:/internal/x/cc-fu/physics-cannon.
19:07:20.221 debug: Resolve cce:/internal/x/cc-fu/physics-physx from cce:/internal/x/cc as external dependency cce:/internal/x/cc-fu/physics-physx.
19:07:20.221 debug: Resolve cce:/internal/x/cc-fu/physics-ammo from cce:/internal/x/cc as external dependency cce:/internal/x/cc-fu/physics-ammo.
19:07:20.222 debug: Resolve cce:/internal/x/cc-fu/physics-builtin from cce:/internal/x/cc as external dependency cce:/internal/x/cc-fu/physics-builtin.
19:07:20.222 debug: Resolve cce:/internal/x/cc-fu/physics-2d-framework from cce:/internal/x/cc as external dependency cce:/internal/x/cc-fu/physics-2d-framework.
19:07:20.222 debug: Resolve cce:/internal/x/cc-fu/physics-2d-box2d-jsb from cce:/internal/x/cc as external dependency cce:/internal/x/cc-fu/physics-2d-box2d-jsb.
19:07:20.222 debug: Resolve cce:/internal/x/cc-fu/physics-2d-box2d from cce:/internal/x/cc as external dependency cce:/internal/x/cc-fu/physics-2d-box2d.
19:07:20.222 debug: Resolve cce:/internal/x/cc-fu/physics-2d-builtin from cce:/internal/x/cc as external dependency cce:/internal/x/cc-fu/physics-2d-builtin.
19:07:20.222 debug: Resolve cce:/internal/x/cc-fu/physics-2d-box2d-wasm from cce:/internal/x/cc as external dependency cce:/internal/x/cc-fu/physics-2d-box2d-wasm.
19:07:20.222 debug: Resolve cce:/internal/x/cc-fu/intersection-2d from cce:/internal/x/cc as external dependency cce:/internal/x/cc-fu/intersection-2d.
19:07:20.222 debug: Resolve cce:/internal/x/cc-fu/primitive from cce:/internal/x/cc as external dependency cce:/internal/x/cc-fu/primitive.
19:07:20.222 debug: Resolve cce:/internal/x/cc-fu/profiler from cce:/internal/x/cc as external dependency cce:/internal/x/cc-fu/profiler.
19:07:20.222 debug: Resolve cce:/internal/x/cc-fu/geometry-renderer from cce:/internal/x/cc as external dependency cce:/internal/x/cc-fu/geometry-renderer.
19:07:20.222 debug: Resolve cce:/internal/x/cc-fu/audio from cce:/internal/x/cc as external dependency cce:/internal/x/cc-fu/audio.
19:07:20.222 debug: Resolve cce:/internal/x/cc-fu/video from cce:/internal/x/cc as external dependency cce:/internal/x/cc-fu/video.
19:07:20.222 debug: Resolve cce:/internal/x/cc-fu/xr from cce:/internal/x/cc as external dependency cce:/internal/x/cc-fu/xr.
19:07:20.222 debug: Resolve cce:/internal/x/cc-fu/light-probe from cce:/internal/x/cc as external dependency cce:/internal/x/cc-fu/light-probe.
19:07:20.222 debug: Resolve cce:/internal/x/cc-fu/terrain from cce:/internal/x/cc as external dependency cce:/internal/x/cc-fu/terrain.
19:07:20.222 debug: Resolve cce:/internal/x/cc-fu/webview from cce:/internal/x/cc as external dependency cce:/internal/x/cc-fu/webview.
19:07:20.222 debug: Resolve cce:/internal/x/cc-fu/tween from cce:/internal/x/cc as external dependency cce:/internal/x/cc-fu/tween.
19:07:20.222 debug: Resolve cce:/internal/x/cc-fu/tiled-map from cce:/internal/x/cc as external dependency cce:/internal/x/cc-fu/tiled-map.
19:07:20.222 debug: Resolve cce:/internal/x/cc-fu/vendor-google from cce:/internal/x/cc as external dependency cce:/internal/x/cc-fu/vendor-google.
19:07:20.222 debug: Resolve cce:/internal/x/cc-fu/spine from cce:/internal/x/cc as external dependency cce:/internal/x/cc-fu/spine.
19:07:20.222 debug: Resolve cce:/internal/x/cc-fu/dragon-bones from cce:/internal/x/cc as external dependency cce:/internal/x/cc-fu/dragon-bones.
19:07:20.222 debug: Resolve cce:/internal/x/cc-fu/custom-pipeline from cce:/internal/x/cc as external dependency cce:/internal/x/cc-fu/custom-pipeline.
19:07:20.222 debug: Resolve cce:/internal/x/cc-fu/custom-pipeline-post-process from cce:/internal/x/cc as external dependency cce:/internal/x/cc-fu/custom-pipeline-post-process.
19:07:20.222 debug: Resolve cce:/internal/x/cc-fu/legacy-pipeline from cce:/internal/x/cc as external dependency cce:/internal/x/cc-fu/legacy-pipeline.
19:07:20.222 debug: Detected change: cce:/internal/x/prerequisite-imports. Last mtime: Thu Jan 01 1970 11:58:03 GMT+0800 (中国标准时间), Current mtime: Thu Jan 01 1970 08:00:07 GMT+0800 (中国标准时间)
19:07:20.222 debug: Inspect cce:/internal/x/prerequisite-imports
19:07:20.244 debug: transform url: 'cce:/internal/x/prerequisite-imports' costs: 21.80 ms
19:07:20.247 debug: Resolve file:///D:/cocos_editor/Creator/3.8.8/resources/resources/3d/engine/editor/assets/default_renderpipeline/builtin-dof-pass.ts from cce:/internal/x/prerequisite-imports as file:///D:/cocos_editor/Creator/3.8.8/resources/resources/3d/engine/editor/assets/default_renderpipeline/builtin-dof-pass.ts.
19:07:20.248 debug: Resolve file:///D:/cocos_editor/Creator/3.8.8/resources/resources/3d/engine/editor/assets/default_renderpipeline/builtin-pipeline-pass.ts from cce:/internal/x/prerequisite-imports as file:///D:/cocos_editor/Creator/3.8.8/resources/resources/3d/engine/editor/assets/default_renderpipeline/builtin-pipeline-pass.ts.
19:07:20.249 debug: Resolve file:///D:/cocos_editor/Creator/3.8.8/resources/resources/3d/engine/editor/assets/default_renderpipeline/builtin-pipeline-settings.ts from cce:/internal/x/prerequisite-imports as file:///D:/cocos_editor/Creator/3.8.8/resources/resources/3d/engine/editor/assets/default_renderpipeline/builtin-pipeline-settings.ts.
19:07:20.250 debug: Resolve file:///D:/cocos_editor/Creator/3.8.8/resources/resources/3d/engine/editor/assets/default_renderpipeline/builtin-pipeline-types.ts from cce:/internal/x/prerequisite-imports as file:///D:/cocos_editor/Creator/3.8.8/resources/resources/3d/engine/editor/assets/default_renderpipeline/builtin-pipeline-types.ts.
19:07:20.251 debug: Resolve file:///D:/cocos_editor/Creator/3.8.8/resources/resources/3d/engine/editor/assets/default_renderpipeline/builtin-pipeline.ts from cce:/internal/x/prerequisite-imports as file:///D:/cocos_editor/Creator/3.8.8/resources/resources/3d/engine/editor/assets/default_renderpipeline/builtin-pipeline.ts.
19:07:20.251 debug: Resolve file:///D:/cocos_editor/Creator/3.8.8/resources/resources/3d/engine/editor/assets/tools/debug-view-runtime-control.ts from cce:/internal/x/prerequisite-imports as file:///D:/cocos_editor/Creator/3.8.8/resources/resources/3d/engine/editor/assets/tools/debug-view-runtime-control.ts.
19:07:20.252 debug: Resolve file:///D:/cocos_zml/zml-cocos2d-games/zml-cocos2d-AirplaneBattle/assets/Scripts/Bg.ts from cce:/internal/x/prerequisite-imports as file:///D:/cocos_zml/zml-cocos2d-games/zml-cocos2d-AirplaneBattle/assets/Scripts/Bg.ts.
19:07:20.252 debug: Resolve file:///D:/cocos_zml/zml-cocos2d-games/zml-cocos2d-AirplaneBattle/assets/Scripts/Bullet.ts from cce:/internal/x/prerequisite-imports as file:///D:/cocos_zml/zml-cocos2d-games/zml-cocos2d-AirplaneBattle/assets/Scripts/Bullet.ts.
19:07:20.253 debug: Resolve file:///D:/cocos_zml/zml-cocos2d-games/zml-cocos2d-AirplaneBattle/assets/Scripts/Enemy.ts from cce:/internal/x/prerequisite-imports as file:///D:/cocos_zml/zml-cocos2d-games/zml-cocos2d-AirplaneBattle/assets/Scripts/Enemy.ts.
19:07:20.254 debug: Resolve file:///D:/cocos_zml/zml-cocos2d-games/zml-cocos2d-AirplaneBattle/assets/Scripts/EnemyManage.ts from cce:/internal/x/prerequisite-imports as file:///D:/cocos_zml/zml-cocos2d-games/zml-cocos2d-AirplaneBattle/assets/Scripts/EnemyManage.ts.
19:07:20.254 debug: Resolve file:///D:/cocos_zml/zml-cocos2d-games/zml-cocos2d-AirplaneBattle/assets/Scripts/EventManager.ts from cce:/internal/x/prerequisite-imports as file:///D:/cocos_zml/zml-cocos2d-games/zml-cocos2d-AirplaneBattle/assets/Scripts/EventManager.ts.
19:07:20.255 debug: Resolve file:///D:/cocos_zml/zml-cocos2d-games/zml-cocos2d-AirplaneBattle/assets/Scripts/Player.ts from cce:/internal/x/prerequisite-imports as file:///D:/cocos_zml/zml-cocos2d-games/zml-cocos2d-AirplaneBattle/assets/Scripts/Player.ts.
19:07:20.256 debug: Resolve file:///D:/cocos_zml/zml-cocos2d-games/zml-cocos2d-AirplaneBattle/assets/Scripts/StartGame.ts from cce:/internal/x/prerequisite-imports as file:///D:/cocos_zml/zml-cocos2d-games/zml-cocos2d-AirplaneBattle/assets/Scripts/StartGame.ts.
19:07:20.256 debug: Resolve file:///D:/cocos_zml/zml-cocos2d-games/zml-cocos2d-AirplaneBattle/assets/Scripts/Tool.ts from cce:/internal/x/prerequisite-imports as file:///D:/cocos_zml/zml-cocos2d-games/zml-cocos2d-AirplaneBattle/assets/Scripts/Tool.ts.
19:07:20.257 debug: Resolve file:///D:/cocos_zml/zml-cocos2d-games/zml-cocos2d-AirplaneBattle/assets/Scripts/ToolManage.ts from cce:/internal/x/prerequisite-imports as file:///D:/cocos_zml/zml-cocos2d-games/zml-cocos2d-AirplaneBattle/assets/Scripts/ToolManage.ts.
19:07:20.257 debug: Resolve cce:/internal/code-quality/cr.mjs from file:///D:/cocos_editor/Creator/3.8.8/resources/resources/3d/engine/editor/assets/default_renderpipeline/builtin-dof-pass.ts as cce:/internal/code-quality/cr.mjs.
19:07:20.257 debug: Detected change: cce:/internal/code-quality/cr.mjs. Last mtime: Wed Apr 22 2026 14:52:27 GMT+0800 (中国标准时间), Current mtime: Fri Apr 24 2026 19:07:12 GMT+0800 (中国标准时间)
19:07:20.257 debug: Inspect cce:/internal/code-quality/cr.mjs
19:07:20.271 debug: transform url: 'cce:/internal/code-quality/cr.mjs' costs: 13.90 ms
19:07:20.273 debug: Resolve cc from file:///D:/cocos_editor/Creator/3.8.8/resources/resources/3d/engine/editor/assets/default_renderpipeline/builtin-dof-pass.ts as cce:/internal/x/cc.
19:07:20.273 debug: Resolve cc from file:///D:/cocos_editor/Creator/3.8.8/resources/resources/3d/engine/editor/assets/default_renderpipeline/builtin-dof-pass.ts as cce:/internal/x/cc.
19:07:20.273 debug: Resolve cc from file:///D:/cocos_editor/Creator/3.8.8/resources/resources/3d/engine/editor/assets/default_renderpipeline/builtin-dof-pass.ts as cce:/internal/x/cc.
19:07:20.273 debug: Resolve cc/env from file:///D:/cocos_editor/Creator/3.8.8/resources/resources/3d/engine/editor/assets/default_renderpipeline/builtin-dof-pass.ts as external dependency cc/env.
19:07:20.275 debug: Resolve ./builtin-pipeline-settings from file:///D:/cocos_editor/Creator/3.8.8/resources/resources/3d/engine/editor/assets/default_renderpipeline/builtin-dof-pass.ts as file:///D:/cocos_editor/Creator/3.8.8/resources/resources/3d/engine/editor/assets/default_renderpipeline/builtin-pipeline-settings.ts.
19:07:20.276 debug: Resolve ./builtin-pipeline-pass from file:///D:/cocos_editor/Creator/3.8.8/resources/resources/3d/engine/editor/assets/default_renderpipeline/builtin-dof-pass.ts as file:///D:/cocos_editor/Creator/3.8.8/resources/resources/3d/engine/editor/assets/default_renderpipeline/builtin-pipeline-pass.ts.
19:07:20.276 debug: Resolve ./builtin-pipeline from file:///D:/cocos_editor/Creator/3.8.8/resources/resources/3d/engine/editor/assets/default_renderpipeline/builtin-dof-pass.ts as file:///D:/cocos_editor/Creator/3.8.8/resources/resources/3d/engine/editor/assets/default_renderpipeline/builtin-pipeline.ts.
19:07:20.277 debug: Resolve cce:/internal/code-quality/cr.mjs from file:///D:/cocos_editor/Creator/3.8.8/resources/resources/3d/engine/editor/assets/default_renderpipeline/builtin-pipeline-settings.ts as cce:/internal/code-quality/cr.mjs.
19:07:20.277 debug: Resolve cc from file:///D:/cocos_editor/Creator/3.8.8/resources/resources/3d/engine/editor/assets/default_renderpipeline/builtin-pipeline-settings.ts as cce:/internal/x/cc.
19:07:20.277 debug: Resolve cc from file:///D:/cocos_editor/Creator/3.8.8/resources/resources/3d/engine/editor/assets/default_renderpipeline/builtin-pipeline-settings.ts as cce:/internal/x/cc.
19:07:20.277 debug: Resolve cc from file:///D:/cocos_editor/Creator/3.8.8/resources/resources/3d/engine/editor/assets/default_renderpipeline/builtin-pipeline-settings.ts as cce:/internal/x/cc.
19:07:20.277 debug: Resolve cc/env from file:///D:/cocos_editor/Creator/3.8.8/resources/resources/3d/engine/editor/assets/default_renderpipeline/builtin-pipeline-settings.ts as external dependency cc/env.
19:07:20.278 debug: Resolve ./builtin-pipeline-types from file:///D:/cocos_editor/Creator/3.8.8/resources/resources/3d/engine/editor/assets/default_renderpipeline/builtin-pipeline-settings.ts as file:///D:/cocos_editor/Creator/3.8.8/resources/resources/3d/engine/editor/assets/default_renderpipeline/builtin-pipeline-types.ts.
19:07:20.278 debug: Resolve cc from file:///D:/cocos_editor/Creator/3.8.8/resources/resources/3d/engine/editor/assets/default_renderpipeline/builtin-pipeline-types.ts as cce:/internal/x/cc.
19:07:20.278 debug: Resolve cc from file:///D:/cocos_editor/Creator/3.8.8/resources/resources/3d/engine/editor/assets/default_renderpipeline/builtin-pipeline-types.ts as cce:/internal/x/cc.
19:07:20.278 debug: Resolve cc from file:///D:/cocos_editor/Creator/3.8.8/resources/resources/3d/engine/editor/assets/default_renderpipeline/builtin-pipeline-types.ts as cce:/internal/x/cc.
19:07:20.278 debug: Resolve cce:/internal/code-quality/cr.mjs from file:///D:/cocos_editor/Creator/3.8.8/resources/resources/3d/engine/editor/assets/default_renderpipeline/builtin-pipeline-pass.ts as cce:/internal/code-quality/cr.mjs.
19:07:20.278 debug: Resolve cc from file:///D:/cocos_editor/Creator/3.8.8/resources/resources/3d/engine/editor/assets/default_renderpipeline/builtin-pipeline-pass.ts as cce:/internal/x/cc.
19:07:20.278 debug: Resolve cc from file:///D:/cocos_editor/Creator/3.8.8/resources/resources/3d/engine/editor/assets/default_renderpipeline/builtin-pipeline-pass.ts as cce:/internal/x/cc.
19:07:20.278 debug: Resolve cc from file:///D:/cocos_editor/Creator/3.8.8/resources/resources/3d/engine/editor/assets/default_renderpipeline/builtin-pipeline-pass.ts as cce:/internal/x/cc.
19:07:20.279 debug: Resolve ./builtin-pipeline-settings from file:///D:/cocos_editor/Creator/3.8.8/resources/resources/3d/engine/editor/assets/default_renderpipeline/builtin-pipeline-pass.ts as file:///D:/cocos_editor/Creator/3.8.8/resources/resources/3d/engine/editor/assets/default_renderpipeline/builtin-pipeline-settings.ts.
19:07:20.279 debug: Resolve cc/env from file:///D:/cocos_editor/Creator/3.8.8/resources/resources/3d/engine/editor/assets/default_renderpipeline/builtin-pipeline-pass.ts as external dependency cc/env.
19:07:20.279 debug: Resolve cce:/internal/code-quality/cr.mjs from file:///D:/cocos_editor/Creator/3.8.8/resources/resources/3d/engine/editor/assets/default_renderpipeline/builtin-pipeline.ts as cce:/internal/code-quality/cr.mjs.
19:07:20.279 debug: Resolve cc from file:///D:/cocos_editor/Creator/3.8.8/resources/resources/3d/engine/editor/assets/default_renderpipeline/builtin-pipeline.ts as cce:/internal/x/cc.
19:07:20.279 debug: Resolve cc from file:///D:/cocos_editor/Creator/3.8.8/resources/resources/3d/engine/editor/assets/default_renderpipeline/builtin-pipeline.ts as cce:/internal/x/cc.
19:07:20.279 debug: Resolve cc from file:///D:/cocos_editor/Creator/3.8.8/resources/resources/3d/engine/editor/assets/default_renderpipeline/builtin-pipeline.ts as cce:/internal/x/cc.
19:07:20.279 debug: Resolve cc/env from file:///D:/cocos_editor/Creator/3.8.8/resources/resources/3d/engine/editor/assets/default_renderpipeline/builtin-pipeline.ts as external dependency cc/env.
19:07:20.280 debug: Resolve ./builtin-pipeline-types from file:///D:/cocos_editor/Creator/3.8.8/resources/resources/3d/engine/editor/assets/default_renderpipeline/builtin-pipeline.ts as file:///D:/cocos_editor/Creator/3.8.8/resources/resources/3d/engine/editor/assets/default_renderpipeline/builtin-pipeline-types.ts.
19:07:20.280 debug: Resolve cc from file:///D:/cocos_editor/Creator/3.8.8/resources/resources/3d/engine/editor/assets/tools/debug-view-runtime-control.ts as cce:/internal/x/cc.
19:07:20.280 debug: Resolve cc from file:///D:/cocos_editor/Creator/3.8.8/resources/resources/3d/engine/editor/assets/tools/debug-view-runtime-control.ts as cce:/internal/x/cc.
19:07:20.280 debug: Resolve cc from file:///D:/cocos_editor/Creator/3.8.8/resources/resources/3d/engine/editor/assets/tools/debug-view-runtime-control.ts as cce:/internal/x/cc.
19:07:20.280 debug: Resolve cce:/internal/code-quality/cr.mjs from file:///D:/cocos_zml/zml-cocos2d-games/zml-cocos2d-AirplaneBattle/assets/Scripts/Bg.ts as cce:/internal/code-quality/cr.mjs.
19:07:20.281 debug: Resolve cc from file:///D:/cocos_zml/zml-cocos2d-games/zml-cocos2d-AirplaneBattle/assets/Scripts/Bg.ts as cce:/internal/x/cc.
19:07:20.281 debug: Resolve cc from file:///D:/cocos_zml/zml-cocos2d-games/zml-cocos2d-AirplaneBattle/assets/Scripts/Bg.ts as cce:/internal/x/cc.
19:07:20.281 debug: Resolve cc from file:///D:/cocos_zml/zml-cocos2d-games/zml-cocos2d-AirplaneBattle/assets/Scripts/Bg.ts as cce:/internal/x/cc.
19:07:20.281 debug: Resolve ./EventManager from file:///D:/cocos_zml/zml-cocos2d-games/zml-cocos2d-AirplaneBattle/assets/Scripts/Bg.ts as file:///D:/cocos_zml/zml-cocos2d-games/zml-cocos2d-AirplaneBattle/assets/Scripts/EventManager.ts.
19:07:20.281 debug: Resolve cc from file:///D:/cocos_zml/zml-cocos2d-games/zml-cocos2d-AirplaneBattle/assets/Scripts/EventManager.ts as cce:/internal/x/cc.
19:07:20.281 debug: Resolve cc from file:///D:/cocos_zml/zml-cocos2d-games/zml-cocos2d-AirplaneBattle/assets/Scripts/EventManager.ts as cce:/internal/x/cc.
19:07:20.281 debug: Resolve cc from file:///D:/cocos_zml/zml-cocos2d-games/zml-cocos2d-AirplaneBattle/assets/Scripts/EventManager.ts as cce:/internal/x/cc.
19:07:20.281 debug: Resolve cc from file:///D:/cocos_zml/zml-cocos2d-games/zml-cocos2d-AirplaneBattle/assets/Scripts/Bullet.ts as cce:/internal/x/cc.
19:07:20.281 debug: Resolve cc from file:///D:/cocos_zml/zml-cocos2d-games/zml-cocos2d-AirplaneBattle/assets/Scripts/Bullet.ts as cce:/internal/x/cc.
19:07:20.282 debug: Resolve cc from file:///D:/cocos_zml/zml-cocos2d-games/zml-cocos2d-AirplaneBattle/assets/Scripts/Bullet.ts as cce:/internal/x/cc.
19:07:20.282 debug: Resolve cce:/internal/code-quality/cr.mjs from file:///D:/cocos_zml/zml-cocos2d-games/zml-cocos2d-AirplaneBattle/assets/Scripts/Enemy.ts as cce:/internal/code-quality/cr.mjs.
19:07:20.282 debug: Resolve cc from file:///D:/cocos_zml/zml-cocos2d-games/zml-cocos2d-AirplaneBattle/assets/Scripts/Enemy.ts as cce:/internal/x/cc.
19:07:20.282 debug: Resolve cc from file:///D:/cocos_zml/zml-cocos2d-games/zml-cocos2d-AirplaneBattle/assets/Scripts/Enemy.ts as cce:/internal/x/cc.
19:07:20.282 debug: Resolve cc from file:///D:/cocos_zml/zml-cocos2d-games/zml-cocos2d-AirplaneBattle/assets/Scripts/Enemy.ts as cce:/internal/x/cc.
19:07:20.282 debug: Resolve ./EventManager from file:///D:/cocos_zml/zml-cocos2d-games/zml-cocos2d-AirplaneBattle/assets/Scripts/Enemy.ts as file:///D:/cocos_zml/zml-cocos2d-games/zml-cocos2d-AirplaneBattle/assets/Scripts/EventManager.ts.
19:07:20.282 debug: Resolve cce:/internal/code-quality/cr.mjs from file:///D:/cocos_zml/zml-cocos2d-games/zml-cocos2d-AirplaneBattle/assets/Scripts/EnemyManage.ts as cce:/internal/code-quality/cr.mjs.
19:07:20.282 debug: Resolve cc from file:///D:/cocos_zml/zml-cocos2d-games/zml-cocos2d-AirplaneBattle/assets/Scripts/EnemyManage.ts as cce:/internal/x/cc.
19:07:20.283 debug: Resolve cc from file:///D:/cocos_zml/zml-cocos2d-games/zml-cocos2d-AirplaneBattle/assets/Scripts/EnemyManage.ts as cce:/internal/x/cc.
19:07:20.283 debug: Resolve cc from file:///D:/cocos_zml/zml-cocos2d-games/zml-cocos2d-AirplaneBattle/assets/Scripts/EnemyManage.ts as cce:/internal/x/cc.
19:07:20.283 debug: Resolve ./EventManager from file:///D:/cocos_zml/zml-cocos2d-games/zml-cocos2d-AirplaneBattle/assets/Scripts/EnemyManage.ts as file:///D:/cocos_zml/zml-cocos2d-games/zml-cocos2d-AirplaneBattle/assets/Scripts/EventManager.ts.
19:07:20.283 debug: Resolve cce:/internal/code-quality/cr.mjs from file:///D:/cocos_zml/zml-cocos2d-games/zml-cocos2d-AirplaneBattle/assets/Scripts/Player.ts as cce:/internal/code-quality/cr.mjs.
19:07:20.283 debug: Resolve cc from file:///D:/cocos_zml/zml-cocos2d-games/zml-cocos2d-AirplaneBattle/assets/Scripts/Player.ts as cce:/internal/x/cc.
19:07:20.283 debug: Resolve cc from file:///D:/cocos_zml/zml-cocos2d-games/zml-cocos2d-AirplaneBattle/assets/Scripts/Player.ts as cce:/internal/x/cc.
19:07:20.283 debug: Resolve cc from file:///D:/cocos_zml/zml-cocos2d-games/zml-cocos2d-AirplaneBattle/assets/Scripts/Player.ts as cce:/internal/x/cc.
19:07:20.284 debug: Resolve ./EventManager from file:///D:/cocos_zml/zml-cocos2d-games/zml-cocos2d-AirplaneBattle/assets/Scripts/Player.ts as file:///D:/cocos_zml/zml-cocos2d-games/zml-cocos2d-AirplaneBattle/assets/Scripts/EventManager.ts.
19:07:20.285 debug: Resolve ./Tool from file:///D:/cocos_zml/zml-cocos2d-games/zml-cocos2d-AirplaneBattle/assets/Scripts/Player.ts as file:///D:/cocos_zml/zml-cocos2d-games/zml-cocos2d-AirplaneBattle/assets/Scripts/Tool.ts.
19:07:20.285 debug: Resolve cce:/internal/code-quality/cr.mjs from file:///D:/cocos_zml/zml-cocos2d-games/zml-cocos2d-AirplaneBattle/assets/Scripts/Tool.ts as cce:/internal/code-quality/cr.mjs.
19:07:20.285 debug: Resolve cc from file:///D:/cocos_zml/zml-cocos2d-games/zml-cocos2d-AirplaneBattle/assets/Scripts/Tool.ts as cce:/internal/x/cc.
19:07:20.285 debug: Resolve cc from file:///D:/cocos_zml/zml-cocos2d-games/zml-cocos2d-AirplaneBattle/assets/Scripts/Tool.ts as cce:/internal/x/cc.
19:07:20.285 debug: Resolve cc from file:///D:/cocos_zml/zml-cocos2d-games/zml-cocos2d-AirplaneBattle/assets/Scripts/Tool.ts as cce:/internal/x/cc.
19:07:20.286 debug: Resolve ./EventManager from file:///D:/cocos_zml/zml-cocos2d-games/zml-cocos2d-AirplaneBattle/assets/Scripts/Tool.ts as file:///D:/cocos_zml/zml-cocos2d-games/zml-cocos2d-AirplaneBattle/assets/Scripts/EventManager.ts.
19:07:20.286 debug: Resolve cc from file:///D:/cocos_zml/zml-cocos2d-games/zml-cocos2d-AirplaneBattle/assets/Scripts/StartGame.ts as cce:/internal/x/cc.
19:07:20.286 debug: Resolve cc from file:///D:/cocos_zml/zml-cocos2d-games/zml-cocos2d-AirplaneBattle/assets/Scripts/StartGame.ts as cce:/internal/x/cc.
19:07:20.286 debug: Resolve cc from file:///D:/cocos_zml/zml-cocos2d-games/zml-cocos2d-AirplaneBattle/assets/Scripts/StartGame.ts as cce:/internal/x/cc.
19:07:20.286 debug: Resolve cce:/internal/code-quality/cr.mjs from file:///D:/cocos_zml/zml-cocos2d-games/zml-cocos2d-AirplaneBattle/assets/Scripts/ToolManage.ts as cce:/internal/code-quality/cr.mjs.
19:07:20.286 debug: Resolve cc from file:///D:/cocos_zml/zml-cocos2d-games/zml-cocos2d-AirplaneBattle/assets/Scripts/ToolManage.ts as cce:/internal/x/cc.
19:07:20.286 debug: Resolve cc from file:///D:/cocos_zml/zml-cocos2d-games/zml-cocos2d-AirplaneBattle/assets/Scripts/ToolManage.ts as cce:/internal/x/cc.
19:07:20.286 debug: Resolve cc from file:///D:/cocos_zml/zml-cocos2d-games/zml-cocos2d-AirplaneBattle/assets/Scripts/ToolManage.ts as cce:/internal/x/cc.
19:07:20.287 debug: Resolve ./EventManager from file:///D:/cocos_zml/zml-cocos2d-games/zml-cocos2d-AirplaneBattle/assets/Scripts/ToolManage.ts as file:///D:/cocos_zml/zml-cocos2d-games/zml-cocos2d-AirplaneBattle/assets/Scripts/EventManager.ts.
19:07:20.309 debug: Target(editor) ends with cost 162.04930000000058ms.
19:07:20.309 debug: Target(preview) build started.
19:07:20.312 debug: Detected change: cce:/internal/x/cc. Last mtime: Thu Jan 01 1970 08:00:07 GMT+0800 (中国标准时间), Current mtime: Thu Jan 01 1970 08:00:07 GMT+0800 (中国标准时间)
19:07:20.312 debug: Inspect cce:/internal/x/cc
19:07:20.346 debug: transform url: 'cce:/internal/x/cc' costs: 34.20 ms
19:07:20.348 debug: Resolve cce:/internal/x/cc-fu/2d from cce:/internal/x/cc as external dependency cce:/internal/x/cc-fu/2d.
19:07:20.348 debug: Resolve cce:/internal/x/cc-fu/sorting from cce:/internal/x/cc as external dependency cce:/internal/x/cc-fu/sorting.
19:07:20.349 debug: Resolve cce:/internal/x/cc-fu/affine-transform from cce:/internal/x/cc as external dependency cce:/internal/x/cc-fu/affine-transform.
19:07:20.349 debug: Resolve cce:/internal/x/cc-fu/animation from cce:/internal/x/cc as external dependency cce:/internal/x/cc-fu/animation.
19:07:20.349 debug: Resolve cce:/internal/x/cc-fu/audio from cce:/internal/x/cc as external dependency cce:/internal/x/cc-fu/audio.
19:07:20.349 debug: Resolve cce:/internal/x/cc-fu/base from cce:/internal/x/cc as external dependency cce:/internal/x/cc-fu/base.
19:07:20.349 debug: Resolve cce:/internal/x/cc-fu/custom-pipeline from cce:/internal/x/cc as external dependency cce:/internal/x/cc-fu/custom-pipeline.
19:07:20.349 debug: Resolve cce:/internal/x/cc-fu/dragon-bones from cce:/internal/x/cc as external dependency cce:/internal/x/cc-fu/dragon-bones.
19:07:20.349 debug: Resolve cce:/internal/x/cc-fu/gfx-webgl from cce:/internal/x/cc as external dependency cce:/internal/x/cc-fu/gfx-webgl.
19:07:20.350 debug: Resolve cce:/internal/x/cc-fu/gfx-webgl2 from cce:/internal/x/cc as external dependency cce:/internal/x/cc-fu/gfx-webgl2.
19:07:20.350 debug: Resolve cce:/internal/x/cc-fu/graphics from cce:/internal/x/cc as external dependency cce:/internal/x/cc-fu/graphics.
19:07:20.350 debug: Resolve cce:/internal/x/cc-fu/intersection-2d from cce:/internal/x/cc as external dependency cce:/internal/x/cc-fu/intersection-2d.
19:07:20.350 debug: Resolve cce:/internal/x/cc-fu/mask from cce:/internal/x/cc as external dependency cce:/internal/x/cc-fu/mask.
19:07:20.350 debug: Resolve cce:/internal/x/cc-fu/particle-2d from cce:/internal/x/cc as external dependency cce:/internal/x/cc-fu/particle-2d.
19:07:20.350 debug: Resolve cce:/internal/x/cc-fu/physics-2d-builtin from cce:/internal/x/cc as external dependency cce:/internal/x/cc-fu/physics-2d-builtin.
19:07:20.350 debug: Resolve cce:/internal/x/cc-fu/physics-2d-framework from cce:/internal/x/cc as external dependency cce:/internal/x/cc-fu/physics-2d-framework.
19:07:20.350 debug: Resolve cce:/internal/x/cc-fu/profiler from cce:/internal/x/cc as external dependency cce:/internal/x/cc-fu/profiler.
19:07:20.350 debug: Resolve cce:/internal/x/cc-fu/rich-text from cce:/internal/x/cc as external dependency cce:/internal/x/cc-fu/rich-text.
19:07:20.350 debug: Resolve cce:/internal/x/cc-fu/spine from cce:/internal/x/cc as external dependency cce:/internal/x/cc-fu/spine.
19:07:20.350 debug: Resolve cce:/internal/x/cc-fu/tiled-map from cce:/internal/x/cc as external dependency cce:/internal/x/cc-fu/tiled-map.
19:07:20.350 debug: Resolve cce:/internal/x/cc-fu/tween from cce:/internal/x/cc as external dependency cce:/internal/x/cc-fu/tween.
19:07:20.350 debug: Resolve cce:/internal/x/cc-fu/ui from cce:/internal/x/cc as external dependency cce:/internal/x/cc-fu/ui.
19:07:20.350 debug: Resolve cce:/internal/x/cc-fu/video from cce:/internal/x/cc as external dependency cce:/internal/x/cc-fu/video.
19:07:20.350 debug: Resolve cce:/internal/x/cc-fu/webview from cce:/internal/x/cc as external dependency cce:/internal/x/cc-fu/webview.
19:07:20.350 debug: Detected change: cce:/internal/x/prerequisite-imports. Last mtime: Thu Jan 01 1970 11:58:03 GMT+0800 (中国标准时间), Current mtime: Thu Jan 01 1970 08:00:08 GMT+0800 (中国标准时间)
19:07:20.350 debug: Inspect cce:/internal/x/prerequisite-imports
19:07:20.371 debug: transform url: 'cce:/internal/x/prerequisite-imports' costs: 21.10 ms
19:07:20.374 debug: Resolve file:///D:/cocos_editor/Creator/3.8.8/resources/resources/3d/engine/editor/assets/default_renderpipeline/builtin-dof-pass.ts from cce:/internal/x/prerequisite-imports as file:///D:/cocos_editor/Creator/3.8.8/resources/resources/3d/engine/editor/assets/default_renderpipeline/builtin-dof-pass.ts.
19:07:20.375 debug: Resolve file:///D:/cocos_editor/Creator/3.8.8/resources/resources/3d/engine/editor/assets/default_renderpipeline/builtin-pipeline-pass.ts from cce:/internal/x/prerequisite-imports as file:///D:/cocos_editor/Creator/3.8.8/resources/resources/3d/engine/editor/assets/default_renderpipeline/builtin-pipeline-pass.ts.
19:07:20.376 debug: Resolve file:///D:/cocos_editor/Creator/3.8.8/resources/resources/3d/engine/editor/assets/default_renderpipeline/builtin-pipeline-settings.ts from cce:/internal/x/prerequisite-imports as file:///D:/cocos_editor/Creator/3.8.8/resources/resources/3d/engine/editor/assets/default_renderpipeline/builtin-pipeline-settings.ts.
19:07:20.376 debug: Resolve file:///D:/cocos_editor/Creator/3.8.8/resources/resources/3d/engine/editor/assets/default_renderpipeline/builtin-pipeline-types.ts from cce:/internal/x/prerequisite-imports as file:///D:/cocos_editor/Creator/3.8.8/resources/resources/3d/engine/editor/assets/default_renderpipeline/builtin-pipeline-types.ts.
19:07:20.377 debug: Resolve file:///D:/cocos_editor/Creator/3.8.8/resources/resources/3d/engine/editor/assets/default_renderpipeline/builtin-pipeline.ts from cce:/internal/x/prerequisite-imports as file:///D:/cocos_editor/Creator/3.8.8/resources/resources/3d/engine/editor/assets/default_renderpipeline/builtin-pipeline.ts.
19:07:20.378 debug: Resolve file:///D:/cocos_editor/Creator/3.8.8/resources/resources/3d/engine/editor/assets/tools/debug-view-runtime-control.ts from cce:/internal/x/prerequisite-imports as file:///D:/cocos_editor/Creator/3.8.8/resources/resources/3d/engine/editor/assets/tools/debug-view-runtime-control.ts.
19:07:20.379 debug: Resolve file:///D:/cocos_zml/zml-cocos2d-games/zml-cocos2d-AirplaneBattle/assets/Scripts/Bg.ts from cce:/internal/x/prerequisite-imports as file:///D:/cocos_zml/zml-cocos2d-games/zml-cocos2d-AirplaneBattle/assets/Scripts/Bg.ts.
19:07:20.380 debug: Resolve file:///D:/cocos_zml/zml-cocos2d-games/zml-cocos2d-AirplaneBattle/assets/Scripts/Bullet.ts from cce:/internal/x/prerequisite-imports as file:///D:/cocos_zml/zml-cocos2d-games/zml-cocos2d-AirplaneBattle/assets/Scripts/Bullet.ts.
19:07:20.380 debug: Resolve file:///D:/cocos_zml/zml-cocos2d-games/zml-cocos2d-AirplaneBattle/assets/Scripts/Enemy.ts from cce:/internal/x/prerequisite-imports as file:///D:/cocos_zml/zml-cocos2d-games/zml-cocos2d-AirplaneBattle/assets/Scripts/Enemy.ts.
19:07:20.381 debug: Resolve file:///D:/cocos_zml/zml-cocos2d-games/zml-cocos2d-AirplaneBattle/assets/Scripts/EnemyManage.ts from cce:/internal/x/prerequisite-imports as file:///D:/cocos_zml/zml-cocos2d-games/zml-cocos2d-AirplaneBattle/assets/Scripts/EnemyManage.ts.
19:07:20.381 debug: Resolve file:///D:/cocos_zml/zml-cocos2d-games/zml-cocos2d-AirplaneBattle/assets/Scripts/EventManager.ts from cce:/internal/x/prerequisite-imports as file:///D:/cocos_zml/zml-cocos2d-games/zml-cocos2d-AirplaneBattle/assets/Scripts/EventManager.ts.
19:07:20.382 debug: Resolve file:///D:/cocos_zml/zml-cocos2d-games/zml-cocos2d-AirplaneBattle/assets/Scripts/Player.ts from cce:/internal/x/prerequisite-imports as file:///D:/cocos_zml/zml-cocos2d-games/zml-cocos2d-AirplaneBattle/assets/Scripts/Player.ts.
19:07:20.382 debug: Resolve file:///D:/cocos_zml/zml-cocos2d-games/zml-cocos2d-AirplaneBattle/assets/Scripts/StartGame.ts from cce:/internal/x/prerequisite-imports as file:///D:/cocos_zml/zml-cocos2d-games/zml-cocos2d-AirplaneBattle/assets/Scripts/StartGame.ts.
19:07:20.383 debug: Resolve file:///D:/cocos_zml/zml-cocos2d-games/zml-cocos2d-AirplaneBattle/assets/Scripts/Tool.ts from cce:/internal/x/prerequisite-imports as file:///D:/cocos_zml/zml-cocos2d-games/zml-cocos2d-AirplaneBattle/assets/Scripts/Tool.ts.
19:07:20.383 debug: Resolve file:///D:/cocos_zml/zml-cocos2d-games/zml-cocos2d-AirplaneBattle/assets/Scripts/ToolManage.ts from cce:/internal/x/prerequisite-imports as file:///D:/cocos_zml/zml-cocos2d-games/zml-cocos2d-AirplaneBattle/assets/Scripts/ToolManage.ts.
19:07:20.383 debug: Resolve cce:/internal/code-quality/cr.mjs from file:///D:/cocos_editor/Creator/3.8.8/resources/resources/3d/engine/editor/assets/default_renderpipeline/builtin-dof-pass.ts as cce:/internal/code-quality/cr.mjs.
19:07:20.384 debug: Detected change: cce:/internal/code-quality/cr.mjs. Last mtime: Wed Apr 22 2026 14:52:27 GMT+0800 (中国标准时间), Current mtime: Fri Apr 24 2026 19:07:12 GMT+0800 (中国标准时间)
19:07:20.384 debug: Inspect cce:/internal/code-quality/cr.mjs
19:07:20.398 debug: transform url: 'cce:/internal/code-quality/cr.mjs' costs: 14.40 ms
19:07:20.400 debug: Resolve cc from file:///D:/cocos_editor/Creator/3.8.8/resources/resources/3d/engine/editor/assets/default_renderpipeline/builtin-dof-pass.ts as cce:/internal/x/cc.
19:07:20.400 debug: Resolve cc from file:///D:/cocos_editor/Creator/3.8.8/resources/resources/3d/engine/editor/assets/default_renderpipeline/builtin-dof-pass.ts as cce:/internal/x/cc.
19:07:20.400 debug: Resolve cc from file:///D:/cocos_editor/Creator/3.8.8/resources/resources/3d/engine/editor/assets/default_renderpipeline/builtin-dof-pass.ts as cce:/internal/x/cc.
19:07:20.400 debug: Resolve cc/env from file:///D:/cocos_editor/Creator/3.8.8/resources/resources/3d/engine/editor/assets/default_renderpipeline/builtin-dof-pass.ts as external dependency cc/env.
19:07:20.402 debug: Resolve ./builtin-pipeline-settings from file:///D:/cocos_editor/Creator/3.8.8/resources/resources/3d/engine/editor/assets/default_renderpipeline/builtin-dof-pass.ts as file:///D:/cocos_editor/Creator/3.8.8/resources/resources/3d/engine/editor/assets/default_renderpipeline/builtin-pipeline-settings.ts.
19:07:20.403 debug: Resolve ./builtin-pipeline-pass from file:///D:/cocos_editor/Creator/3.8.8/resources/resources/3d/engine/editor/assets/default_renderpipeline/builtin-dof-pass.ts as file:///D:/cocos_editor/Creator/3.8.8/resources/resources/3d/engine/editor/assets/default_renderpipeline/builtin-pipeline-pass.ts.
19:07:20.404 debug: Resolve ./builtin-pipeline from file:///D:/cocos_editor/Creator/3.8.8/resources/resources/3d/engine/editor/assets/default_renderpipeline/builtin-dof-pass.ts as file:///D:/cocos_editor/Creator/3.8.8/resources/resources/3d/engine/editor/assets/default_renderpipeline/builtin-pipeline.ts.
19:07:20.404 debug: Resolve cce:/internal/code-quality/cr.mjs from file:///D:/cocos_editor/Creator/3.8.8/resources/resources/3d/engine/editor/assets/default_renderpipeline/builtin-pipeline-settings.ts as cce:/internal/code-quality/cr.mjs.
19:07:20.404 debug: Resolve cc from file:///D:/cocos_editor/Creator/3.8.8/resources/resources/3d/engine/editor/assets/default_renderpipeline/builtin-pipeline-settings.ts as cce:/internal/x/cc.
19:07:20.404 debug: Resolve cc from file:///D:/cocos_editor/Creator/3.8.8/resources/resources/3d/engine/editor/assets/default_renderpipeline/builtin-pipeline-settings.ts as cce:/internal/x/cc.
19:07:20.404 debug: Resolve cc from file:///D:/cocos_editor/Creator/3.8.8/resources/resources/3d/engine/editor/assets/default_renderpipeline/builtin-pipeline-settings.ts as cce:/internal/x/cc.
19:07:20.404 debug: Resolve cc/env from file:///D:/cocos_editor/Creator/3.8.8/resources/resources/3d/engine/editor/assets/default_renderpipeline/builtin-pipeline-settings.ts as external dependency cc/env.
19:07:20.405 debug: Resolve ./builtin-pipeline-types from file:///D:/cocos_editor/Creator/3.8.8/resources/resources/3d/engine/editor/assets/default_renderpipeline/builtin-pipeline-settings.ts as file:///D:/cocos_editor/Creator/3.8.8/resources/resources/3d/engine/editor/assets/default_renderpipeline/builtin-pipeline-types.ts.
19:07:20.405 debug: Resolve cc from file:///D:/cocos_editor/Creator/3.8.8/resources/resources/3d/engine/editor/assets/default_renderpipeline/builtin-pipeline-types.ts as cce:/internal/x/cc.
19:07:20.405 debug: Resolve cc from file:///D:/cocos_editor/Creator/3.8.8/resources/resources/3d/engine/editor/assets/default_renderpipeline/builtin-pipeline-types.ts as cce:/internal/x/cc.
19:07:20.405 debug: Resolve cc from file:///D:/cocos_editor/Creator/3.8.8/resources/resources/3d/engine/editor/assets/default_renderpipeline/builtin-pipeline-types.ts as cce:/internal/x/cc.
19:07:20.406 debug: Resolve cce:/internal/code-quality/cr.mjs from file:///D:/cocos_editor/Creator/3.8.8/resources/resources/3d/engine/editor/assets/default_renderpipeline/builtin-pipeline-pass.ts as cce:/internal/code-quality/cr.mjs.
19:07:20.406 debug: Resolve cc from file:///D:/cocos_editor/Creator/3.8.8/resources/resources/3d/engine/editor/assets/default_renderpipeline/builtin-pipeline-pass.ts as cce:/internal/x/cc.
19:07:20.406 debug: Resolve cc from file:///D:/cocos_editor/Creator/3.8.8/resources/resources/3d/engine/editor/assets/default_renderpipeline/builtin-pipeline-pass.ts as cce:/internal/x/cc.
19:07:20.406 debug: Resolve cc from file:///D:/cocos_editor/Creator/3.8.8/resources/resources/3d/engine/editor/assets/default_renderpipeline/builtin-pipeline-pass.ts as cce:/internal/x/cc.
19:07:20.406 debug: Resolve ./builtin-pipeline-settings from file:///D:/cocos_editor/Creator/3.8.8/resources/resources/3d/engine/editor/assets/default_renderpipeline/builtin-pipeline-pass.ts as file:///D:/cocos_editor/Creator/3.8.8/resources/resources/3d/engine/editor/assets/default_renderpipeline/builtin-pipeline-settings.ts.
19:07:20.406 debug: Resolve cc/env from file:///D:/cocos_editor/Creator/3.8.8/resources/resources/3d/engine/editor/assets/default_renderpipeline/builtin-pipeline-pass.ts as external dependency cc/env.
19:07:20.406 debug: Resolve cce:/internal/code-quality/cr.mjs from file:///D:/cocos_editor/Creator/3.8.8/resources/resources/3d/engine/editor/assets/default_renderpipeline/builtin-pipeline.ts as cce:/internal/code-quality/cr.mjs.
19:07:20.407 debug: Resolve cc from file:///D:/cocos_editor/Creator/3.8.8/resources/resources/3d/engine/editor/assets/default_renderpipeline/builtin-pipeline.ts as cce:/internal/x/cc.
19:07:20.407 debug: Resolve cc from file:///D:/cocos_editor/Creator/3.8.8/resources/resources/3d/engine/editor/assets/default_renderpipeline/builtin-pipeline.ts as cce:/internal/x/cc.
19:07:20.407 debug: Resolve cc from file:///D:/cocos_editor/Creator/3.8.8/resources/resources/3d/engine/editor/assets/default_renderpipeline/builtin-pipeline.ts as cce:/internal/x/cc.
19:07:20.407 debug: Resolve cc/env from file:///D:/cocos_editor/Creator/3.8.8/resources/resources/3d/engine/editor/assets/default_renderpipeline/builtin-pipeline.ts as external dependency cc/env.
19:07:20.408 debug: Resolve ./builtin-pipeline-types from file:///D:/cocos_editor/Creator/3.8.8/resources/resources/3d/engine/editor/assets/default_renderpipeline/builtin-pipeline.ts as file:///D:/cocos_editor/Creator/3.8.8/resources/resources/3d/engine/editor/assets/default_renderpipeline/builtin-pipeline-types.ts.
19:07:20.408 debug: Resolve cc from file:///D:/cocos_editor/Creator/3.8.8/resources/resources/3d/engine/editor/assets/tools/debug-view-runtime-control.ts as cce:/internal/x/cc.
19:07:20.408 debug: Resolve cc from file:///D:/cocos_editor/Creator/3.8.8/resources/resources/3d/engine/editor/assets/tools/debug-view-runtime-control.ts as cce:/internal/x/cc.
19:07:20.408 debug: Resolve cc from file:///D:/cocos_editor/Creator/3.8.8/resources/resources/3d/engine/editor/assets/tools/debug-view-runtime-control.ts as cce:/internal/x/cc.
19:07:20.408 debug: Resolve cce:/internal/code-quality/cr.mjs from file:///D:/cocos_zml/zml-cocos2d-games/zml-cocos2d-AirplaneBattle/assets/Scripts/Bg.ts as cce:/internal/code-quality/cr.mjs.
19:07:20.408 debug: Resolve cc from file:///D:/cocos_zml/zml-cocos2d-games/zml-cocos2d-AirplaneBattle/assets/Scripts/Bg.ts as cce:/internal/x/cc.
19:07:20.408 debug: Resolve cc from file:///D:/cocos_zml/zml-cocos2d-games/zml-cocos2d-AirplaneBattle/assets/Scripts/Bg.ts as cce:/internal/x/cc.
19:07:20.408 debug: Resolve cc from file:///D:/cocos_zml/zml-cocos2d-games/zml-cocos2d-AirplaneBattle/assets/Scripts/Bg.ts as cce:/internal/x/cc.
19:07:20.409 debug: Resolve ./EventManager from file:///D:/cocos_zml/zml-cocos2d-games/zml-cocos2d-AirplaneBattle/assets/Scripts/Bg.ts as file:///D:/cocos_zml/zml-cocos2d-games/zml-cocos2d-AirplaneBattle/assets/Scripts/EventManager.ts.
19:07:20.409 debug: Resolve cc from file:///D:/cocos_zml/zml-cocos2d-games/zml-cocos2d-AirplaneBattle/assets/Scripts/EventManager.ts as cce:/internal/x/cc.
19:07:20.409 debug: Resolve cc from file:///D:/cocos_zml/zml-cocos2d-games/zml-cocos2d-AirplaneBattle/assets/Scripts/EventManager.ts as cce:/internal/x/cc.
19:07:20.409 debug: Resolve cc from file:///D:/cocos_zml/zml-cocos2d-games/zml-cocos2d-AirplaneBattle/assets/Scripts/EventManager.ts as cce:/internal/x/cc.
19:07:20.409 debug: Resolve cc from file:///D:/cocos_zml/zml-cocos2d-games/zml-cocos2d-AirplaneBattle/assets/Scripts/Bullet.ts as cce:/internal/x/cc.
19:07:20.411 debug: Resolve cc from file:///D:/cocos_zml/zml-cocos2d-games/zml-cocos2d-AirplaneBattle/assets/Scripts/Bullet.ts as cce:/internal/x/cc.
19:07:20.411 debug: Resolve cc from file:///D:/cocos_zml/zml-cocos2d-games/zml-cocos2d-AirplaneBattle/assets/Scripts/Bullet.ts as cce:/internal/x/cc.
19:07:20.411 debug: Resolve cce:/internal/code-quality/cr.mjs from file:///D:/cocos_zml/zml-cocos2d-games/zml-cocos2d-AirplaneBattle/assets/Scripts/Enemy.ts as cce:/internal/code-quality/cr.mjs.
19:07:20.411 debug: Resolve cc from file:///D:/cocos_zml/zml-cocos2d-games/zml-cocos2d-AirplaneBattle/assets/Scripts/Enemy.ts as cce:/internal/x/cc.
19:07:20.411 debug: Resolve cc from file:///D:/cocos_zml/zml-cocos2d-games/zml-cocos2d-AirplaneBattle/assets/Scripts/Enemy.ts as cce:/internal/x/cc.
19:07:20.412 debug: Resolve cc from file:///D:/cocos_zml/zml-cocos2d-games/zml-cocos2d-AirplaneBattle/assets/Scripts/Enemy.ts as cce:/internal/x/cc.
19:07:20.412 debug: Resolve ./EventManager from file:///D:/cocos_zml/zml-cocos2d-games/zml-cocos2d-AirplaneBattle/assets/Scripts/Enemy.ts as file:///D:/cocos_zml/zml-cocos2d-games/zml-cocos2d-AirplaneBattle/assets/Scripts/EventManager.ts.
19:07:20.412 debug: Resolve cce:/internal/code-quality/cr.mjs from file:///D:/cocos_zml/zml-cocos2d-games/zml-cocos2d-AirplaneBattle/assets/Scripts/EnemyManage.ts as cce:/internal/code-quality/cr.mjs.
19:07:20.412 debug: Resolve cc from file:///D:/cocos_zml/zml-cocos2d-games/zml-cocos2d-AirplaneBattle/assets/Scripts/EnemyManage.ts as cce:/internal/x/cc.
19:07:20.412 debug: Resolve cc from file:///D:/cocos_zml/zml-cocos2d-games/zml-cocos2d-AirplaneBattle/assets/Scripts/EnemyManage.ts as cce:/internal/x/cc.
19:07:20.412 debug: Resolve cc from file:///D:/cocos_zml/zml-cocos2d-games/zml-cocos2d-AirplaneBattle/assets/Scripts/EnemyManage.ts as cce:/internal/x/cc.
19:07:20.413 debug: Resolve ./EventManager from file:///D:/cocos_zml/zml-cocos2d-games/zml-cocos2d-AirplaneBattle/assets/Scripts/EnemyManage.ts as file:///D:/cocos_zml/zml-cocos2d-games/zml-cocos2d-AirplaneBattle/assets/Scripts/EventManager.ts.
19:07:20.413 debug: Resolve cce:/internal/code-quality/cr.mjs from file:///D:/cocos_zml/zml-cocos2d-games/zml-cocos2d-AirplaneBattle/assets/Scripts/Player.ts as cce:/internal/code-quality/cr.mjs.
19:07:20.413 debug: Resolve cc from file:///D:/cocos_zml/zml-cocos2d-games/zml-cocos2d-AirplaneBattle/assets/Scripts/Player.ts as cce:/internal/x/cc.
19:07:20.413 debug: Resolve cc from file:///D:/cocos_zml/zml-cocos2d-games/zml-cocos2d-AirplaneBattle/assets/Scripts/Player.ts as cce:/internal/x/cc.
19:07:20.413 debug: Resolve cc from file:///D:/cocos_zml/zml-cocos2d-games/zml-cocos2d-AirplaneBattle/assets/Scripts/Player.ts as cce:/internal/x/cc.
19:07:20.414 debug: Resolve ./EventManager from file:///D:/cocos_zml/zml-cocos2d-games/zml-cocos2d-AirplaneBattle/assets/Scripts/Player.ts as file:///D:/cocos_zml/zml-cocos2d-games/zml-cocos2d-AirplaneBattle/assets/Scripts/EventManager.ts.
19:07:20.415 debug: Resolve ./Tool from file:///D:/cocos_zml/zml-cocos2d-games/zml-cocos2d-AirplaneBattle/assets/Scripts/Player.ts as file:///D:/cocos_zml/zml-cocos2d-games/zml-cocos2d-AirplaneBattle/assets/Scripts/Tool.ts.
19:07:20.415 debug: Resolve cce:/internal/code-quality/cr.mjs from file:///D:/cocos_zml/zml-cocos2d-games/zml-cocos2d-AirplaneBattle/assets/Scripts/Tool.ts as cce:/internal/code-quality/cr.mjs.
19:07:20.415 debug: Resolve cc from file:///D:/cocos_zml/zml-cocos2d-games/zml-cocos2d-AirplaneBattle/assets/Scripts/Tool.ts as cce:/internal/x/cc.
19:07:20.415 debug: Resolve cc from file:///D:/cocos_zml/zml-cocos2d-games/zml-cocos2d-AirplaneBattle/assets/Scripts/Tool.ts as cce:/internal/x/cc.
19:07:20.415 debug: Resolve cc from file:///D:/cocos_zml/zml-cocos2d-games/zml-cocos2d-AirplaneBattle/assets/Scripts/Tool.ts as cce:/internal/x/cc.
19:07:20.416 debug: Resolve ./EventManager from file:///D:/cocos_zml/zml-cocos2d-games/zml-cocos2d-AirplaneBattle/assets/Scripts/Tool.ts as file:///D:/cocos_zml/zml-cocos2d-games/zml-cocos2d-AirplaneBattle/assets/Scripts/EventManager.ts.
19:07:20.416 debug: Resolve cc from file:///D:/cocos_zml/zml-cocos2d-games/zml-cocos2d-AirplaneBattle/assets/Scripts/StartGame.ts as cce:/internal/x/cc.
19:07:20.416 debug: Resolve cc from file:///D:/cocos_zml/zml-cocos2d-games/zml-cocos2d-AirplaneBattle/assets/Scripts/StartGame.ts as cce:/internal/x/cc.
19:07:20.416 debug: Resolve cc from file:///D:/cocos_zml/zml-cocos2d-games/zml-cocos2d-AirplaneBattle/assets/Scripts/StartGame.ts as cce:/internal/x/cc.
19:07:20.416 debug: Resolve cce:/internal/code-quality/cr.mjs from file:///D:/cocos_zml/zml-cocos2d-games/zml-cocos2d-AirplaneBattle/assets/Scripts/ToolManage.ts as cce:/internal/code-quality/cr.mjs.
19:07:20.416 debug: Resolve cc from file:///D:/cocos_zml/zml-cocos2d-games/zml-cocos2d-AirplaneBattle/assets/Scripts/ToolManage.ts as cce:/internal/x/cc.
19:07:20.416 debug: Resolve cc from file:///D:/cocos_zml/zml-cocos2d-games/zml-cocos2d-AirplaneBattle/assets/Scripts/ToolManage.ts as cce:/internal/x/cc.
19:07:20.416 debug: Resolve cc from file:///D:/cocos_zml/zml-cocos2d-games/zml-cocos2d-AirplaneBattle/assets/Scripts/ToolManage.ts as cce:/internal/x/cc.
19:07:20.417 debug: Resolve ./EventManager from file:///D:/cocos_zml/zml-cocos2d-games/zml-cocos2d-AirplaneBattle/assets/Scripts/ToolManage.ts as file:///D:/cocos_zml/zml-cocos2d-games/zml-cocos2d-AirplaneBattle/assets/Scripts/EventManager.ts.
19:07:20.430 debug: Target(preview) ends with cost 120.79110000000037ms.
19:07:21.633 debug: Pulling asset-db.
19:07:22.041 debug: Fetch asset-db cost: 408.20650000000023ms.
19:07:22.043 debug: Build iteration starts.
Number of accumulated asset changes: 15
Feature changed: false
19:07:22.044 debug: Target(editor) build started.
19:07:22.046 debug: Detected change: cce:/internal/x/prerequisite-imports. Last mtime: Thu Jan 01 1970 08:00:07 GMT+0800 (中国标准时间), Current mtime: Thu Jan 01 1970 08:00:09 GMT+0800 (中国标准时间)
19:07:22.046 debug: Inspect cce:/internal/x/prerequisite-imports
19:07:22.061 debug: transform url: 'cce:/internal/x/prerequisite-imports' costs: 15.00 ms
19:07:22.064 debug: Resolve file:///D:/cocos_editor/Creator/3.8.8/resources/resources/3d/engine/editor/assets/default_renderpipeline/builtin-dof-pass.ts from cce:/internal/x/prerequisite-imports as file:///D:/cocos_editor/Creator/3.8.8/resources/resources/3d/engine/editor/assets/default_renderpipeline/builtin-dof-pass.ts.
19:07:22.065 debug: Resolve file:///D:/cocos_editor/Creator/3.8.8/resources/resources/3d/engine/editor/assets/default_renderpipeline/builtin-pipeline-pass.ts from cce:/internal/x/prerequisite-imports as file:///D:/cocos_editor/Creator/3.8.8/resources/resources/3d/engine/editor/assets/default_renderpipeline/builtin-pipeline-pass.ts.
19:07:22.066 debug: Resolve file:///D:/cocos_editor/Creator/3.8.8/resources/resources/3d/engine/editor/assets/default_renderpipeline/builtin-pipeline-settings.ts from cce:/internal/x/prerequisite-imports as file:///D:/cocos_editor/Creator/3.8.8/resources/resources/3d/engine/editor/assets/default_renderpipeline/builtin-pipeline-settings.ts.
19:07:22.067 debug: Resolve file:///D:/cocos_editor/Creator/3.8.8/resources/resources/3d/engine/editor/assets/default_renderpipeline/builtin-pipeline-types.ts from cce:/internal/x/prerequisite-imports as file:///D:/cocos_editor/Creator/3.8.8/resources/resources/3d/engine/editor/assets/default_renderpipeline/builtin-pipeline-types.ts.
19:07:22.068 debug: Resolve file:///D:/cocos_editor/Creator/3.8.8/resources/resources/3d/engine/editor/assets/default_renderpipeline/builtin-pipeline.ts from cce:/internal/x/prerequisite-imports as file:///D:/cocos_editor/Creator/3.8.8/resources/resources/3d/engine/editor/assets/default_renderpipeline/builtin-pipeline.ts.
19:07:22.069 debug: Resolve file:///D:/cocos_editor/Creator/3.8.8/resources/resources/3d/engine/editor/assets/tools/debug-view-runtime-control.ts from cce:/internal/x/prerequisite-imports as file:///D:/cocos_editor/Creator/3.8.8/resources/resources/3d/engine/editor/assets/tools/debug-view-runtime-control.ts.
19:07:22.070 debug: Resolve file:///D:/cocos_zml/zml-cocos2d-games/zml-cocos2d-AirplaneBattle/assets/Scripts/Bg.ts from cce:/internal/x/prerequisite-imports as file:///D:/cocos_zml/zml-cocos2d-games/zml-cocos2d-AirplaneBattle/assets/Scripts/Bg.ts.
19:07:22.070 debug: Resolve file:///D:/cocos_zml/zml-cocos2d-games/zml-cocos2d-AirplaneBattle/assets/Scripts/Bullet.ts from cce:/internal/x/prerequisite-imports as file:///D:/cocos_zml/zml-cocos2d-games/zml-cocos2d-AirplaneBattle/assets/Scripts/Bullet.ts.
19:07:22.071 debug: Resolve file:///D:/cocos_zml/zml-cocos2d-games/zml-cocos2d-AirplaneBattle/assets/Scripts/Enemy.ts from cce:/internal/x/prerequisite-imports as file:///D:/cocos_zml/zml-cocos2d-games/zml-cocos2d-AirplaneBattle/assets/Scripts/Enemy.ts.
19:07:22.071 debug: Resolve file:///D:/cocos_zml/zml-cocos2d-games/zml-cocos2d-AirplaneBattle/assets/Scripts/EnemyManage.ts from cce:/internal/x/prerequisite-imports as file:///D:/cocos_zml/zml-cocos2d-games/zml-cocos2d-AirplaneBattle/assets/Scripts/EnemyManage.ts.
19:07:22.072 debug: Resolve file:///D:/cocos_zml/zml-cocos2d-games/zml-cocos2d-AirplaneBattle/assets/Scripts/EventManager.ts from cce:/internal/x/prerequisite-imports as file:///D:/cocos_zml/zml-cocos2d-games/zml-cocos2d-AirplaneBattle/assets/Scripts/EventManager.ts.
19:07:22.072 debug: Resolve file:///D:/cocos_zml/zml-cocos2d-games/zml-cocos2d-AirplaneBattle/assets/Scripts/Player.ts from cce:/internal/x/prerequisite-imports as file:///D:/cocos_zml/zml-cocos2d-games/zml-cocos2d-AirplaneBattle/assets/Scripts/Player.ts.
19:07:22.073 debug: Resolve file:///D:/cocos_zml/zml-cocos2d-games/zml-cocos2d-AirplaneBattle/assets/Scripts/StartGame.ts from cce:/internal/x/prerequisite-imports as file:///D:/cocos_zml/zml-cocos2d-games/zml-cocos2d-AirplaneBattle/assets/Scripts/StartGame.ts.
19:07:22.074 debug: Resolve file:///D:/cocos_zml/zml-cocos2d-games/zml-cocos2d-AirplaneBattle/assets/Scripts/Tool.ts from cce:/internal/x/prerequisite-imports as file:///D:/cocos_zml/zml-cocos2d-games/zml-cocos2d-AirplaneBattle/assets/Scripts/Tool.ts.
19:07:22.075 debug: Resolve file:///D:/cocos_zml/zml-cocos2d-games/zml-cocos2d-AirplaneBattle/assets/Scripts/ToolManage.ts from cce:/internal/x/prerequisite-imports as file:///D:/cocos_zml/zml-cocos2d-games/zml-cocos2d-AirplaneBattle/assets/Scripts/ToolManage.ts.
19:07:22.090 debug: Target(editor) ends with cost 45.90639999999985ms.
19:07:22.090 debug: Target(preview) build started.
19:07:22.093 debug: Detected change: cce:/internal/x/prerequisite-imports. Last mtime: Thu Jan 01 1970 08:00:08 GMT+0800 (中国标准时间), Current mtime: Thu Jan 01 1970 08:00:09 GMT+0800 (中国标准时间)
19:07:22.093 debug: Inspect cce:/internal/x/prerequisite-imports
19:07:22.108 debug: transform url: 'cce:/internal/x/prerequisite-imports' costs: 15.40 ms
19:07:22.111 debug: Resolve file:///D:/cocos_editor/Creator/3.8.8/resources/resources/3d/engine/editor/assets/default_renderpipeline/builtin-dof-pass.ts from cce:/internal/x/prerequisite-imports as file:///D:/cocos_editor/Creator/3.8.8/resources/resources/3d/engine/editor/assets/default_renderpipeline/builtin-dof-pass.ts.
19:07:22.112 debug: Resolve file:///D:/cocos_editor/Creator/3.8.8/resources/resources/3d/engine/editor/assets/default_renderpipeline/builtin-pipeline-pass.ts from cce:/internal/x/prerequisite-imports as file:///D:/cocos_editor/Creator/3.8.8/resources/resources/3d/engine/editor/assets/default_renderpipeline/builtin-pipeline-pass.ts.
19:07:22.113 debug: Resolve file:///D:/cocos_editor/Creator/3.8.8/resources/resources/3d/engine/editor/assets/default_renderpipeline/builtin-pipeline-settings.ts from cce:/internal/x/prerequisite-imports as file:///D:/cocos_editor/Creator/3.8.8/resources/resources/3d/engine/editor/assets/default_renderpipeline/builtin-pipeline-settings.ts.
19:07:22.114 debug: Resolve file:///D:/cocos_editor/Creator/3.8.8/resources/resources/3d/engine/editor/assets/default_renderpipeline/builtin-pipeline-types.ts from cce:/internal/x/prerequisite-imports as file:///D:/cocos_editor/Creator/3.8.8/resources/resources/3d/engine/editor/assets/default_renderpipeline/builtin-pipeline-types.ts.
19:07:22.114 debug: Resolve file:///D:/cocos_editor/Creator/3.8.8/resources/resources/3d/engine/editor/assets/default_renderpipeline/builtin-pipeline.ts from cce:/internal/x/prerequisite-imports as file:///D:/cocos_editor/Creator/3.8.8/resources/resources/3d/engine/editor/assets/default_renderpipeline/builtin-pipeline.ts.
19:07:22.115 debug: Resolve file:///D:/cocos_editor/Creator/3.8.8/resources/resources/3d/engine/editor/assets/tools/debug-view-runtime-control.ts from cce:/internal/x/prerequisite-imports as file:///D:/cocos_editor/Creator/3.8.8/resources/resources/3d/engine/editor/assets/tools/debug-view-runtime-control.ts.
19:07:22.115 debug: Resolve file:///D:/cocos_zml/zml-cocos2d-games/zml-cocos2d-AirplaneBattle/assets/Scripts/Bg.ts from cce:/internal/x/prerequisite-imports as file:///D:/cocos_zml/zml-cocos2d-games/zml-cocos2d-AirplaneBattle/assets/Scripts/Bg.ts.
19:07:22.116 debug: Resolve file:///D:/cocos_zml/zml-cocos2d-games/zml-cocos2d-AirplaneBattle/assets/Scripts/Bullet.ts from cce:/internal/x/prerequisite-imports as file:///D:/cocos_zml/zml-cocos2d-games/zml-cocos2d-AirplaneBattle/assets/Scripts/Bullet.ts.
19:07:22.116 debug: Resolve file:///D:/cocos_zml/zml-cocos2d-games/zml-cocos2d-AirplaneBattle/assets/Scripts/Enemy.ts from cce:/internal/x/prerequisite-imports as file:///D:/cocos_zml/zml-cocos2d-games/zml-cocos2d-AirplaneBattle/assets/Scripts/Enemy.ts.
19:07:22.117 debug: Resolve file:///D:/cocos_zml/zml-cocos2d-games/zml-cocos2d-AirplaneBattle/assets/Scripts/EnemyManage.ts from cce:/internal/x/prerequisite-imports as file:///D:/cocos_zml/zml-cocos2d-games/zml-cocos2d-AirplaneBattle/assets/Scripts/EnemyManage.ts.
19:07:22.117 debug: Resolve file:///D:/cocos_zml/zml-cocos2d-games/zml-cocos2d-AirplaneBattle/assets/Scripts/EventManager.ts from cce:/internal/x/prerequisite-imports as file:///D:/cocos_zml/zml-cocos2d-games/zml-cocos2d-AirplaneBattle/assets/Scripts/EventManager.ts.
19:07:22.118 debug: Resolve file:///D:/cocos_zml/zml-cocos2d-games/zml-cocos2d-AirplaneBattle/assets/Scripts/Player.ts from cce:/internal/x/prerequisite-imports as file:///D:/cocos_zml/zml-cocos2d-games/zml-cocos2d-AirplaneBattle/assets/Scripts/Player.ts.
19:07:22.119 debug: Resolve file:///D:/cocos_zml/zml-cocos2d-games/zml-cocos2d-AirplaneBattle/assets/Scripts/StartGame.ts from cce:/internal/x/prerequisite-imports as file:///D:/cocos_zml/zml-cocos2d-games/zml-cocos2d-AirplaneBattle/assets/Scripts/StartGame.ts.
19:07:22.119 debug: Resolve file:///D:/cocos_zml/zml-cocos2d-games/zml-cocos2d-AirplaneBattle/assets/Scripts/Tool.ts from cce:/internal/x/prerequisite-imports as file:///D:/cocos_zml/zml-cocos2d-games/zml-cocos2d-AirplaneBattle/assets/Scripts/Tool.ts.
19:07:22.120 debug: Resolve file:///D:/cocos_zml/zml-cocos2d-games/zml-cocos2d-AirplaneBattle/assets/Scripts/ToolManage.ts from cce:/internal/x/prerequisite-imports as file:///D:/cocos_zml/zml-cocos2d-games/zml-cocos2d-AirplaneBattle/assets/Scripts/ToolManage.ts.
19:07:22.136 debug: Target(preview) ends with cost 45.95430000000124ms.
20:34:13.454 debug: Dispatch build request for time accumulated 1 asset changes.
20:34:13.461 debug: Build iteration starts.
Number of accumulated asset changes: 1
Feature changed: false
20:34:13.462 debug: Target(editor) build started.
20:34:13.467 debug: Detected change: cce:/internal/x/prerequisite-imports. Last mtime: Thu Jan 01 1970 08:00:09 GMT+0800 (中国标准时间), Current mtime: Thu Jan 01 1970 09:27:01 GMT+0800 (中国标准时间)
20:34:13.468 debug: Inspect cce:/internal/x/prerequisite-imports
20:34:13.508 debug: transform url: 'cce:/internal/x/prerequisite-imports' costs: 39.90 ms
20:34:13.510 debug: Resolve file:///D:/cocos_editor/Creator/3.8.8/resources/resources/3d/engine/editor/assets/default_renderpipeline/builtin-dof-pass.ts from cce:/internal/x/prerequisite-imports as file:///D:/cocos_editor/Creator/3.8.8/resources/resources/3d/engine/editor/assets/default_renderpipeline/builtin-dof-pass.ts.
20:34:13.511 debug: Resolve file:///D:/cocos_editor/Creator/3.8.8/resources/resources/3d/engine/editor/assets/default_renderpipeline/builtin-pipeline-pass.ts from cce:/internal/x/prerequisite-imports as file:///D:/cocos_editor/Creator/3.8.8/resources/resources/3d/engine/editor/assets/default_renderpipeline/builtin-pipeline-pass.ts.
20:34:13.511 debug: Resolve file:///D:/cocos_editor/Creator/3.8.8/resources/resources/3d/engine/editor/assets/default_renderpipeline/builtin-pipeline-settings.ts from cce:/internal/x/prerequisite-imports as file:///D:/cocos_editor/Creator/3.8.8/resources/resources/3d/engine/editor/assets/default_renderpipeline/builtin-pipeline-settings.ts.
20:34:13.512 debug: Resolve file:///D:/cocos_editor/Creator/3.8.8/resources/resources/3d/engine/editor/assets/default_renderpipeline/builtin-pipeline-types.ts from cce:/internal/x/prerequisite-imports as file:///D:/cocos_editor/Creator/3.8.8/resources/resources/3d/engine/editor/assets/default_renderpipeline/builtin-pipeline-types.ts.
20:34:13.513 debug: Resolve file:///D:/cocos_editor/Creator/3.8.8/resources/resources/3d/engine/editor/assets/default_renderpipeline/builtin-pipeline.ts from cce:/internal/x/prerequisite-imports as file:///D:/cocos_editor/Creator/3.8.8/resources/resources/3d/engine/editor/assets/default_renderpipeline/builtin-pipeline.ts.
20:34:13.513 debug: Resolve file:///D:/cocos_editor/Creator/3.8.8/resources/resources/3d/engine/editor/assets/tools/debug-view-runtime-control.ts from cce:/internal/x/prerequisite-imports as file:///D:/cocos_editor/Creator/3.8.8/resources/resources/3d/engine/editor/assets/tools/debug-view-runtime-control.ts.
20:34:13.514 debug: Resolve file:///D:/cocos_zml/zml-cocos2d-games/zml-cocos2d-AirplaneBattle/assets/Scripts/Bg.ts from cce:/internal/x/prerequisite-imports as file:///D:/cocos_zml/zml-cocos2d-games/zml-cocos2d-AirplaneBattle/assets/Scripts/Bg.ts.
20:34:13.515 debug: Resolve file:///D:/cocos_zml/zml-cocos2d-games/zml-cocos2d-AirplaneBattle/assets/Scripts/Bullet.ts from cce:/internal/x/prerequisite-imports as file:///D:/cocos_zml/zml-cocos2d-games/zml-cocos2d-AirplaneBattle/assets/Scripts/Bullet.ts.
20:34:13.515 debug: Resolve file:///D:/cocos_zml/zml-cocos2d-games/zml-cocos2d-AirplaneBattle/assets/Scripts/Enemy.ts from cce:/internal/x/prerequisite-imports as file:///D:/cocos_zml/zml-cocos2d-games/zml-cocos2d-AirplaneBattle/assets/Scripts/Enemy.ts.
20:34:13.516 debug: Resolve file:///D:/cocos_zml/zml-cocos2d-games/zml-cocos2d-AirplaneBattle/assets/Scripts/EnemyManage.ts from cce:/internal/x/prerequisite-imports as file:///D:/cocos_zml/zml-cocos2d-games/zml-cocos2d-AirplaneBattle/assets/Scripts/EnemyManage.ts.
20:34:13.516 debug: Resolve file:///D:/cocos_zml/zml-cocos2d-games/zml-cocos2d-AirplaneBattle/assets/Scripts/EventManager.ts from cce:/internal/x/prerequisite-imports as file:///D:/cocos_zml/zml-cocos2d-games/zml-cocos2d-AirplaneBattle/assets/Scripts/EventManager.ts.
20:34:13.517 debug: Resolve file:///D:/cocos_zml/zml-cocos2d-games/zml-cocos2d-AirplaneBattle/assets/Scripts/Player.ts from cce:/internal/x/prerequisite-imports as file:///D:/cocos_zml/zml-cocos2d-games/zml-cocos2d-AirplaneBattle/assets/Scripts/Player.ts.
20:34:13.517 debug: Detected change: file:///D:/cocos_zml/zml-cocos2d-games/zml-cocos2d-AirplaneBattle/assets/Scripts/Player.ts. Last mtime: Wed Apr 22 2026 18:50:28 GMT+0800 (中国标准时间)@25c4e26c-e0ac-4687-863e-168efe47eb38, Current mtime: Fri Apr 24 2026 20:34:07 GMT+0800 (中国标准时间)@25c4e26c-e0ac-4687-863e-168efe47eb38
20:34:13.517 debug: Inspect file:///D:/cocos_zml/zml-cocos2d-games/zml-cocos2d-AirplaneBattle/assets/Scripts/Player.ts
20:34:13.641 debug: transform url: 'file:///D:/cocos_zml/zml-cocos2d-games/zml-cocos2d-AirplaneBattle/assets/Scripts/Player.ts' costs: 123.70 ms
20:34:13.644 debug: Resolve file:///D:/cocos_zml/zml-cocos2d-games/zml-cocos2d-AirplaneBattle/assets/Scripts/StartGame.ts from cce:/internal/x/prerequisite-imports as file:///D:/cocos_zml/zml-cocos2d-games/zml-cocos2d-AirplaneBattle/assets/Scripts/StartGame.ts.
20:34:13.644 debug: Resolve file:///D:/cocos_zml/zml-cocos2d-games/zml-cocos2d-AirplaneBattle/assets/Scripts/Tool.ts from cce:/internal/x/prerequisite-imports as file:///D:/cocos_zml/zml-cocos2d-games/zml-cocos2d-AirplaneBattle/assets/Scripts/Tool.ts.
20:34:13.645 debug: Resolve file:///D:/cocos_zml/zml-cocos2d-games/zml-cocos2d-AirplaneBattle/assets/Scripts/ToolManage.ts from cce:/internal/x/prerequisite-imports as file:///D:/cocos_zml/zml-cocos2d-games/zml-cocos2d-AirplaneBattle/assets/Scripts/ToolManage.ts.
20:34:13.645 debug: Resolve cce:/internal/code-quality/cr.mjs from file:///D:/cocos_zml/zml-cocos2d-games/zml-cocos2d-AirplaneBattle/assets/Scripts/Player.ts as cce:/internal/code-quality/cr.mjs.
20:34:13.645 debug: Resolve cc from file:///D:/cocos_zml/zml-cocos2d-games/zml-cocos2d-AirplaneBattle/assets/Scripts/Player.ts as cce:/internal/x/cc.
20:34:13.645 debug: Resolve cc from file:///D:/cocos_zml/zml-cocos2d-games/zml-cocos2d-AirplaneBattle/assets/Scripts/Player.ts as cce:/internal/x/cc.
20:34:13.645 debug: Resolve cc from file:///D:/cocos_zml/zml-cocos2d-games/zml-cocos2d-AirplaneBattle/assets/Scripts/Player.ts as cce:/internal/x/cc.
20:34:13.646 debug: Resolve ./EventManager from file:///D:/cocos_zml/zml-cocos2d-games/zml-cocos2d-AirplaneBattle/assets/Scripts/Player.ts as file:///D:/cocos_zml/zml-cocos2d-games/zml-cocos2d-AirplaneBattle/assets/Scripts/EventManager.ts.
20:34:13.647 debug: Resolve ./Tool from file:///D:/cocos_zml/zml-cocos2d-games/zml-cocos2d-AirplaneBattle/assets/Scripts/Player.ts as file:///D:/cocos_zml/zml-cocos2d-games/zml-cocos2d-AirplaneBattle/assets/Scripts/Tool.ts.
20:34:13.660 debug: Target(editor) ends with cost 197.96840000059456ms.
20:34:13.661 debug: Target(preview) build started.
20:34:13.663 debug: Detected change: cce:/internal/x/prerequisite-imports. Last mtime: Thu Jan 01 1970 08:00:09 GMT+0800 (中国标准时间), Current mtime: Thu Jan 01 1970 09:27:01 GMT+0800 (中国标准时间)
20:34:13.663 debug: Inspect cce:/internal/x/prerequisite-imports
20:34:13.680 debug: transform url: 'cce:/internal/x/prerequisite-imports' costs: 16.50 ms
20:34:13.682 debug: Resolve file:///D:/cocos_editor/Creator/3.8.8/resources/resources/3d/engine/editor/assets/default_renderpipeline/builtin-dof-pass.ts from cce:/internal/x/prerequisite-imports as file:///D:/cocos_editor/Creator/3.8.8/resources/resources/3d/engine/editor/assets/default_renderpipeline/builtin-dof-pass.ts.
20:34:13.683 debug: Resolve file:///D:/cocos_editor/Creator/3.8.8/resources/resources/3d/engine/editor/assets/default_renderpipeline/builtin-pipeline-pass.ts from cce:/internal/x/prerequisite-imports as file:///D:/cocos_editor/Creator/3.8.8/resources/resources/3d/engine/editor/assets/default_renderpipeline/builtin-pipeline-pass.ts.
20:34:13.684 debug: Resolve file:///D:/cocos_editor/Creator/3.8.8/resources/resources/3d/engine/editor/assets/default_renderpipeline/builtin-pipeline-settings.ts from cce:/internal/x/prerequisite-imports as file:///D:/cocos_editor/Creator/3.8.8/resources/resources/3d/engine/editor/assets/default_renderpipeline/builtin-pipeline-settings.ts.
20:34:13.684 debug: Resolve file:///D:/cocos_editor/Creator/3.8.8/resources/resources/3d/engine/editor/assets/default_renderpipeline/builtin-pipeline-types.ts from cce:/internal/x/prerequisite-imports as file:///D:/cocos_editor/Creator/3.8.8/resources/resources/3d/engine/editor/assets/default_renderpipeline/builtin-pipeline-types.ts.
20:34:13.685 debug: Resolve file:///D:/cocos_editor/Creator/3.8.8/resources/resources/3d/engine/editor/assets/default_renderpipeline/builtin-pipeline.ts from cce:/internal/x/prerequisite-imports as file:///D:/cocos_editor/Creator/3.8.8/resources/resources/3d/engine/editor/assets/default_renderpipeline/builtin-pipeline.ts.
20:34:13.686 debug: Resolve file:///D:/cocos_editor/Creator/3.8.8/resources/resources/3d/engine/editor/assets/tools/debug-view-runtime-control.ts from cce:/internal/x/prerequisite-imports as file:///D:/cocos_editor/Creator/3.8.8/resources/resources/3d/engine/editor/assets/tools/debug-view-runtime-control.ts.
20:34:13.686 debug: Resolve file:///D:/cocos_zml/zml-cocos2d-games/zml-cocos2d-AirplaneBattle/assets/Scripts/Bg.ts from cce:/internal/x/prerequisite-imports as file:///D:/cocos_zml/zml-cocos2d-games/zml-cocos2d-AirplaneBattle/assets/Scripts/Bg.ts.
20:34:13.687 debug: Resolve file:///D:/cocos_zml/zml-cocos2d-games/zml-cocos2d-AirplaneBattle/assets/Scripts/Bullet.ts from cce:/internal/x/prerequisite-imports as file:///D:/cocos_zml/zml-cocos2d-games/zml-cocos2d-AirplaneBattle/assets/Scripts/Bullet.ts.
20:34:13.687 debug: Resolve file:///D:/cocos_zml/zml-cocos2d-games/zml-cocos2d-AirplaneBattle/assets/Scripts/Enemy.ts from cce:/internal/x/prerequisite-imports as file:///D:/cocos_zml/zml-cocos2d-games/zml-cocos2d-AirplaneBattle/assets/Scripts/Enemy.ts.
20:34:13.688 debug: Resolve file:///D:/cocos_zml/zml-cocos2d-games/zml-cocos2d-AirplaneBattle/assets/Scripts/EnemyManage.ts from cce:/internal/x/prerequisite-imports as file:///D:/cocos_zml/zml-cocos2d-games/zml-cocos2d-AirplaneBattle/assets/Scripts/EnemyManage.ts.
20:34:13.689 debug: Resolve file:///D:/cocos_zml/zml-cocos2d-games/zml-cocos2d-AirplaneBattle/assets/Scripts/EventManager.ts from cce:/internal/x/prerequisite-imports as file:///D:/cocos_zml/zml-cocos2d-games/zml-cocos2d-AirplaneBattle/assets/Scripts/EventManager.ts.
20:34:13.690 debug: Resolve file:///D:/cocos_zml/zml-cocos2d-games/zml-cocos2d-AirplaneBattle/assets/Scripts/Player.ts from cce:/internal/x/prerequisite-imports as file:///D:/cocos_zml/zml-cocos2d-games/zml-cocos2d-AirplaneBattle/assets/Scripts/Player.ts.
20:34:13.690 debug: Detected change: file:///D:/cocos_zml/zml-cocos2d-games/zml-cocos2d-AirplaneBattle/assets/Scripts/Player.ts. Last mtime: Wed Apr 22 2026 18:50:28 GMT+0800 (中国标准时间)@25c4e26c-e0ac-4687-863e-168efe47eb38, Current mtime: Fri Apr 24 2026 20:34:07 GMT+0800 (中国标准时间)@25c4e26c-e0ac-4687-863e-168efe47eb38
20:34:13.690 debug: Inspect file:///D:/cocos_zml/zml-cocos2d-games/zml-cocos2d-AirplaneBattle/assets/Scripts/Player.ts
20:34:13.802 debug: transform url: 'file:///D:/cocos_zml/zml-cocos2d-games/zml-cocos2d-AirplaneBattle/assets/Scripts/Player.ts' costs: 112.40 ms
20:34:13.805 debug: Resolve file:///D:/cocos_zml/zml-cocos2d-games/zml-cocos2d-AirplaneBattle/assets/Scripts/StartGame.ts from cce:/internal/x/prerequisite-imports as file:///D:/cocos_zml/zml-cocos2d-games/zml-cocos2d-AirplaneBattle/assets/Scripts/StartGame.ts.
20:34:13.806 debug: Resolve file:///D:/cocos_zml/zml-cocos2d-games/zml-cocos2d-AirplaneBattle/assets/Scripts/Tool.ts from cce:/internal/x/prerequisite-imports as file:///D:/cocos_zml/zml-cocos2d-games/zml-cocos2d-AirplaneBattle/assets/Scripts/Tool.ts.
20:34:13.807 debug: Resolve file:///D:/cocos_zml/zml-cocos2d-games/zml-cocos2d-AirplaneBattle/assets/Scripts/ToolManage.ts from cce:/internal/x/prerequisite-imports as file:///D:/cocos_zml/zml-cocos2d-games/zml-cocos2d-AirplaneBattle/assets/Scripts/ToolManage.ts.
20:34:13.807 debug: Resolve cce:/internal/code-quality/cr.mjs from file:///D:/cocos_zml/zml-cocos2d-games/zml-cocos2d-AirplaneBattle/assets/Scripts/Player.ts as cce:/internal/code-quality/cr.mjs.
20:34:13.807 debug: Resolve cc from file:///D:/cocos_zml/zml-cocos2d-games/zml-cocos2d-AirplaneBattle/assets/Scripts/Player.ts as cce:/internal/x/cc.
20:34:13.808 debug: Resolve cc from file:///D:/cocos_zml/zml-cocos2d-games/zml-cocos2d-AirplaneBattle/assets/Scripts/Player.ts as cce:/internal/x/cc.
20:34:13.808 debug: Resolve cc from file:///D:/cocos_zml/zml-cocos2d-games/zml-cocos2d-AirplaneBattle/assets/Scripts/Player.ts as cce:/internal/x/cc.
20:34:13.808 debug: Resolve ./EventManager from file:///D:/cocos_zml/zml-cocos2d-games/zml-cocos2d-AirplaneBattle/assets/Scripts/Player.ts as file:///D:/cocos_zml/zml-cocos2d-games/zml-cocos2d-AirplaneBattle/assets/Scripts/EventManager.ts.
20:34:13.809 debug: Resolve ./Tool from file:///D:/cocos_zml/zml-cocos2d-games/zml-cocos2d-AirplaneBattle/assets/Scripts/Player.ts as file:///D:/cocos_zml/zml-cocos2d-games/zml-cocos2d-AirplaneBattle/assets/Scripts/Tool.ts.
20:34:13.823 debug: Target(preview) ends with cost 161.92649999912828ms.
21:07:09.872 debug: Dispatch build request for time accumulated 1 asset changes.
21:07:09.874 debug: Build iteration starts.
Number of accumulated asset changes: 1
Feature changed: false
21:07:09.874 debug: Target(editor) build started.
21:07:09.877 debug: Detected change: cce:/internal/x/prerequisite-imports. Last mtime: Thu Jan 01 1970 09:27:01 GMT+0800 (中国标准时间), Current mtime: Thu Jan 01 1970 09:59:57 GMT+0800 (中国标准时间)
21:07:09.877 debug: Inspect cce:/internal/x/prerequisite-imports
21:07:09.886 debug: transform url: 'cce:/internal/x/prerequisite-imports' costs: 9.10 ms
21:07:09.888 debug: Resolve file:///D:/cocos_editor/Creator/3.8.8/resources/resources/3d/engine/editor/assets/default_renderpipeline/builtin-dof-pass.ts from cce:/internal/x/prerequisite-imports as file:///D:/cocos_editor/Creator/3.8.8/resources/resources/3d/engine/editor/assets/default_renderpipeline/builtin-dof-pass.ts.
21:07:09.889 debug: Resolve file:///D:/cocos_editor/Creator/3.8.8/resources/resources/3d/engine/editor/assets/default_renderpipeline/builtin-pipeline-pass.ts from cce:/internal/x/prerequisite-imports as file:///D:/cocos_editor/Creator/3.8.8/resources/resources/3d/engine/editor/assets/default_renderpipeline/builtin-pipeline-pass.ts.
21:07:09.889 debug: Resolve file:///D:/cocos_editor/Creator/3.8.8/resources/resources/3d/engine/editor/assets/default_renderpipeline/builtin-pipeline-settings.ts from cce:/internal/x/prerequisite-imports as file:///D:/cocos_editor/Creator/3.8.8/resources/resources/3d/engine/editor/assets/default_renderpipeline/builtin-pipeline-settings.ts.
21:07:09.890 debug: Resolve file:///D:/cocos_editor/Creator/3.8.8/resources/resources/3d/engine/editor/assets/default_renderpipeline/builtin-pipeline-types.ts from cce:/internal/x/prerequisite-imports as file:///D:/cocos_editor/Creator/3.8.8/resources/resources/3d/engine/editor/assets/default_renderpipeline/builtin-pipeline-types.ts.
21:07:09.890 debug: Resolve file:///D:/cocos_editor/Creator/3.8.8/resources/resources/3d/engine/editor/assets/default_renderpipeline/builtin-pipeline.ts from cce:/internal/x/prerequisite-imports as file:///D:/cocos_editor/Creator/3.8.8/resources/resources/3d/engine/editor/assets/default_renderpipeline/builtin-pipeline.ts.
21:07:09.891 debug: Resolve file:///D:/cocos_editor/Creator/3.8.8/resources/resources/3d/engine/editor/assets/tools/debug-view-runtime-control.ts from cce:/internal/x/prerequisite-imports as file:///D:/cocos_editor/Creator/3.8.8/resources/resources/3d/engine/editor/assets/tools/debug-view-runtime-control.ts.
21:07:09.891 debug: Resolve file:///D:/cocos_zml/zml-cocos2d-games/zml-cocos2d-AirplaneBattle/assets/Scripts/Bg.ts from cce:/internal/x/prerequisite-imports as file:///D:/cocos_zml/zml-cocos2d-games/zml-cocos2d-AirplaneBattle/assets/Scripts/Bg.ts.
21:07:09.892 debug: Resolve file:///D:/cocos_zml/zml-cocos2d-games/zml-cocos2d-AirplaneBattle/assets/Scripts/Bullet.ts from cce:/internal/x/prerequisite-imports as file:///D:/cocos_zml/zml-cocos2d-games/zml-cocos2d-AirplaneBattle/assets/Scripts/Bullet.ts.
21:07:09.892 debug: Resolve file:///D:/cocos_zml/zml-cocos2d-games/zml-cocos2d-AirplaneBattle/assets/Scripts/Enemy.ts from cce:/internal/x/prerequisite-imports as file:///D:/cocos_zml/zml-cocos2d-games/zml-cocos2d-AirplaneBattle/assets/Scripts/Enemy.ts.
21:07:09.892 debug: Resolve file:///D:/cocos_zml/zml-cocos2d-games/zml-cocos2d-AirplaneBattle/assets/Scripts/EnemyManage.ts from cce:/internal/x/prerequisite-imports as file:///D:/cocos_zml/zml-cocos2d-games/zml-cocos2d-AirplaneBattle/assets/Scripts/EnemyManage.ts.
21:07:09.893 debug: Resolve file:///D:/cocos_zml/zml-cocos2d-games/zml-cocos2d-AirplaneBattle/assets/Scripts/EventManager.ts from cce:/internal/x/prerequisite-imports as file:///D:/cocos_zml/zml-cocos2d-games/zml-cocos2d-AirplaneBattle/assets/Scripts/EventManager.ts.
21:07:09.893 debug: Resolve file:///D:/cocos_zml/zml-cocos2d-games/zml-cocos2d-AirplaneBattle/assets/Scripts/Player.ts from cce:/internal/x/prerequisite-imports as file:///D:/cocos_zml/zml-cocos2d-games/zml-cocos2d-AirplaneBattle/assets/Scripts/Player.ts.
21:07:09.894 debug: Detected change: file:///D:/cocos_zml/zml-cocos2d-games/zml-cocos2d-AirplaneBattle/assets/Scripts/Player.ts. Last mtime: Fri Apr 24 2026 20:34:07 GMT+0800 (中国标准时间)@25c4e26c-e0ac-4687-863e-168efe47eb38, Current mtime: Fri Apr 24 2026 21:07:08 GMT+0800 (中国标准时间)@25c4e26c-e0ac-4687-863e-168efe47eb38
21:07:09.894 debug: Inspect file:///D:/cocos_zml/zml-cocos2d-games/zml-cocos2d-AirplaneBattle/assets/Scripts/Player.ts
21:07:09.965 debug: transform url: 'file:///D:/cocos_zml/zml-cocos2d-games/zml-cocos2d-AirplaneBattle/assets/Scripts/Player.ts' costs: 70.50 ms
21:07:09.967 debug: Resolve file:///D:/cocos_zml/zml-cocos2d-games/zml-cocos2d-AirplaneBattle/assets/Scripts/StartGame.ts from cce:/internal/x/prerequisite-imports as file:///D:/cocos_zml/zml-cocos2d-games/zml-cocos2d-AirplaneBattle/assets/Scripts/StartGame.ts.
21:07:09.968 debug: Resolve file:///D:/cocos_zml/zml-cocos2d-games/zml-cocos2d-AirplaneBattle/assets/Scripts/Tool.ts from cce:/internal/x/prerequisite-imports as file:///D:/cocos_zml/zml-cocos2d-games/zml-cocos2d-AirplaneBattle/assets/Scripts/Tool.ts.
21:07:09.968 debug: Resolve file:///D:/cocos_zml/zml-cocos2d-games/zml-cocos2d-AirplaneBattle/assets/Scripts/ToolManage.ts from cce:/internal/x/prerequisite-imports as file:///D:/cocos_zml/zml-cocos2d-games/zml-cocos2d-AirplaneBattle/assets/Scripts/ToolManage.ts.
21:07:09.969 debug: Resolve cce:/internal/code-quality/cr.mjs from file:///D:/cocos_zml/zml-cocos2d-games/zml-cocos2d-AirplaneBattle/assets/Scripts/Player.ts as cce:/internal/code-quality/cr.mjs.
21:07:09.969 debug: Resolve cc from file:///D:/cocos_zml/zml-cocos2d-games/zml-cocos2d-AirplaneBattle/assets/Scripts/Player.ts as cce:/internal/x/cc.
21:07:09.969 debug: Resolve cc from file:///D:/cocos_zml/zml-cocos2d-games/zml-cocos2d-AirplaneBattle/assets/Scripts/Player.ts as cce:/internal/x/cc.
21:07:09.969 debug: Resolve cc from file:///D:/cocos_zml/zml-cocos2d-games/zml-cocos2d-AirplaneBattle/assets/Scripts/Player.ts as cce:/internal/x/cc.
21:07:09.969 debug: Resolve ./EventManager from file:///D:/cocos_zml/zml-cocos2d-games/zml-cocos2d-AirplaneBattle/assets/Scripts/Player.ts as file:///D:/cocos_zml/zml-cocos2d-games/zml-cocos2d-AirplaneBattle/assets/Scripts/EventManager.ts.
21:07:09.970 debug: Resolve ./Tool from file:///D:/cocos_zml/zml-cocos2d-games/zml-cocos2d-AirplaneBattle/assets/Scripts/Player.ts as file:///D:/cocos_zml/zml-cocos2d-games/zml-cocos2d-AirplaneBattle/assets/Scripts/Tool.ts.
21:07:09.982 debug: Target(editor) ends with cost 107.23519999999553ms.
21:07:09.982 debug: Target(preview) build started.
21:07:09.984 debug: Detected change: cce:/internal/x/prerequisite-imports. Last mtime: Thu Jan 01 1970 09:27:01 GMT+0800 (中国标准时间), Current mtime: Thu Jan 01 1970 09:59:57 GMT+0800 (中国标准时间)
21:07:09.984 debug: Inspect cce:/internal/x/prerequisite-imports
21:07:09.996 debug: transform url: 'cce:/internal/x/prerequisite-imports' costs: 12.20 ms
21:07:09.999 debug: Resolve file:///D:/cocos_editor/Creator/3.8.8/resources/resources/3d/engine/editor/assets/default_renderpipeline/builtin-dof-pass.ts from cce:/internal/x/prerequisite-imports as file:///D:/cocos_editor/Creator/3.8.8/resources/resources/3d/engine/editor/assets/default_renderpipeline/builtin-dof-pass.ts.
21:07:10.000 debug: Resolve file:///D:/cocos_editor/Creator/3.8.8/resources/resources/3d/engine/editor/assets/default_renderpipeline/builtin-pipeline-pass.ts from cce:/internal/x/prerequisite-imports as file:///D:/cocos_editor/Creator/3.8.8/resources/resources/3d/engine/editor/assets/default_renderpipeline/builtin-pipeline-pass.ts.
21:07:10.001 debug: Resolve file:///D:/cocos_editor/Creator/3.8.8/resources/resources/3d/engine/editor/assets/default_renderpipeline/builtin-pipeline-settings.ts from cce:/internal/x/prerequisite-imports as file:///D:/cocos_editor/Creator/3.8.8/resources/resources/3d/engine/editor/assets/default_renderpipeline/builtin-pipeline-settings.ts.
21:07:10.001 debug: Resolve file:///D:/cocos_editor/Creator/3.8.8/resources/resources/3d/engine/editor/assets/default_renderpipeline/builtin-pipeline-types.ts from cce:/internal/x/prerequisite-imports as file:///D:/cocos_editor/Creator/3.8.8/resources/resources/3d/engine/editor/assets/default_renderpipeline/builtin-pipeline-types.ts.
21:07:10.002 debug: Resolve file:///D:/cocos_editor/Creator/3.8.8/resources/resources/3d/engine/editor/assets/default_renderpipeline/builtin-pipeline.ts from cce:/internal/x/prerequisite-imports as file:///D:/cocos_editor/Creator/3.8.8/resources/resources/3d/engine/editor/assets/default_renderpipeline/builtin-pipeline.ts.
21:07:10.003 debug: Resolve file:///D:/cocos_editor/Creator/3.8.8/resources/resources/3d/engine/editor/assets/tools/debug-view-runtime-control.ts from cce:/internal/x/prerequisite-imports as file:///D:/cocos_editor/Creator/3.8.8/resources/resources/3d/engine/editor/assets/tools/debug-view-runtime-control.ts.
21:07:10.003 debug: Resolve file:///D:/cocos_zml/zml-cocos2d-games/zml-cocos2d-AirplaneBattle/assets/Scripts/Bg.ts from cce:/internal/x/prerequisite-imports as file:///D:/cocos_zml/zml-cocos2d-games/zml-cocos2d-AirplaneBattle/assets/Scripts/Bg.ts.
21:07:10.004 debug: Resolve file:///D:/cocos_zml/zml-cocos2d-games/zml-cocos2d-AirplaneBattle/assets/Scripts/Bullet.ts from cce:/internal/x/prerequisite-imports as file:///D:/cocos_zml/zml-cocos2d-games/zml-cocos2d-AirplaneBattle/assets/Scripts/Bullet.ts.
21:07:10.004 debug: Resolve file:///D:/cocos_zml/zml-cocos2d-games/zml-cocos2d-AirplaneBattle/assets/Scripts/Enemy.ts from cce:/internal/x/prerequisite-imports as file:///D:/cocos_zml/zml-cocos2d-games/zml-cocos2d-AirplaneBattle/assets/Scripts/Enemy.ts.
21:07:10.005 debug: Resolve file:///D:/cocos_zml/zml-cocos2d-games/zml-cocos2d-AirplaneBattle/assets/Scripts/EnemyManage.ts from cce:/internal/x/prerequisite-imports as file:///D:/cocos_zml/zml-cocos2d-games/zml-cocos2d-AirplaneBattle/assets/Scripts/EnemyManage.ts.
21:07:10.005 debug: Resolve file:///D:/cocos_zml/zml-cocos2d-games/zml-cocos2d-AirplaneBattle/assets/Scripts/EventManager.ts from cce:/internal/x/prerequisite-imports as file:///D:/cocos_zml/zml-cocos2d-games/zml-cocos2d-AirplaneBattle/assets/Scripts/EventManager.ts.
21:07:10.006 debug: Resolve file:///D:/cocos_zml/zml-cocos2d-games/zml-cocos2d-AirplaneBattle/assets/Scripts/Player.ts from cce:/internal/x/prerequisite-imports as file:///D:/cocos_zml/zml-cocos2d-games/zml-cocos2d-AirplaneBattle/assets/Scripts/Player.ts.
21:07:10.006 debug: Detected change: file:///D:/cocos_zml/zml-cocos2d-games/zml-cocos2d-AirplaneBattle/assets/Scripts/Player.ts. Last mtime: Fri Apr 24 2026 20:34:07 GMT+0800 (中国标准时间)@25c4e26c-e0ac-4687-863e-168efe47eb38, Current mtime: Fri Apr 24 2026 21:07:08 GMT+0800 (中国标准时间)@25c4e26c-e0ac-4687-863e-168efe47eb38
21:07:10.006 debug: Inspect file:///D:/cocos_zml/zml-cocos2d-games/zml-cocos2d-AirplaneBattle/assets/Scripts/Player.ts
21:07:10.098 debug: transform url: 'file:///D:/cocos_zml/zml-cocos2d-games/zml-cocos2d-AirplaneBattle/assets/Scripts/Player.ts' costs: 92.10 ms
21:07:10.101 debug: Resolve file:///D:/cocos_zml/zml-cocos2d-games/zml-cocos2d-AirplaneBattle/assets/Scripts/StartGame.ts from cce:/internal/x/prerequisite-imports as file:///D:/cocos_zml/zml-cocos2d-games/zml-cocos2d-AirplaneBattle/assets/Scripts/StartGame.ts.
21:07:10.101 debug: Resolve file:///D:/cocos_zml/zml-cocos2d-games/zml-cocos2d-AirplaneBattle/assets/Scripts/Tool.ts from cce:/internal/x/prerequisite-imports as file:///D:/cocos_zml/zml-cocos2d-games/zml-cocos2d-AirplaneBattle/assets/Scripts/Tool.ts.
21:07:10.102 debug: Resolve file:///D:/cocos_zml/zml-cocos2d-games/zml-cocos2d-AirplaneBattle/assets/Scripts/ToolManage.ts from cce:/internal/x/prerequisite-imports as file:///D:/cocos_zml/zml-cocos2d-games/zml-cocos2d-AirplaneBattle/assets/Scripts/ToolManage.ts.
21:07:10.102 debug: Resolve cce:/internal/code-quality/cr.mjs from file:///D:/cocos_zml/zml-cocos2d-games/zml-cocos2d-AirplaneBattle/assets/Scripts/Player.ts as cce:/internal/code-quality/cr.mjs.
21:07:10.102 debug: Resolve cc from file:///D:/cocos_zml/zml-cocos2d-games/zml-cocos2d-AirplaneBattle/assets/Scripts/Player.ts as cce:/internal/x/cc.
21:07:10.102 debug: Resolve cc from file:///D:/cocos_zml/zml-cocos2d-games/zml-cocos2d-AirplaneBattle/assets/Scripts/Player.ts as cce:/internal/x/cc.
21:07:10.102 debug: Resolve cc from file:///D:/cocos_zml/zml-cocos2d-games/zml-cocos2d-AirplaneBattle/assets/Scripts/Player.ts as cce:/internal/x/cc.
21:07:10.103 debug: Resolve ./EventManager from file:///D:/cocos_zml/zml-cocos2d-games/zml-cocos2d-AirplaneBattle/assets/Scripts/Player.ts as file:///D:/cocos_zml/zml-cocos2d-games/zml-cocos2d-AirplaneBattle/assets/Scripts/EventManager.ts.
21:07:10.103 debug: Resolve ./Tool from file:///D:/cocos_zml/zml-cocos2d-games/zml-cocos2d-AirplaneBattle/assets/Scripts/Player.ts as file:///D:/cocos_zml/zml-cocos2d-games/zml-cocos2d-AirplaneBattle/assets/Scripts/Tool.ts.
21:07:10.115 debug: Target(preview) ends with cost 132.8908999999985ms.
21:10:25.252 debug: Dispatch build request for time accumulated 1 asset changes.
21:10:25.255 debug: Build iteration starts.
Number of accumulated asset changes: 1
Feature changed: false
21:10:25.256 debug: Target(editor) build started.
21:10:25.258 debug: Detected change: cce:/internal/x/prerequisite-imports. Last mtime: Thu Jan 01 1970 09:59:57 GMT+0800 (中国标准时间), Current mtime: Thu Jan 01 1970 10:03:13 GMT+0800 (中国标准时间)
21:10:25.258 debug: Inspect cce:/internal/x/prerequisite-imports
21:10:25.269 debug: transform url: 'cce:/internal/x/prerequisite-imports' costs: 10.50 ms
21:10:25.271 debug: Resolve file:///D:/cocos_editor/Creator/3.8.8/resources/resources/3d/engine/editor/assets/default_renderpipeline/builtin-dof-pass.ts from cce:/internal/x/prerequisite-imports as file:///D:/cocos_editor/Creator/3.8.8/resources/resources/3d/engine/editor/assets/default_renderpipeline/builtin-dof-pass.ts.
21:10:25.272 debug: Resolve file:///D:/cocos_editor/Creator/3.8.8/resources/resources/3d/engine/editor/assets/default_renderpipeline/builtin-pipeline-pass.ts from cce:/internal/x/prerequisite-imports as file:///D:/cocos_editor/Creator/3.8.8/resources/resources/3d/engine/editor/assets/default_renderpipeline/builtin-pipeline-pass.ts.
21:10:25.273 debug: Resolve file:///D:/cocos_editor/Creator/3.8.8/resources/resources/3d/engine/editor/assets/default_renderpipeline/builtin-pipeline-settings.ts from cce:/internal/x/prerequisite-imports as file:///D:/cocos_editor/Creator/3.8.8/resources/resources/3d/engine/editor/assets/default_renderpipeline/builtin-pipeline-settings.ts.
21:10:25.273 debug: Resolve file:///D:/cocos_editor/Creator/3.8.8/resources/resources/3d/engine/editor/assets/default_renderpipeline/builtin-pipeline-types.ts from cce:/internal/x/prerequisite-imports as file:///D:/cocos_editor/Creator/3.8.8/resources/resources/3d/engine/editor/assets/default_renderpipeline/builtin-pipeline-types.ts.
21:10:25.274 debug: Resolve file:///D:/cocos_editor/Creator/3.8.8/resources/resources/3d/engine/editor/assets/default_renderpipeline/builtin-pipeline.ts from cce:/internal/x/prerequisite-imports as file:///D:/cocos_editor/Creator/3.8.8/resources/resources/3d/engine/editor/assets/default_renderpipeline/builtin-pipeline.ts.
21:10:25.275 debug: Resolve file:///D:/cocos_editor/Creator/3.8.8/resources/resources/3d/engine/editor/assets/tools/debug-view-runtime-control.ts from cce:/internal/x/prerequisite-imports as file:///D:/cocos_editor/Creator/3.8.8/resources/resources/3d/engine/editor/assets/tools/debug-view-runtime-control.ts.
21:10:25.275 debug: Resolve file:///D:/cocos_zml/zml-cocos2d-games/zml-cocos2d-AirplaneBattle/assets/Scripts/Bg.ts from cce:/internal/x/prerequisite-imports as file:///D:/cocos_zml/zml-cocos2d-games/zml-cocos2d-AirplaneBattle/assets/Scripts/Bg.ts.
21:10:25.276 debug: Resolve file:///D:/cocos_zml/zml-cocos2d-games/zml-cocos2d-AirplaneBattle/assets/Scripts/Bullet.ts from cce:/internal/x/prerequisite-imports as file:///D:/cocos_zml/zml-cocos2d-games/zml-cocos2d-AirplaneBattle/assets/Scripts/Bullet.ts.
21:10:25.276 debug: Resolve file:///D:/cocos_zml/zml-cocos2d-games/zml-cocos2d-AirplaneBattle/assets/Scripts/Enemy.ts from cce:/internal/x/prerequisite-imports as file:///D:/cocos_zml/zml-cocos2d-games/zml-cocos2d-AirplaneBattle/assets/Scripts/Enemy.ts.
21:10:25.277 debug: Resolve file:///D:/cocos_zml/zml-cocos2d-games/zml-cocos2d-AirplaneBattle/assets/Scripts/EnemyManage.ts from cce:/internal/x/prerequisite-imports as file:///D:/cocos_zml/zml-cocos2d-games/zml-cocos2d-AirplaneBattle/assets/Scripts/EnemyManage.ts.
21:10:25.277 debug: Resolve file:///D:/cocos_zml/zml-cocos2d-games/zml-cocos2d-AirplaneBattle/assets/Scripts/EventManager.ts from cce:/internal/x/prerequisite-imports as file:///D:/cocos_zml/zml-cocos2d-games/zml-cocos2d-AirplaneBattle/assets/Scripts/EventManager.ts.
21:10:25.277 debug: Resolve file:///D:/cocos_zml/zml-cocos2d-games/zml-cocos2d-AirplaneBattle/assets/Scripts/Player.ts from cce:/internal/x/prerequisite-imports as file:///D:/cocos_zml/zml-cocos2d-games/zml-cocos2d-AirplaneBattle/assets/Scripts/Player.ts.
21:10:25.278 debug: Detected change: file:///D:/cocos_zml/zml-cocos2d-games/zml-cocos2d-AirplaneBattle/assets/Scripts/Player.ts. Last mtime: Fri Apr 24 2026 21:07:08 GMT+0800 (中国标准时间)@25c4e26c-e0ac-4687-863e-168efe47eb38, Current mtime: Fri Apr 24 2026 21:10:22 GMT+0800 (中国标准时间)@25c4e26c-e0ac-4687-863e-168efe47eb38
21:10:25.278 debug: Inspect file:///D:/cocos_zml/zml-cocos2d-games/zml-cocos2d-AirplaneBattle/assets/Scripts/Player.ts
21:10:25.347 debug: transform url: 'file:///D:/cocos_zml/zml-cocos2d-games/zml-cocos2d-AirplaneBattle/assets/Scripts/Player.ts' costs: 69.00 ms
21:10:25.349 debug: Resolve file:///D:/cocos_zml/zml-cocos2d-games/zml-cocos2d-AirplaneBattle/assets/Scripts/StartGame.ts from cce:/internal/x/prerequisite-imports as file:///D:/cocos_zml/zml-cocos2d-games/zml-cocos2d-AirplaneBattle/assets/Scripts/StartGame.ts.
21:10:25.350 debug: Resolve file:///D:/cocos_zml/zml-cocos2d-games/zml-cocos2d-AirplaneBattle/assets/Scripts/Tool.ts from cce:/internal/x/prerequisite-imports as file:///D:/cocos_zml/zml-cocos2d-games/zml-cocos2d-AirplaneBattle/assets/Scripts/Tool.ts.
21:10:25.350 debug: Resolve file:///D:/cocos_zml/zml-cocos2d-games/zml-cocos2d-AirplaneBattle/assets/Scripts/ToolManage.ts from cce:/internal/x/prerequisite-imports as file:///D:/cocos_zml/zml-cocos2d-games/zml-cocos2d-AirplaneBattle/assets/Scripts/ToolManage.ts.
21:10:25.351 debug: Resolve cce:/internal/code-quality/cr.mjs from file:///D:/cocos_zml/zml-cocos2d-games/zml-cocos2d-AirplaneBattle/assets/Scripts/Player.ts as cce:/internal/code-quality/cr.mjs.
21:10:25.351 debug: Resolve cc from file:///D:/cocos_zml/zml-cocos2d-games/zml-cocos2d-AirplaneBattle/assets/Scripts/Player.ts as cce:/internal/x/cc.
21:10:25.351 debug: Resolve cc from file:///D:/cocos_zml/zml-cocos2d-games/zml-cocos2d-AirplaneBattle/assets/Scripts/Player.ts as cce:/internal/x/cc.
21:10:25.351 debug: Resolve cc from file:///D:/cocos_zml/zml-cocos2d-games/zml-cocos2d-AirplaneBattle/assets/Scripts/Player.ts as cce:/internal/x/cc.
21:10:25.351 debug: Resolve ./EventManager from file:///D:/cocos_zml/zml-cocos2d-games/zml-cocos2d-AirplaneBattle/assets/Scripts/Player.ts as file:///D:/cocos_zml/zml-cocos2d-games/zml-cocos2d-AirplaneBattle/assets/Scripts/EventManager.ts.
21:10:25.352 debug: Resolve ./Tool from file:///D:/cocos_zml/zml-cocos2d-games/zml-cocos2d-AirplaneBattle/assets/Scripts/Player.ts as file:///D:/cocos_zml/zml-cocos2d-games/zml-cocos2d-AirplaneBattle/assets/Scripts/Tool.ts.
21:10:25.363 debug: Target(editor) ends with cost 107.04860000032932ms.
21:10:25.363 debug: Target(preview) build started.
21:10:25.365 debug: Detected change: cce:/internal/x/prerequisite-imports. Last mtime: Thu Jan 01 1970 09:59:57 GMT+0800 (中国标准时间), Current mtime: Thu Jan 01 1970 10:03:13 GMT+0800 (中国标准时间)
21:10:25.365 debug: Inspect cce:/internal/x/prerequisite-imports
21:10:25.393 debug: transform url: 'cce:/internal/x/prerequisite-imports' costs: 27.90 ms
21:10:25.397 debug: Resolve file:///D:/cocos_editor/Creator/3.8.8/resources/resources/3d/engine/editor/assets/default_renderpipeline/builtin-dof-pass.ts from cce:/internal/x/prerequisite-imports as file:///D:/cocos_editor/Creator/3.8.8/resources/resources/3d/engine/editor/assets/default_renderpipeline/builtin-dof-pass.ts.
21:10:25.398 debug: Resolve file:///D:/cocos_editor/Creator/3.8.8/resources/resources/3d/engine/editor/assets/default_renderpipeline/builtin-pipeline-pass.ts from cce:/internal/x/prerequisite-imports as file:///D:/cocos_editor/Creator/3.8.8/resources/resources/3d/engine/editor/assets/default_renderpipeline/builtin-pipeline-pass.ts.
21:10:25.399 debug: Resolve file:///D:/cocos_editor/Creator/3.8.8/resources/resources/3d/engine/editor/assets/default_renderpipeline/builtin-pipeline-settings.ts from cce:/internal/x/prerequisite-imports as file:///D:/cocos_editor/Creator/3.8.8/resources/resources/3d/engine/editor/assets/default_renderpipeline/builtin-pipeline-settings.ts.
21:10:25.400 debug: Resolve file:///D:/cocos_editor/Creator/3.8.8/resources/resources/3d/engine/editor/assets/default_renderpipeline/builtin-pipeline-types.ts from cce:/internal/x/prerequisite-imports as file:///D:/cocos_editor/Creator/3.8.8/resources/resources/3d/engine/editor/assets/default_renderpipeline/builtin-pipeline-types.ts.
21:10:25.401 debug: Resolve file:///D:/cocos_editor/Creator/3.8.8/resources/resources/3d/engine/editor/assets/default_renderpipeline/builtin-pipeline.ts from cce:/internal/x/prerequisite-imports as file:///D:/cocos_editor/Creator/3.8.8/resources/resources/3d/engine/editor/assets/default_renderpipeline/builtin-pipeline.ts.
21:10:25.403 debug: Resolve file:///D:/cocos_editor/Creator/3.8.8/resources/resources/3d/engine/editor/assets/tools/debug-view-runtime-control.ts from cce:/internal/x/prerequisite-imports as file:///D:/cocos_editor/Creator/3.8.8/resources/resources/3d/engine/editor/assets/tools/debug-view-runtime-control.ts.
21:10:25.404 debug: Resolve file:///D:/cocos_zml/zml-cocos2d-games/zml-cocos2d-AirplaneBattle/assets/Scripts/Bg.ts from cce:/internal/x/prerequisite-imports as file:///D:/cocos_zml/zml-cocos2d-games/zml-cocos2d-AirplaneBattle/assets/Scripts/Bg.ts.
21:10:25.405 debug: Resolve file:///D:/cocos_zml/zml-cocos2d-games/zml-cocos2d-AirplaneBattle/assets/Scripts/Bullet.ts from cce:/internal/x/prerequisite-imports as file:///D:/cocos_zml/zml-cocos2d-games/zml-cocos2d-AirplaneBattle/assets/Scripts/Bullet.ts.
21:10:25.406 debug: Resolve file:///D:/cocos_zml/zml-cocos2d-games/zml-cocos2d-AirplaneBattle/assets/Scripts/Enemy.ts from cce:/internal/x/prerequisite-imports as file:///D:/cocos_zml/zml-cocos2d-games/zml-cocos2d-AirplaneBattle/assets/Scripts/Enemy.ts.
21:10:25.407 debug: Resolve file:///D:/cocos_zml/zml-cocos2d-games/zml-cocos2d-AirplaneBattle/assets/Scripts/EnemyManage.ts from cce:/internal/x/prerequisite-imports as file:///D:/cocos_zml/zml-cocos2d-games/zml-cocos2d-AirplaneBattle/assets/Scripts/EnemyManage.ts.
21:10:25.408 debug: Resolve file:///D:/cocos_zml/zml-cocos2d-games/zml-cocos2d-AirplaneBattle/assets/Scripts/EventManager.ts from cce:/internal/x/prerequisite-imports as file:///D:/cocos_zml/zml-cocos2d-games/zml-cocos2d-AirplaneBattle/assets/Scripts/EventManager.ts.
21:10:25.409 debug: Resolve file:///D:/cocos_zml/zml-cocos2d-games/zml-cocos2d-AirplaneBattle/assets/Scripts/Player.ts from cce:/internal/x/prerequisite-imports as file:///D:/cocos_zml/zml-cocos2d-games/zml-cocos2d-AirplaneBattle/assets/Scripts/Player.ts.
21:10:25.409 debug: Detected change: file:///D:/cocos_zml/zml-cocos2d-games/zml-cocos2d-AirplaneBattle/assets/Scripts/Player.ts. Last mtime: Fri Apr 24 2026 21:07:08 GMT+0800 (中国标准时间)@25c4e26c-e0ac-4687-863e-168efe47eb38, Current mtime: Fri Apr 24 2026 21:10:22 GMT+0800 (中国标准时间)@25c4e26c-e0ac-4687-863e-168efe47eb38
21:10:25.409 debug: Inspect file:///D:/cocos_zml/zml-cocos2d-games/zml-cocos2d-AirplaneBattle/assets/Scripts/Player.ts
21:10:25.530 debug: transform url: 'file:///D:/cocos_zml/zml-cocos2d-games/zml-cocos2d-AirplaneBattle/assets/Scripts/Player.ts' costs: 120.90 ms
21:10:25.533 debug: Resolve file:///D:/cocos_zml/zml-cocos2d-games/zml-cocos2d-AirplaneBattle/assets/Scripts/StartGame.ts from cce:/internal/x/prerequisite-imports as file:///D:/cocos_zml/zml-cocos2d-games/zml-cocos2d-AirplaneBattle/assets/Scripts/StartGame.ts.
21:10:25.534 debug: Resolve file:///D:/cocos_zml/zml-cocos2d-games/zml-cocos2d-AirplaneBattle/assets/Scripts/Tool.ts from cce:/internal/x/prerequisite-imports as file:///D:/cocos_zml/zml-cocos2d-games/zml-cocos2d-AirplaneBattle/assets/Scripts/Tool.ts.
21:10:25.534 debug: Resolve file:///D:/cocos_zml/zml-cocos2d-games/zml-cocos2d-AirplaneBattle/assets/Scripts/ToolManage.ts from cce:/internal/x/prerequisite-imports as file:///D:/cocos_zml/zml-cocos2d-games/zml-cocos2d-AirplaneBattle/assets/Scripts/ToolManage.ts.
21:10:25.535 debug: Resolve cce:/internal/code-quality/cr.mjs from file:///D:/cocos_zml/zml-cocos2d-games/zml-cocos2d-AirplaneBattle/assets/Scripts/Player.ts as cce:/internal/code-quality/cr.mjs.
21:10:25.535 debug: Resolve cc from file:///D:/cocos_zml/zml-cocos2d-games/zml-cocos2d-AirplaneBattle/assets/Scripts/Player.ts as cce:/internal/x/cc.
21:10:25.535 debug: Resolve cc from file:///D:/cocos_zml/zml-cocos2d-games/zml-cocos2d-AirplaneBattle/assets/Scripts/Player.ts as cce:/internal/x/cc.
21:10:25.535 debug: Resolve cc from file:///D:/cocos_zml/zml-cocos2d-games/zml-cocos2d-AirplaneBattle/assets/Scripts/Player.ts as cce:/internal/x/cc.
21:10:25.536 debug: Resolve ./EventManager from file:///D:/cocos_zml/zml-cocos2d-games/zml-cocos2d-AirplaneBattle/assets/Scripts/Player.ts as file:///D:/cocos_zml/zml-cocos2d-games/zml-cocos2d-AirplaneBattle/assets/Scripts/EventManager.ts.
21:10:25.536 debug: Resolve ./Tool from file:///D:/cocos_zml/zml-cocos2d-games/zml-cocos2d-AirplaneBattle/assets/Scripts/Player.ts as file:///D:/cocos_zml/zml-cocos2d-games/zml-cocos2d-AirplaneBattle/assets/Scripts/Tool.ts.
21:10:25.552 debug: Target(preview) ends with cost 188.12220000009984ms.
21:22:13.605 debug: Dispatch build request for time accumulated 1 asset changes.
21:22:13.608 debug: Build iteration starts.
Number of accumulated asset changes: 1
Feature changed: false
21:22:13.608 debug: Target(editor) build started.
21:22:13.611 debug: Detected change: cce:/internal/x/prerequisite-imports. Last mtime: Thu Jan 01 1970 10:03:13 GMT+0800 (中国标准时间), Current mtime: Thu Jan 01 1970 10:15:01 GMT+0800 (中国标准时间)
21:22:13.611 debug: Inspect cce:/internal/x/prerequisite-imports
21:22:13.619 debug: transform url: 'cce:/internal/x/prerequisite-imports' costs: 8.40 ms
21:22:13.622 debug: Resolve file:///D:/cocos_editor/Creator/3.8.8/resources/resources/3d/engine/editor/assets/default_renderpipeline/builtin-dof-pass.ts from cce:/internal/x/prerequisite-imports as file:///D:/cocos_editor/Creator/3.8.8/resources/resources/3d/engine/editor/assets/default_renderpipeline/builtin-dof-pass.ts.
21:22:13.622 debug: Resolve file:///D:/cocos_editor/Creator/3.8.8/resources/resources/3d/engine/editor/assets/default_renderpipeline/builtin-pipeline-pass.ts from cce:/internal/x/prerequisite-imports as file:///D:/cocos_editor/Creator/3.8.8/resources/resources/3d/engine/editor/assets/default_renderpipeline/builtin-pipeline-pass.ts.
21:22:13.623 debug: Resolve file:///D:/cocos_editor/Creator/3.8.8/resources/resources/3d/engine/editor/assets/default_renderpipeline/builtin-pipeline-settings.ts from cce:/internal/x/prerequisite-imports as file:///D:/cocos_editor/Creator/3.8.8/resources/resources/3d/engine/editor/assets/default_renderpipeline/builtin-pipeline-settings.ts.
21:22:13.624 debug: Resolve file:///D:/cocos_editor/Creator/3.8.8/resources/resources/3d/engine/editor/assets/default_renderpipeline/builtin-pipeline-types.ts from cce:/internal/x/prerequisite-imports as file:///D:/cocos_editor/Creator/3.8.8/resources/resources/3d/engine/editor/assets/default_renderpipeline/builtin-pipeline-types.ts.
21:22:13.624 debug: Resolve file:///D:/cocos_editor/Creator/3.8.8/resources/resources/3d/engine/editor/assets/default_renderpipeline/builtin-pipeline.ts from cce:/internal/x/prerequisite-imports as file:///D:/cocos_editor/Creator/3.8.8/resources/resources/3d/engine/editor/assets/default_renderpipeline/builtin-pipeline.ts.
21:22:13.625 debug: Resolve file:///D:/cocos_editor/Creator/3.8.8/resources/resources/3d/engine/editor/assets/tools/debug-view-runtime-control.ts from cce:/internal/x/prerequisite-imports as file:///D:/cocos_editor/Creator/3.8.8/resources/resources/3d/engine/editor/assets/tools/debug-view-runtime-control.ts.
21:22:13.625 debug: Resolve file:///D:/cocos_zml/zml-cocos2d-games/zml-cocos2d-AirplaneBattle/assets/Scripts/Bg.ts from cce:/internal/x/prerequisite-imports as file:///D:/cocos_zml/zml-cocos2d-games/zml-cocos2d-AirplaneBattle/assets/Scripts/Bg.ts.
21:22:13.626 debug: Resolve file:///D:/cocos_zml/zml-cocos2d-games/zml-cocos2d-AirplaneBattle/assets/Scripts/Bullet.ts from cce:/internal/x/prerequisite-imports as file:///D:/cocos_zml/zml-cocos2d-games/zml-cocos2d-AirplaneBattle/assets/Scripts/Bullet.ts.
21:22:13.627 debug: Resolve file:///D:/cocos_zml/zml-cocos2d-games/zml-cocos2d-AirplaneBattle/assets/Scripts/Enemy.ts from cce:/internal/x/prerequisite-imports as file:///D:/cocos_zml/zml-cocos2d-games/zml-cocos2d-AirplaneBattle/assets/Scripts/Enemy.ts.
21:22:13.627 debug: Resolve file:///D:/cocos_zml/zml-cocos2d-games/zml-cocos2d-AirplaneBattle/assets/Scripts/EnemyManage.ts from cce:/internal/x/prerequisite-imports as file:///D:/cocos_zml/zml-cocos2d-games/zml-cocos2d-AirplaneBattle/assets/Scripts/EnemyManage.ts.
21:22:13.628 debug: Resolve file:///D:/cocos_zml/zml-cocos2d-games/zml-cocos2d-AirplaneBattle/assets/Scripts/EventManager.ts from cce:/internal/x/prerequisite-imports as file:///D:/cocos_zml/zml-cocos2d-games/zml-cocos2d-AirplaneBattle/assets/Scripts/EventManager.ts.
21:22:13.628 debug: Resolve file:///D:/cocos_zml/zml-cocos2d-games/zml-cocos2d-AirplaneBattle/assets/Scripts/Player.ts from cce:/internal/x/prerequisite-imports as file:///D:/cocos_zml/zml-cocos2d-games/zml-cocos2d-AirplaneBattle/assets/Scripts/Player.ts.
21:22:13.628 debug: Detected change: file:///D:/cocos_zml/zml-cocos2d-games/zml-cocos2d-AirplaneBattle/assets/Scripts/Player.ts. Last mtime: Fri Apr 24 2026 21:10:22 GMT+0800 (中国标准时间)@25c4e26c-e0ac-4687-863e-168efe47eb38, Current mtime: Fri Apr 24 2026 21:22:08 GMT+0800 (中国标准时间)@25c4e26c-e0ac-4687-863e-168efe47eb38
21:22:13.628 debug: Inspect file:///D:/cocos_zml/zml-cocos2d-games/zml-cocos2d-AirplaneBattle/assets/Scripts/Player.ts
21:22:13.706 debug: transform url: 'file:///D:/cocos_zml/zml-cocos2d-games/zml-cocos2d-AirplaneBattle/assets/Scripts/Player.ts' costs: 78.10 ms
21:22:13.709 debug: Resolve file:///D:/cocos_zml/zml-cocos2d-games/zml-cocos2d-AirplaneBattle/assets/Scripts/StartGame.ts from cce:/internal/x/prerequisite-imports as file:///D:/cocos_zml/zml-cocos2d-games/zml-cocos2d-AirplaneBattle/assets/Scripts/StartGame.ts.
21:22:13.709 debug: Resolve file:///D:/cocos_zml/zml-cocos2d-games/zml-cocos2d-AirplaneBattle/assets/Scripts/Tool.ts from cce:/internal/x/prerequisite-imports as file:///D:/cocos_zml/zml-cocos2d-games/zml-cocos2d-AirplaneBattle/assets/Scripts/Tool.ts.
21:22:13.710 debug: Resolve file:///D:/cocos_zml/zml-cocos2d-games/zml-cocos2d-AirplaneBattle/assets/Scripts/ToolManage.ts from cce:/internal/x/prerequisite-imports as file:///D:/cocos_zml/zml-cocos2d-games/zml-cocos2d-AirplaneBattle/assets/Scripts/ToolManage.ts.
21:22:13.710 debug: Resolve cce:/internal/code-quality/cr.mjs from file:///D:/cocos_zml/zml-cocos2d-games/zml-cocos2d-AirplaneBattle/assets/Scripts/Player.ts as cce:/internal/code-quality/cr.mjs.
21:22:13.710 debug: Resolve cc from file:///D:/cocos_zml/zml-cocos2d-games/zml-cocos2d-AirplaneBattle/assets/Scripts/Player.ts as cce:/internal/x/cc.
21:22:13.710 debug: Resolve cc from file:///D:/cocos_zml/zml-cocos2d-games/zml-cocos2d-AirplaneBattle/assets/Scripts/Player.ts as cce:/internal/x/cc.
21:22:13.710 debug: Resolve cc from file:///D:/cocos_zml/zml-cocos2d-games/zml-cocos2d-AirplaneBattle/assets/Scripts/Player.ts as cce:/internal/x/cc.
21:22:13.711 debug: Resolve ./EventManager from file:///D:/cocos_zml/zml-cocos2d-games/zml-cocos2d-AirplaneBattle/assets/Scripts/Player.ts as file:///D:/cocos_zml/zml-cocos2d-games/zml-cocos2d-AirplaneBattle/assets/Scripts/EventManager.ts.
21:22:13.712 debug: Resolve ./Tool from file:///D:/cocos_zml/zml-cocos2d-games/zml-cocos2d-AirplaneBattle/assets/Scripts/Player.ts as file:///D:/cocos_zml/zml-cocos2d-games/zml-cocos2d-AirplaneBattle/assets/Scripts/Tool.ts.
21:22:13.725 debug: Target(editor) ends with cost 116.24619999993593ms.
21:22:13.725 debug: Target(preview) build started.
21:22:13.727 debug: Detected change: cce:/internal/x/prerequisite-imports. Last mtime: Thu Jan 01 1970 10:03:13 GMT+0800 (中国标准时间), Current mtime: Thu Jan 01 1970 10:15:01 GMT+0800 (中国标准时间)
21:22:13.727 debug: Inspect cce:/internal/x/prerequisite-imports
21:22:13.740 debug: transform url: 'cce:/internal/x/prerequisite-imports' costs: 12.40 ms
21:22:13.742 debug: Resolve file:///D:/cocos_editor/Creator/3.8.8/resources/resources/3d/engine/editor/assets/default_renderpipeline/builtin-dof-pass.ts from cce:/internal/x/prerequisite-imports as file:///D:/cocos_editor/Creator/3.8.8/resources/resources/3d/engine/editor/assets/default_renderpipeline/builtin-dof-pass.ts.
21:22:13.743 debug: Resolve file:///D:/cocos_editor/Creator/3.8.8/resources/resources/3d/engine/editor/assets/default_renderpipeline/builtin-pipeline-pass.ts from cce:/internal/x/prerequisite-imports as file:///D:/cocos_editor/Creator/3.8.8/resources/resources/3d/engine/editor/assets/default_renderpipeline/builtin-pipeline-pass.ts.
21:22:13.744 debug: Resolve file:///D:/cocos_editor/Creator/3.8.8/resources/resources/3d/engine/editor/assets/default_renderpipeline/builtin-pipeline-settings.ts from cce:/internal/x/prerequisite-imports as file:///D:/cocos_editor/Creator/3.8.8/resources/resources/3d/engine/editor/assets/default_renderpipeline/builtin-pipeline-settings.ts.
21:22:13.745 debug: Resolve file:///D:/cocos_editor/Creator/3.8.8/resources/resources/3d/engine/editor/assets/default_renderpipeline/builtin-pipeline-types.ts from cce:/internal/x/prerequisite-imports as file:///D:/cocos_editor/Creator/3.8.8/resources/resources/3d/engine/editor/assets/default_renderpipeline/builtin-pipeline-types.ts.
21:22:13.746 debug: Resolve file:///D:/cocos_editor/Creator/3.8.8/resources/resources/3d/engine/editor/assets/default_renderpipeline/builtin-pipeline.ts from cce:/internal/x/prerequisite-imports as file:///D:/cocos_editor/Creator/3.8.8/resources/resources/3d/engine/editor/assets/default_renderpipeline/builtin-pipeline.ts.
21:22:13.747 debug: Resolve file:///D:/cocos_editor/Creator/3.8.8/resources/resources/3d/engine/editor/assets/tools/debug-view-runtime-control.ts from cce:/internal/x/prerequisite-imports as file:///D:/cocos_editor/Creator/3.8.8/resources/resources/3d/engine/editor/assets/tools/debug-view-runtime-control.ts.
21:22:13.748 debug: Resolve file:///D:/cocos_zml/zml-cocos2d-games/zml-cocos2d-AirplaneBattle/assets/Scripts/Bg.ts from cce:/internal/x/prerequisite-imports as file:///D:/cocos_zml/zml-cocos2d-games/zml-cocos2d-AirplaneBattle/assets/Scripts/Bg.ts.
21:22:13.748 debug: Resolve file:///D:/cocos_zml/zml-cocos2d-games/zml-cocos2d-AirplaneBattle/assets/Scripts/Bullet.ts from cce:/internal/x/prerequisite-imports as file:///D:/cocos_zml/zml-cocos2d-games/zml-cocos2d-AirplaneBattle/assets/Scripts/Bullet.ts.
21:22:13.748 debug: Resolve file:///D:/cocos_zml/zml-cocos2d-games/zml-cocos2d-AirplaneBattle/assets/Scripts/Enemy.ts from cce:/internal/x/prerequisite-imports as file:///D:/cocos_zml/zml-cocos2d-games/zml-cocos2d-AirplaneBattle/assets/Scripts/Enemy.ts.
21:22:13.749 debug: Resolve file:///D:/cocos_zml/zml-cocos2d-games/zml-cocos2d-AirplaneBattle/assets/Scripts/EnemyManage.ts from cce:/internal/x/prerequisite-imports as file:///D:/cocos_zml/zml-cocos2d-games/zml-cocos2d-AirplaneBattle/assets/Scripts/EnemyManage.ts.
21:22:13.749 debug: Resolve file:///D:/cocos_zml/zml-cocos2d-games/zml-cocos2d-AirplaneBattle/assets/Scripts/EventManager.ts from cce:/internal/x/prerequisite-imports as file:///D:/cocos_zml/zml-cocos2d-games/zml-cocos2d-AirplaneBattle/assets/Scripts/EventManager.ts.
21:22:13.750 debug: Resolve file:///D:/cocos_zml/zml-cocos2d-games/zml-cocos2d-AirplaneBattle/assets/Scripts/Player.ts from cce:/internal/x/prerequisite-imports as file:///D:/cocos_zml/zml-cocos2d-games/zml-cocos2d-AirplaneBattle/assets/Scripts/Player.ts.
21:22:13.750 debug: Detected change: file:///D:/cocos_zml/zml-cocos2d-games/zml-cocos2d-AirplaneBattle/assets/Scripts/Player.ts. Last mtime: Fri Apr 24 2026 21:10:22 GMT+0800 (中国标准时间)@25c4e26c-e0ac-4687-863e-168efe47eb38, Current mtime: Fri Apr 24 2026 21:22:08 GMT+0800 (中国标准时间)@25c4e26c-e0ac-4687-863e-168efe47eb38
21:22:13.750 debug: Inspect file:///D:/cocos_zml/zml-cocos2d-games/zml-cocos2d-AirplaneBattle/assets/Scripts/Player.ts
21:22:13.824 debug: transform url: 'file:///D:/cocos_zml/zml-cocos2d-games/zml-cocos2d-AirplaneBattle/assets/Scripts/Player.ts' costs: 74.30 ms
21:22:13.827 debug: Resolve file:///D:/cocos_zml/zml-cocos2d-games/zml-cocos2d-AirplaneBattle/assets/Scripts/StartGame.ts from cce:/internal/x/prerequisite-imports as file:///D:/cocos_zml/zml-cocos2d-games/zml-cocos2d-AirplaneBattle/assets/Scripts/StartGame.ts.
21:22:13.827 debug: Resolve file:///D:/cocos_zml/zml-cocos2d-games/zml-cocos2d-AirplaneBattle/assets/Scripts/Tool.ts from cce:/internal/x/prerequisite-imports as file:///D:/cocos_zml/zml-cocos2d-games/zml-cocos2d-AirplaneBattle/assets/Scripts/Tool.ts.
21:22:13.828 debug: Resolve file:///D:/cocos_zml/zml-cocos2d-games/zml-cocos2d-AirplaneBattle/assets/Scripts/ToolManage.ts from cce:/internal/x/prerequisite-imports as file:///D:/cocos_zml/zml-cocos2d-games/zml-cocos2d-AirplaneBattle/assets/Scripts/ToolManage.ts.
21:22:13.828 debug: Resolve cce:/internal/code-quality/cr.mjs from file:///D:/cocos_zml/zml-cocos2d-games/zml-cocos2d-AirplaneBattle/assets/Scripts/Player.ts as cce:/internal/code-quality/cr.mjs.
21:22:13.828 debug: Resolve cc from file:///D:/cocos_zml/zml-cocos2d-games/zml-cocos2d-AirplaneBattle/assets/Scripts/Player.ts as cce:/internal/x/cc.
21:22:13.828 debug: Resolve cc from file:///D:/cocos_zml/zml-cocos2d-games/zml-cocos2d-AirplaneBattle/assets/Scripts/Player.ts as cce:/internal/x/cc.
21:22:13.828 debug: Resolve cc from file:///D:/cocos_zml/zml-cocos2d-games/zml-cocos2d-AirplaneBattle/assets/Scripts/Player.ts as cce:/internal/x/cc.
21:22:13.829 debug: Resolve ./EventManager from file:///D:/cocos_zml/zml-cocos2d-games/zml-cocos2d-AirplaneBattle/assets/Scripts/Player.ts as file:///D:/cocos_zml/zml-cocos2d-games/zml-cocos2d-AirplaneBattle/assets/Scripts/EventManager.ts.
21:22:13.829 debug: Resolve ./Tool from file:///D:/cocos_zml/zml-cocos2d-games/zml-cocos2d-AirplaneBattle/assets/Scripts/Player.ts as file:///D:/cocos_zml/zml-cocos2d-games/zml-cocos2d-AirplaneBattle/assets/Scripts/Tool.ts.
21:22:13.842 debug: Target(preview) ends with cost 116.74459999985993ms.
21:22:26.463 debug: Dispatch build request for time accumulated 1 asset changes.
21:22:26.466 debug: Build iteration starts.
Number of accumulated asset changes: 1
Feature changed: false
21:22:26.466 debug: Target(editor) build started.
21:22:26.469 debug: Detected change: cce:/internal/x/prerequisite-imports. Last mtime: Thu Jan 01 1970 10:15:01 GMT+0800 (中国标准时间), Current mtime: Thu Jan 01 1970 10:15:14 GMT+0800 (中国标准时间)
21:22:26.470 debug: Inspect cce:/internal/x/prerequisite-imports
21:22:26.485 debug: transform url: 'cce:/internal/x/prerequisite-imports' costs: 15.80 ms
21:22:26.488 debug: Resolve file:///D:/cocos_editor/Creator/3.8.8/resources/resources/3d/engine/editor/assets/default_renderpipeline/builtin-dof-pass.ts from cce:/internal/x/prerequisite-imports as file:///D:/cocos_editor/Creator/3.8.8/resources/resources/3d/engine/editor/assets/default_renderpipeline/builtin-dof-pass.ts.
21:22:26.489 debug: Resolve file:///D:/cocos_editor/Creator/3.8.8/resources/resources/3d/engine/editor/assets/default_renderpipeline/builtin-pipeline-pass.ts from cce:/internal/x/prerequisite-imports as file:///D:/cocos_editor/Creator/3.8.8/resources/resources/3d/engine/editor/assets/default_renderpipeline/builtin-pipeline-pass.ts.
21:22:26.490 debug: Resolve file:///D:/cocos_editor/Creator/3.8.8/resources/resources/3d/engine/editor/assets/default_renderpipeline/builtin-pipeline-settings.ts from cce:/internal/x/prerequisite-imports as file:///D:/cocos_editor/Creator/3.8.8/resources/resources/3d/engine/editor/assets/default_renderpipeline/builtin-pipeline-settings.ts.
21:22:26.491 debug: Resolve file:///D:/cocos_editor/Creator/3.8.8/resources/resources/3d/engine/editor/assets/default_renderpipeline/builtin-pipeline-types.ts from cce:/internal/x/prerequisite-imports as file:///D:/cocos_editor/Creator/3.8.8/resources/resources/3d/engine/editor/assets/default_renderpipeline/builtin-pipeline-types.ts.
21:22:26.492 debug: Resolve file:///D:/cocos_editor/Creator/3.8.8/resources/resources/3d/engine/editor/assets/default_renderpipeline/builtin-pipeline.ts from cce:/internal/x/prerequisite-imports as file:///D:/cocos_editor/Creator/3.8.8/resources/resources/3d/engine/editor/assets/default_renderpipeline/builtin-pipeline.ts.
21:22:26.493 debug: Resolve file:///D:/cocos_editor/Creator/3.8.8/resources/resources/3d/engine/editor/assets/tools/debug-view-runtime-control.ts from cce:/internal/x/prerequisite-imports as file:///D:/cocos_editor/Creator/3.8.8/resources/resources/3d/engine/editor/assets/tools/debug-view-runtime-control.ts.
21:22:26.494 debug: Resolve file:///D:/cocos_zml/zml-cocos2d-games/zml-cocos2d-AirplaneBattle/assets/Scripts/Bg.ts from cce:/internal/x/prerequisite-imports as file:///D:/cocos_zml/zml-cocos2d-games/zml-cocos2d-AirplaneBattle/assets/Scripts/Bg.ts.
21:22:26.495 debug: Resolve file:///D:/cocos_zml/zml-cocos2d-games/zml-cocos2d-AirplaneBattle/assets/Scripts/Bullet.ts from cce:/internal/x/prerequisite-imports as file:///D:/cocos_zml/zml-cocos2d-games/zml-cocos2d-AirplaneBattle/assets/Scripts/Bullet.ts.
21:22:26.495 debug: Resolve file:///D:/cocos_zml/zml-cocos2d-games/zml-cocos2d-AirplaneBattle/assets/Scripts/Enemy.ts from cce:/internal/x/prerequisite-imports as file:///D:/cocos_zml/zml-cocos2d-games/zml-cocos2d-AirplaneBattle/assets/Scripts/Enemy.ts.
21:22:26.496 debug: Resolve file:///D:/cocos_zml/zml-cocos2d-games/zml-cocos2d-AirplaneBattle/assets/Scripts/EnemyManage.ts from cce:/internal/x/prerequisite-imports as file:///D:/cocos_zml/zml-cocos2d-games/zml-cocos2d-AirplaneBattle/assets/Scripts/EnemyManage.ts.
21:22:26.497 debug: Resolve file:///D:/cocos_zml/zml-cocos2d-games/zml-cocos2d-AirplaneBattle/assets/Scripts/EventManager.ts from cce:/internal/x/prerequisite-imports as file:///D:/cocos_zml/zml-cocos2d-games/zml-cocos2d-AirplaneBattle/assets/Scripts/EventManager.ts.
21:22:26.497 debug: Resolve file:///D:/cocos_zml/zml-cocos2d-games/zml-cocos2d-AirplaneBattle/assets/Scripts/Player.ts from cce:/internal/x/prerequisite-imports as file:///D:/cocos_zml/zml-cocos2d-games/zml-cocos2d-AirplaneBattle/assets/Scripts/Player.ts.
21:22:26.497 debug: Detected change: file:///D:/cocos_zml/zml-cocos2d-games/zml-cocos2d-AirplaneBattle/assets/Scripts/Player.ts. Last mtime: Fri Apr 24 2026 21:22:08 GMT+0800 (中国标准时间)@25c4e26c-e0ac-4687-863e-168efe47eb38, Current mtime: Fri Apr 24 2026 21:22:24 GMT+0800 (中国标准时间)@25c4e26c-e0ac-4687-863e-168efe47eb38
21:22:26.497 debug: Inspect file:///D:/cocos_zml/zml-cocos2d-games/zml-cocos2d-AirplaneBattle/assets/Scripts/Player.ts
21:22:26.560 debug: transform url: 'file:///D:/cocos_zml/zml-cocos2d-games/zml-cocos2d-AirplaneBattle/assets/Scripts/Player.ts' costs: 62.60 ms
21:22:26.563 debug: Resolve file:///D:/cocos_zml/zml-cocos2d-games/zml-cocos2d-AirplaneBattle/assets/Scripts/StartGame.ts from cce:/internal/x/prerequisite-imports as file:///D:/cocos_zml/zml-cocos2d-games/zml-cocos2d-AirplaneBattle/assets/Scripts/StartGame.ts.
21:22:26.563 debug: Resolve file:///D:/cocos_zml/zml-cocos2d-games/zml-cocos2d-AirplaneBattle/assets/Scripts/Tool.ts from cce:/internal/x/prerequisite-imports as file:///D:/cocos_zml/zml-cocos2d-games/zml-cocos2d-AirplaneBattle/assets/Scripts/Tool.ts.
21:22:26.563 debug: Resolve file:///D:/cocos_zml/zml-cocos2d-games/zml-cocos2d-AirplaneBattle/assets/Scripts/ToolManage.ts from cce:/internal/x/prerequisite-imports as file:///D:/cocos_zml/zml-cocos2d-games/zml-cocos2d-AirplaneBattle/assets/Scripts/ToolManage.ts.
21:22:26.564 debug: Resolve cce:/internal/code-quality/cr.mjs from file:///D:/cocos_zml/zml-cocos2d-games/zml-cocos2d-AirplaneBattle/assets/Scripts/Player.ts as cce:/internal/code-quality/cr.mjs.
21:22:26.564 debug: Resolve cc from file:///D:/cocos_zml/zml-cocos2d-games/zml-cocos2d-AirplaneBattle/assets/Scripts/Player.ts as cce:/internal/x/cc.
21:22:26.564 debug: Resolve cc from file:///D:/cocos_zml/zml-cocos2d-games/zml-cocos2d-AirplaneBattle/assets/Scripts/Player.ts as cce:/internal/x/cc.
21:22:26.564 debug: Resolve cc from file:///D:/cocos_zml/zml-cocos2d-games/zml-cocos2d-AirplaneBattle/assets/Scripts/Player.ts as cce:/internal/x/cc.
21:22:26.564 debug: Resolve ./EventManager from file:///D:/cocos_zml/zml-cocos2d-games/zml-cocos2d-AirplaneBattle/assets/Scripts/Player.ts as file:///D:/cocos_zml/zml-cocos2d-games/zml-cocos2d-AirplaneBattle/assets/Scripts/EventManager.ts.
21:22:26.565 debug: Resolve ./Tool from file:///D:/cocos_zml/zml-cocos2d-games/zml-cocos2d-AirplaneBattle/assets/Scripts/Player.ts as file:///D:/cocos_zml/zml-cocos2d-games/zml-cocos2d-AirplaneBattle/assets/Scripts/Tool.ts.
21:22:26.577 debug: Target(editor) ends with cost 110.62910000048578ms.
21:22:26.577 debug: Target(preview) build started.
21:22:26.579 debug: Detected change: cce:/internal/x/prerequisite-imports. Last mtime: Thu Jan 01 1970 10:15:01 GMT+0800 (中国标准时间), Current mtime: Thu Jan 01 1970 10:15:14 GMT+0800 (中国标准时间)
21:22:26.579 debug: Inspect cce:/internal/x/prerequisite-imports
21:22:26.591 debug: transform url: 'cce:/internal/x/prerequisite-imports' costs: 11.20 ms
21:22:26.594 debug: Resolve file:///D:/cocos_editor/Creator/3.8.8/resources/resources/3d/engine/editor/assets/default_renderpipeline/builtin-dof-pass.ts from cce:/internal/x/prerequisite-imports as file:///D:/cocos_editor/Creator/3.8.8/resources/resources/3d/engine/editor/assets/default_renderpipeline/builtin-dof-pass.ts.
21:22:26.595 debug: Resolve file:///D:/cocos_editor/Creator/3.8.8/resources/resources/3d/engine/editor/assets/default_renderpipeline/builtin-pipeline-pass.ts from cce:/internal/x/prerequisite-imports as file:///D:/cocos_editor/Creator/3.8.8/resources/resources/3d/engine/editor/assets/default_renderpipeline/builtin-pipeline-pass.ts.
21:22:26.596 debug: Resolve file:///D:/cocos_editor/Creator/3.8.8/resources/resources/3d/engine/editor/assets/default_renderpipeline/builtin-pipeline-settings.ts from cce:/internal/x/prerequisite-imports as file:///D:/cocos_editor/Creator/3.8.8/resources/resources/3d/engine/editor/assets/default_renderpipeline/builtin-pipeline-settings.ts.
21:22:26.596 debug: Resolve file:///D:/cocos_editor/Creator/3.8.8/resources/resources/3d/engine/editor/assets/default_renderpipeline/builtin-pipeline-types.ts from cce:/internal/x/prerequisite-imports as file:///D:/cocos_editor/Creator/3.8.8/resources/resources/3d/engine/editor/assets/default_renderpipeline/builtin-pipeline-types.ts.
21:22:26.597 debug: Resolve file:///D:/cocos_editor/Creator/3.8.8/resources/resources/3d/engine/editor/assets/default_renderpipeline/builtin-pipeline.ts from cce:/internal/x/prerequisite-imports as file:///D:/cocos_editor/Creator/3.8.8/resources/resources/3d/engine/editor/assets/default_renderpipeline/builtin-pipeline.ts.
21:22:26.598 debug: Resolve file:///D:/cocos_editor/Creator/3.8.8/resources/resources/3d/engine/editor/assets/tools/debug-view-runtime-control.ts from cce:/internal/x/prerequisite-imports as file:///D:/cocos_editor/Creator/3.8.8/resources/resources/3d/engine/editor/assets/tools/debug-view-runtime-control.ts.
21:22:26.599 debug: Resolve file:///D:/cocos_zml/zml-cocos2d-games/zml-cocos2d-AirplaneBattle/assets/Scripts/Bg.ts from cce:/internal/x/prerequisite-imports as file:///D:/cocos_zml/zml-cocos2d-games/zml-cocos2d-AirplaneBattle/assets/Scripts/Bg.ts.
21:22:26.599 debug: Resolve file:///D:/cocos_zml/zml-cocos2d-games/zml-cocos2d-AirplaneBattle/assets/Scripts/Bullet.ts from cce:/internal/x/prerequisite-imports as file:///D:/cocos_zml/zml-cocos2d-games/zml-cocos2d-AirplaneBattle/assets/Scripts/Bullet.ts.
21:22:26.600 debug: Resolve file:///D:/cocos_zml/zml-cocos2d-games/zml-cocos2d-AirplaneBattle/assets/Scripts/Enemy.ts from cce:/internal/x/prerequisite-imports as file:///D:/cocos_zml/zml-cocos2d-games/zml-cocos2d-AirplaneBattle/assets/Scripts/Enemy.ts.
21:22:26.601 debug: Resolve file:///D:/cocos_zml/zml-cocos2d-games/zml-cocos2d-AirplaneBattle/assets/Scripts/EnemyManage.ts from cce:/internal/x/prerequisite-imports as file:///D:/cocos_zml/zml-cocos2d-games/zml-cocos2d-AirplaneBattle/assets/Scripts/EnemyManage.ts.
21:22:26.601 debug: Resolve file:///D:/cocos_zml/zml-cocos2d-games/zml-cocos2d-AirplaneBattle/assets/Scripts/EventManager.ts from cce:/internal/x/prerequisite-imports as file:///D:/cocos_zml/zml-cocos2d-games/zml-cocos2d-AirplaneBattle/assets/Scripts/EventManager.ts.
21:22:26.602 debug: Resolve file:///D:/cocos_zml/zml-cocos2d-games/zml-cocos2d-AirplaneBattle/assets/Scripts/Player.ts from cce:/internal/x/prerequisite-imports as file:///D:/cocos_zml/zml-cocos2d-games/zml-cocos2d-AirplaneBattle/assets/Scripts/Player.ts.
21:22:26.602 debug: Detected change: file:///D:/cocos_zml/zml-cocos2d-games/zml-cocos2d-AirplaneBattle/assets/Scripts/Player.ts. Last mtime: Fri Apr 24 2026 21:22:08 GMT+0800 (中国标准时间)@25c4e26c-e0ac-4687-863e-168efe47eb38, Current mtime: Fri Apr 24 2026 21:22:24 GMT+0800 (中国标准时间)@25c4e26c-e0ac-4687-863e-168efe47eb38
21:22:26.602 debug: Inspect file:///D:/cocos_zml/zml-cocos2d-games/zml-cocos2d-AirplaneBattle/assets/Scripts/Player.ts
21:22:26.687 debug: transform url: 'file:///D:/cocos_zml/zml-cocos2d-games/zml-cocos2d-AirplaneBattle/assets/Scripts/Player.ts' costs: 84.90 ms
21:22:26.689 debug: Resolve file:///D:/cocos_zml/zml-cocos2d-games/zml-cocos2d-AirplaneBattle/assets/Scripts/StartGame.ts from cce:/internal/x/prerequisite-imports as file:///D:/cocos_zml/zml-cocos2d-games/zml-cocos2d-AirplaneBattle/assets/Scripts/StartGame.ts.
21:22:26.689 debug: Resolve file:///D:/cocos_zml/zml-cocos2d-games/zml-cocos2d-AirplaneBattle/assets/Scripts/Tool.ts from cce:/internal/x/prerequisite-imports as file:///D:/cocos_zml/zml-cocos2d-games/zml-cocos2d-AirplaneBattle/assets/Scripts/Tool.ts.
21:22:26.690 debug: Resolve file:///D:/cocos_zml/zml-cocos2d-games/zml-cocos2d-AirplaneBattle/assets/Scripts/ToolManage.ts from cce:/internal/x/prerequisite-imports as file:///D:/cocos_zml/zml-cocos2d-games/zml-cocos2d-AirplaneBattle/assets/Scripts/ToolManage.ts.
21:22:26.690 debug: Resolve cce:/internal/code-quality/cr.mjs from file:///D:/cocos_zml/zml-cocos2d-games/zml-cocos2d-AirplaneBattle/assets/Scripts/Player.ts as cce:/internal/code-quality/cr.mjs.
21:22:26.690 debug: Resolve cc from file:///D:/cocos_zml/zml-cocos2d-games/zml-cocos2d-AirplaneBattle/assets/Scripts/Player.ts as cce:/internal/x/cc.
21:22:26.691 debug: Resolve cc from file:///D:/cocos_zml/zml-cocos2d-games/zml-cocos2d-AirplaneBattle/assets/Scripts/Player.ts as cce:/internal/x/cc.
21:22:26.691 debug: Resolve cc from file:///D:/cocos_zml/zml-cocos2d-games/zml-cocos2d-AirplaneBattle/assets/Scripts/Player.ts as cce:/internal/x/cc.
21:22:26.691 debug: Resolve ./EventManager from file:///D:/cocos_zml/zml-cocos2d-games/zml-cocos2d-AirplaneBattle/assets/Scripts/Player.ts as file:///D:/cocos_zml/zml-cocos2d-games/zml-cocos2d-AirplaneBattle/assets/Scripts/EventManager.ts.
21:22:26.692 debug: Resolve ./Tool from file:///D:/cocos_zml/zml-cocos2d-games/zml-cocos2d-AirplaneBattle/assets/Scripts/Player.ts as file:///D:/cocos_zml/zml-cocos2d-games/zml-cocos2d-AirplaneBattle/assets/Scripts/Tool.ts.
21:22:26.704 debug: Target(preview) ends with cost 126.56810000073165ms.
21:51:21.957 debug: Dispatch build request for time accumulated 1 asset changes.
21:51:21.963 debug: Build iteration starts.
Number of accumulated asset changes: 1
Feature changed: false
21:51:21.963 debug: Target(editor) build started.
21:51:21.966 debug: Detected change: cce:/internal/x/prerequisite-imports. Last mtime: Thu Jan 01 1970 10:15:14 GMT+0800 (中国标准时间), Current mtime: Thu Jan 01 1970 10:44:09 GMT+0800 (中国标准时间)
21:51:21.966 debug: Inspect cce:/internal/x/prerequisite-imports
21:51:21.976 debug: transform url: 'cce:/internal/x/prerequisite-imports' costs: 10.10 ms
21:51:21.979 debug: Resolve file:///D:/cocos_editor/Creator/3.8.8/resources/resources/3d/engine/editor/assets/default_renderpipeline/builtin-dof-pass.ts from cce:/internal/x/prerequisite-imports as file:///D:/cocos_editor/Creator/3.8.8/resources/resources/3d/engine/editor/assets/default_renderpipeline/builtin-dof-pass.ts.
21:51:21.980 debug: Resolve file:///D:/cocos_editor/Creator/3.8.8/resources/resources/3d/engine/editor/assets/default_renderpipeline/builtin-pipeline-pass.ts from cce:/internal/x/prerequisite-imports as file:///D:/cocos_editor/Creator/3.8.8/resources/resources/3d/engine/editor/assets/default_renderpipeline/builtin-pipeline-pass.ts.
21:51:21.981 debug: Resolve file:///D:/cocos_editor/Creator/3.8.8/resources/resources/3d/engine/editor/assets/default_renderpipeline/builtin-pipeline-settings.ts from cce:/internal/x/prerequisite-imports as file:///D:/cocos_editor/Creator/3.8.8/resources/resources/3d/engine/editor/assets/default_renderpipeline/builtin-pipeline-settings.ts.
21:51:21.981 debug: Resolve file:///D:/cocos_editor/Creator/3.8.8/resources/resources/3d/engine/editor/assets/default_renderpipeline/builtin-pipeline-types.ts from cce:/internal/x/prerequisite-imports as file:///D:/cocos_editor/Creator/3.8.8/resources/resources/3d/engine/editor/assets/default_renderpipeline/builtin-pipeline-types.ts.
21:51:21.982 debug: Resolve file:///D:/cocos_editor/Creator/3.8.8/resources/resources/3d/engine/editor/assets/default_renderpipeline/builtin-pipeline.ts from cce:/internal/x/prerequisite-imports as file:///D:/cocos_editor/Creator/3.8.8/resources/resources/3d/engine/editor/assets/default_renderpipeline/builtin-pipeline.ts.
21:51:21.983 debug: Resolve file:///D:/cocos_editor/Creator/3.8.8/resources/resources/3d/engine/editor/assets/tools/debug-view-runtime-control.ts from cce:/internal/x/prerequisite-imports as file:///D:/cocos_editor/Creator/3.8.8/resources/resources/3d/engine/editor/assets/tools/debug-view-runtime-control.ts.
21:51:21.984 debug: Resolve file:///D:/cocos_zml/zml-cocos2d-games/zml-cocos2d-AirplaneBattle/assets/Scripts/Bg.ts from cce:/internal/x/prerequisite-imports as file:///D:/cocos_zml/zml-cocos2d-games/zml-cocos2d-AirplaneBattle/assets/Scripts/Bg.ts.
21:51:21.984 debug: Resolve file:///D:/cocos_zml/zml-cocos2d-games/zml-cocos2d-AirplaneBattle/assets/Scripts/Bullet.ts from cce:/internal/x/prerequisite-imports as file:///D:/cocos_zml/zml-cocos2d-games/zml-cocos2d-AirplaneBattle/assets/Scripts/Bullet.ts.
21:51:21.985 debug: Resolve file:///D:/cocos_zml/zml-cocos2d-games/zml-cocos2d-AirplaneBattle/assets/Scripts/Enemy.ts from cce:/internal/x/prerequisite-imports as file:///D:/cocos_zml/zml-cocos2d-games/zml-cocos2d-AirplaneBattle/assets/Scripts/Enemy.ts.
21:51:21.985 debug: Resolve file:///D:/cocos_zml/zml-cocos2d-games/zml-cocos2d-AirplaneBattle/assets/Scripts/EnemyManage.ts from cce:/internal/x/prerequisite-imports as file:///D:/cocos_zml/zml-cocos2d-games/zml-cocos2d-AirplaneBattle/assets/Scripts/EnemyManage.ts.
21:51:21.986 debug: Resolve file:///D:/cocos_zml/zml-cocos2d-games/zml-cocos2d-AirplaneBattle/assets/Scripts/EventManager.ts from cce:/internal/x/prerequisite-imports as file:///D:/cocos_zml/zml-cocos2d-games/zml-cocos2d-AirplaneBattle/assets/Scripts/EventManager.ts.
21:51:21.986 debug: Resolve file:///D:/cocos_zml/zml-cocos2d-games/zml-cocos2d-AirplaneBattle/assets/Scripts/Player.ts from cce:/internal/x/prerequisite-imports as file:///D:/cocos_zml/zml-cocos2d-games/zml-cocos2d-AirplaneBattle/assets/Scripts/Player.ts.
21:51:21.986 debug: Detected change: file:///D:/cocos_zml/zml-cocos2d-games/zml-cocos2d-AirplaneBattle/assets/Scripts/Player.ts. Last mtime: Fri Apr 24 2026 21:22:24 GMT+0800 (中国标准时间)@25c4e26c-e0ac-4687-863e-168efe47eb38, Current mtime: Fri Apr 24 2026 21:51:20 GMT+0800 (中国标准时间)@25c4e26c-e0ac-4687-863e-168efe47eb38
21:51:21.986 debug: Inspect file:///D:/cocos_zml/zml-cocos2d-games/zml-cocos2d-AirplaneBattle/assets/Scripts/Player.ts
21:51:22.061 debug: transform url: 'file:///D:/cocos_zml/zml-cocos2d-games/zml-cocos2d-AirplaneBattle/assets/Scripts/Player.ts' costs: 74.40 ms
21:51:22.064 debug: Resolve file:///D:/cocos_zml/zml-cocos2d-games/zml-cocos2d-AirplaneBattle/assets/Scripts/StartGame.ts from cce:/internal/x/prerequisite-imports as file:///D:/cocos_zml/zml-cocos2d-games/zml-cocos2d-AirplaneBattle/assets/Scripts/StartGame.ts.
21:51:22.064 debug: Resolve file:///D:/cocos_zml/zml-cocos2d-games/zml-cocos2d-AirplaneBattle/assets/Scripts/Tool.ts from cce:/internal/x/prerequisite-imports as file:///D:/cocos_zml/zml-cocos2d-games/zml-cocos2d-AirplaneBattle/assets/Scripts/Tool.ts.
21:51:22.064 debug: Resolve file:///D:/cocos_zml/zml-cocos2d-games/zml-cocos2d-AirplaneBattle/assets/Scripts/ToolManage.ts from cce:/internal/x/prerequisite-imports as file:///D:/cocos_zml/zml-cocos2d-games/zml-cocos2d-AirplaneBattle/assets/Scripts/ToolManage.ts.
21:51:22.065 debug: Resolve cce:/internal/code-quality/cr.mjs from file:///D:/cocos_zml/zml-cocos2d-games/zml-cocos2d-AirplaneBattle/assets/Scripts/Player.ts as cce:/internal/code-quality/cr.mjs.
21:51:22.065 debug: Resolve cc from file:///D:/cocos_zml/zml-cocos2d-games/zml-cocos2d-AirplaneBattle/assets/Scripts/Player.ts as cce:/internal/x/cc.
21:51:22.065 debug: Resolve cc from file:///D:/cocos_zml/zml-cocos2d-games/zml-cocos2d-AirplaneBattle/assets/Scripts/Player.ts as cce:/internal/x/cc.
21:51:22.065 debug: Resolve cc from file:///D:/cocos_zml/zml-cocos2d-games/zml-cocos2d-AirplaneBattle/assets/Scripts/Player.ts as cce:/internal/x/cc.
21:51:22.066 debug: Resolve ./EventManager from file:///D:/cocos_zml/zml-cocos2d-games/zml-cocos2d-AirplaneBattle/assets/Scripts/Player.ts as file:///D:/cocos_zml/zml-cocos2d-games/zml-cocos2d-AirplaneBattle/assets/Scripts/EventManager.ts.
21:51:22.067 debug: Resolve ./Tool from file:///D:/cocos_zml/zml-cocos2d-games/zml-cocos2d-AirplaneBattle/assets/Scripts/Player.ts as file:///D:/cocos_zml/zml-cocos2d-games/zml-cocos2d-AirplaneBattle/assets/Scripts/Tool.ts.
21:51:22.080 debug: Target(editor) ends with cost 116.65889999829233ms.
21:51:22.080 debug: Target(preview) build started.
21:51:22.083 debug: Detected change: cce:/internal/x/prerequisite-imports. Last mtime: Thu Jan 01 1970 10:15:14 GMT+0800 (中国标准时间), Current mtime: Thu Jan 01 1970 10:44:09 GMT+0800 (中国标准时间)
21:51:22.083 debug: Inspect cce:/internal/x/prerequisite-imports
21:51:22.096 debug: transform url: 'cce:/internal/x/prerequisite-imports' costs: 12.80 ms
21:51:22.098 debug: Resolve file:///D:/cocos_editor/Creator/3.8.8/resources/resources/3d/engine/editor/assets/default_renderpipeline/builtin-dof-pass.ts from cce:/internal/x/prerequisite-imports as file:///D:/cocos_editor/Creator/3.8.8/resources/resources/3d/engine/editor/assets/default_renderpipeline/builtin-dof-pass.ts.
21:51:22.099 debug: Resolve file:///D:/cocos_editor/Creator/3.8.8/resources/resources/3d/engine/editor/assets/default_renderpipeline/builtin-pipeline-pass.ts from cce:/internal/x/prerequisite-imports as file:///D:/cocos_editor/Creator/3.8.8/resources/resources/3d/engine/editor/assets/default_renderpipeline/builtin-pipeline-pass.ts.
21:51:22.100 debug: Resolve file:///D:/cocos_editor/Creator/3.8.8/resources/resources/3d/engine/editor/assets/default_renderpipeline/builtin-pipeline-settings.ts from cce:/internal/x/prerequisite-imports as file:///D:/cocos_editor/Creator/3.8.8/resources/resources/3d/engine/editor/assets/default_renderpipeline/builtin-pipeline-settings.ts.
21:51:22.100 debug: Resolve file:///D:/cocos_editor/Creator/3.8.8/resources/resources/3d/engine/editor/assets/default_renderpipeline/builtin-pipeline-types.ts from cce:/internal/x/prerequisite-imports as file:///D:/cocos_editor/Creator/3.8.8/resources/resources/3d/engine/editor/assets/default_renderpipeline/builtin-pipeline-types.ts.
21:51:22.101 debug: Resolve file:///D:/cocos_editor/Creator/3.8.8/resources/resources/3d/engine/editor/assets/default_renderpipeline/builtin-pipeline.ts from cce:/internal/x/prerequisite-imports as file:///D:/cocos_editor/Creator/3.8.8/resources/resources/3d/engine/editor/assets/default_renderpipeline/builtin-pipeline.ts.
21:51:22.102 debug: Resolve file:///D:/cocos_editor/Creator/3.8.8/resources/resources/3d/engine/editor/assets/tools/debug-view-runtime-control.ts from cce:/internal/x/prerequisite-imports as file:///D:/cocos_editor/Creator/3.8.8/resources/resources/3d/engine/editor/assets/tools/debug-view-runtime-control.ts.
21:51:22.103 debug: Resolve file:///D:/cocos_zml/zml-cocos2d-games/zml-cocos2d-AirplaneBattle/assets/Scripts/Bg.ts from cce:/internal/x/prerequisite-imports as file:///D:/cocos_zml/zml-cocos2d-games/zml-cocos2d-AirplaneBattle/assets/Scripts/Bg.ts.
21:51:22.103 debug: Resolve file:///D:/cocos_zml/zml-cocos2d-games/zml-cocos2d-AirplaneBattle/assets/Scripts/Bullet.ts from cce:/internal/x/prerequisite-imports as file:///D:/cocos_zml/zml-cocos2d-games/zml-cocos2d-AirplaneBattle/assets/Scripts/Bullet.ts.
21:51:22.104 debug: Resolve file:///D:/cocos_zml/zml-cocos2d-games/zml-cocos2d-AirplaneBattle/assets/Scripts/Enemy.ts from cce:/internal/x/prerequisite-imports as file:///D:/cocos_zml/zml-cocos2d-games/zml-cocos2d-AirplaneBattle/assets/Scripts/Enemy.ts.
21:51:22.105 debug: Resolve file:///D:/cocos_zml/zml-cocos2d-games/zml-cocos2d-AirplaneBattle/assets/Scripts/EnemyManage.ts from cce:/internal/x/prerequisite-imports as file:///D:/cocos_zml/zml-cocos2d-games/zml-cocos2d-AirplaneBattle/assets/Scripts/EnemyManage.ts.
21:51:22.105 debug: Resolve file:///D:/cocos_zml/zml-cocos2d-games/zml-cocos2d-AirplaneBattle/assets/Scripts/EventManager.ts from cce:/internal/x/prerequisite-imports as file:///D:/cocos_zml/zml-cocos2d-games/zml-cocos2d-AirplaneBattle/assets/Scripts/EventManager.ts.
21:51:22.106 debug: Resolve file:///D:/cocos_zml/zml-cocos2d-games/zml-cocos2d-AirplaneBattle/assets/Scripts/Player.ts from cce:/internal/x/prerequisite-imports as file:///D:/cocos_zml/zml-cocos2d-games/zml-cocos2d-AirplaneBattle/assets/Scripts/Player.ts.
21:51:22.106 debug: Detected change: file:///D:/cocos_zml/zml-cocos2d-games/zml-cocos2d-AirplaneBattle/assets/Scripts/Player.ts. Last mtime: Fri Apr 24 2026 21:22:24 GMT+0800 (中国标准时间)@25c4e26c-e0ac-4687-863e-168efe47eb38, Current mtime: Fri Apr 24 2026 21:51:20 GMT+0800 (中国标准时间)@25c4e26c-e0ac-4687-863e-168efe47eb38
21:51:22.106 debug: Inspect file:///D:/cocos_zml/zml-cocos2d-games/zml-cocos2d-AirplaneBattle/assets/Scripts/Player.ts
21:51:22.259 debug: transform url: 'file:///D:/cocos_zml/zml-cocos2d-games/zml-cocos2d-AirplaneBattle/assets/Scripts/Player.ts' costs: 152.90 ms
21:51:22.262 debug: Resolve file:///D:/cocos_zml/zml-cocos2d-games/zml-cocos2d-AirplaneBattle/assets/Scripts/StartGame.ts from cce:/internal/x/prerequisite-imports as file:///D:/cocos_zml/zml-cocos2d-games/zml-cocos2d-AirplaneBattle/assets/Scripts/StartGame.ts.
21:51:22.262 debug: Resolve file:///D:/cocos_zml/zml-cocos2d-games/zml-cocos2d-AirplaneBattle/assets/Scripts/Tool.ts from cce:/internal/x/prerequisite-imports as file:///D:/cocos_zml/zml-cocos2d-games/zml-cocos2d-AirplaneBattle/assets/Scripts/Tool.ts.
21:51:22.263 debug: Resolve file:///D:/cocos_zml/zml-cocos2d-games/zml-cocos2d-AirplaneBattle/assets/Scripts/ToolManage.ts from cce:/internal/x/prerequisite-imports as file:///D:/cocos_zml/zml-cocos2d-games/zml-cocos2d-AirplaneBattle/assets/Scripts/ToolManage.ts.
21:51:22.263 debug: Resolve cce:/internal/code-quality/cr.mjs from file:///D:/cocos_zml/zml-cocos2d-games/zml-cocos2d-AirplaneBattle/assets/Scripts/Player.ts as cce:/internal/code-quality/cr.mjs.
21:51:22.263 debug: Resolve cc from file:///D:/cocos_zml/zml-cocos2d-games/zml-cocos2d-AirplaneBattle/assets/Scripts/Player.ts as cce:/internal/x/cc.
21:51:22.264 debug: Resolve cc from file:///D:/cocos_zml/zml-cocos2d-games/zml-cocos2d-AirplaneBattle/assets/Scripts/Player.ts as cce:/internal/x/cc.
21:51:22.264 debug: Resolve cc from file:///D:/cocos_zml/zml-cocos2d-games/zml-cocos2d-AirplaneBattle/assets/Scripts/Player.ts as cce:/internal/x/cc.
21:51:22.264 debug: Resolve ./EventManager from file:///D:/cocos_zml/zml-cocos2d-games/zml-cocos2d-AirplaneBattle/assets/Scripts/Player.ts as file:///D:/cocos_zml/zml-cocos2d-games/zml-cocos2d-AirplaneBattle/assets/Scripts/EventManager.ts.
21:51:22.265 debug: Resolve ./Tool from file:///D:/cocos_zml/zml-cocos2d-games/zml-cocos2d-AirplaneBattle/assets/Scripts/Player.ts as file:///D:/cocos_zml/zml-cocos2d-games/zml-cocos2d-AirplaneBattle/assets/Scripts/Tool.ts.
21:51:22.283 debug: Target(preview) ends with cost 202.65959999896586ms.
21:54:41.162 debug: Dispatch build request for time accumulated 2 asset changes.
21:54:41.163 debug: Build iteration starts.
Number of accumulated asset changes: 2
Feature changed: false
21:54:41.163 debug: Target(editor) build started.
21:54:41.166 debug: Detected change: cce:/internal/x/prerequisite-imports. Last mtime: Thu Jan 01 1970 10:44:09 GMT+0800 (中国标准时间), Current mtime: Thu Jan 01 1970 10:47:28 GMT+0800 (中国标准时间)
21:54:41.166 debug: Inspect cce:/internal/x/prerequisite-imports
21:54:41.186 debug: transform url: 'cce:/internal/x/prerequisite-imports' costs: 19.50 ms
21:54:41.188 debug: Resolve file:///D:/cocos_editor/Creator/3.8.8/resources/resources/3d/engine/editor/assets/default_renderpipeline/builtin-dof-pass.ts from cce:/internal/x/prerequisite-imports as file:///D:/cocos_editor/Creator/3.8.8/resources/resources/3d/engine/editor/assets/default_renderpipeline/builtin-dof-pass.ts.
21:54:41.189 debug: Resolve file:///D:/cocos_editor/Creator/3.8.8/resources/resources/3d/engine/editor/assets/default_renderpipeline/builtin-pipeline-pass.ts from cce:/internal/x/prerequisite-imports as file:///D:/cocos_editor/Creator/3.8.8/resources/resources/3d/engine/editor/assets/default_renderpipeline/builtin-pipeline-pass.ts.
21:54:41.190 debug: Resolve file:///D:/cocos_editor/Creator/3.8.8/resources/resources/3d/engine/editor/assets/default_renderpipeline/builtin-pipeline-settings.ts from cce:/internal/x/prerequisite-imports as file:///D:/cocos_editor/Creator/3.8.8/resources/resources/3d/engine/editor/assets/default_renderpipeline/builtin-pipeline-settings.ts.
21:54:41.191 debug: Resolve file:///D:/cocos_editor/Creator/3.8.8/resources/resources/3d/engine/editor/assets/default_renderpipeline/builtin-pipeline-types.ts from cce:/internal/x/prerequisite-imports as file:///D:/cocos_editor/Creator/3.8.8/resources/resources/3d/engine/editor/assets/default_renderpipeline/builtin-pipeline-types.ts.
21:54:41.191 debug: Resolve file:///D:/cocos_editor/Creator/3.8.8/resources/resources/3d/engine/editor/assets/default_renderpipeline/builtin-pipeline.ts from cce:/internal/x/prerequisite-imports as file:///D:/cocos_editor/Creator/3.8.8/resources/resources/3d/engine/editor/assets/default_renderpipeline/builtin-pipeline.ts.
21:54:41.192 debug: Resolve file:///D:/cocos_editor/Creator/3.8.8/resources/resources/3d/engine/editor/assets/tools/debug-view-runtime-control.ts from cce:/internal/x/prerequisite-imports as file:///D:/cocos_editor/Creator/3.8.8/resources/resources/3d/engine/editor/assets/tools/debug-view-runtime-control.ts.
21:54:41.192 debug: Resolve file:///D:/cocos_zml/zml-cocos2d-games/zml-cocos2d-AirplaneBattle/assets/Scripts/Bg.ts from cce:/internal/x/prerequisite-imports as file:///D:/cocos_zml/zml-cocos2d-games/zml-cocos2d-AirplaneBattle/assets/Scripts/Bg.ts.
21:54:41.193 debug: Resolve file:///D:/cocos_zml/zml-cocos2d-games/zml-cocos2d-AirplaneBattle/assets/Scripts/Bullet.ts from cce:/internal/x/prerequisite-imports as file:///D:/cocos_zml/zml-cocos2d-games/zml-cocos2d-AirplaneBattle/assets/Scripts/Bullet.ts.
21:54:41.193 debug: Resolve file:///D:/cocos_zml/zml-cocos2d-games/zml-cocos2d-AirplaneBattle/assets/Scripts/Enemy.ts from cce:/internal/x/prerequisite-imports as file:///D:/cocos_zml/zml-cocos2d-games/zml-cocos2d-AirplaneBattle/assets/Scripts/Enemy.ts.
21:54:41.193 debug: Detected change: file:///D:/cocos_zml/zml-cocos2d-games/zml-cocos2d-AirplaneBattle/assets/Scripts/Enemy.ts. Last mtime: Tue Apr 21 2026 18:51:25 GMT+0800 (中国标准时间)@1cb4211e-7ec2-4f95-84f0-92d280239721, Current mtime: Fri Apr 24 2026 21:54:26 GMT+0800 (中国标准时间)@1cb4211e-7ec2-4f95-84f0-92d280239721
21:54:41.193 debug: Inspect file:///D:/cocos_zml/zml-cocos2d-games/zml-cocos2d-AirplaneBattle/assets/Scripts/Enemy.ts
21:54:41.270 debug: transform url: 'file:///D:/cocos_zml/zml-cocos2d-games/zml-cocos2d-AirplaneBattle/assets/Scripts/Enemy.ts' costs: 76.30 ms
21:54:41.272 debug: Resolve file:///D:/cocos_zml/zml-cocos2d-games/zml-cocos2d-AirplaneBattle/assets/Scripts/EnemyManage.ts from cce:/internal/x/prerequisite-imports as file:///D:/cocos_zml/zml-cocos2d-games/zml-cocos2d-AirplaneBattle/assets/Scripts/EnemyManage.ts.
21:54:41.273 debug: Resolve file:///D:/cocos_zml/zml-cocos2d-games/zml-cocos2d-AirplaneBattle/assets/Scripts/EventManager.ts from cce:/internal/x/prerequisite-imports as file:///D:/cocos_zml/zml-cocos2d-games/zml-cocos2d-AirplaneBattle/assets/Scripts/EventManager.ts.
21:54:41.273 debug: Resolve file:///D:/cocos_zml/zml-cocos2d-games/zml-cocos2d-AirplaneBattle/assets/Scripts/Player.ts from cce:/internal/x/prerequisite-imports as file:///D:/cocos_zml/zml-cocos2d-games/zml-cocos2d-AirplaneBattle/assets/Scripts/Player.ts.
21:54:41.273 debug: Detected change: file:///D:/cocos_zml/zml-cocos2d-games/zml-cocos2d-AirplaneBattle/assets/Scripts/Player.ts. Last mtime: Fri Apr 24 2026 21:51:20 GMT+0800 (中国标准时间)@25c4e26c-e0ac-4687-863e-168efe47eb38, Current mtime: Fri Apr 24 2026 21:52:09 GMT+0800 (中国标准时间)@25c4e26c-e0ac-4687-863e-168efe47eb38
21:54:41.273 debug: Inspect file:///D:/cocos_zml/zml-cocos2d-games/zml-cocos2d-AirplaneBattle/assets/Scripts/Player.ts
21:54:41.368 debug: transform url: 'file:///D:/cocos_zml/zml-cocos2d-games/zml-cocos2d-AirplaneBattle/assets/Scripts/Player.ts' costs: 94.90 ms
21:54:41.371 debug: Resolve file:///D:/cocos_zml/zml-cocos2d-games/zml-cocos2d-AirplaneBattle/assets/Scripts/StartGame.ts from cce:/internal/x/prerequisite-imports as file:///D:/cocos_zml/zml-cocos2d-games/zml-cocos2d-AirplaneBattle/assets/Scripts/StartGame.ts.
21:54:41.372 debug: Resolve file:///D:/cocos_zml/zml-cocos2d-games/zml-cocos2d-AirplaneBattle/assets/Scripts/Tool.ts from cce:/internal/x/prerequisite-imports as file:///D:/cocos_zml/zml-cocos2d-games/zml-cocos2d-AirplaneBattle/assets/Scripts/Tool.ts.
21:54:41.373 debug: Resolve file:///D:/cocos_zml/zml-cocos2d-games/zml-cocos2d-AirplaneBattle/assets/Scripts/ToolManage.ts from cce:/internal/x/prerequisite-imports as file:///D:/cocos_zml/zml-cocos2d-games/zml-cocos2d-AirplaneBattle/assets/Scripts/ToolManage.ts.
21:54:41.373 debug: Resolve cce:/internal/code-quality/cr.mjs from file:///D:/cocos_zml/zml-cocos2d-games/zml-cocos2d-AirplaneBattle/assets/Scripts/Enemy.ts as cce:/internal/code-quality/cr.mjs.
21:54:41.373 debug: Resolve cc from file:///D:/cocos_zml/zml-cocos2d-games/zml-cocos2d-AirplaneBattle/assets/Scripts/Enemy.ts as cce:/internal/x/cc.
21:54:41.373 debug: Resolve cc from file:///D:/cocos_zml/zml-cocos2d-games/zml-cocos2d-AirplaneBattle/assets/Scripts/Enemy.ts as cce:/internal/x/cc.
21:54:41.373 debug: Resolve cc from file:///D:/cocos_zml/zml-cocos2d-games/zml-cocos2d-AirplaneBattle/assets/Scripts/Enemy.ts as cce:/internal/x/cc.
21:54:41.374 debug: Resolve ./EventManager from file:///D:/cocos_zml/zml-cocos2d-games/zml-cocos2d-AirplaneBattle/assets/Scripts/Enemy.ts as file:///D:/cocos_zml/zml-cocos2d-games/zml-cocos2d-AirplaneBattle/assets/Scripts/EventManager.ts.
21:54:41.374 debug: Resolve cce:/internal/code-quality/cr.mjs from file:///D:/cocos_zml/zml-cocos2d-games/zml-cocos2d-AirplaneBattle/assets/Scripts/Player.ts as cce:/internal/code-quality/cr.mjs.
21:54:41.374 debug: Resolve cc from file:///D:/cocos_zml/zml-cocos2d-games/zml-cocos2d-AirplaneBattle/assets/Scripts/Player.ts as cce:/internal/x/cc.
21:54:41.374 debug: Resolve cc from file:///D:/cocos_zml/zml-cocos2d-games/zml-cocos2d-AirplaneBattle/assets/Scripts/Player.ts as cce:/internal/x/cc.
21:54:41.374 debug: Resolve cc from file:///D:/cocos_zml/zml-cocos2d-games/zml-cocos2d-AirplaneBattle/assets/Scripts/Player.ts as cce:/internal/x/cc.
21:54:41.375 debug: Resolve ./EventManager from file:///D:/cocos_zml/zml-cocos2d-games/zml-cocos2d-AirplaneBattle/assets/Scripts/Player.ts as file:///D:/cocos_zml/zml-cocos2d-games/zml-cocos2d-AirplaneBattle/assets/Scripts/EventManager.ts.
21:54:41.375 debug: Resolve ./Tool from file:///D:/cocos_zml/zml-cocos2d-games/zml-cocos2d-AirplaneBattle/assets/Scripts/Player.ts as file:///D:/cocos_zml/zml-cocos2d-games/zml-cocos2d-AirplaneBattle/assets/Scripts/Tool.ts.
21:54:41.391 debug: Target(editor) ends with cost 227.37229999899864ms.
21:54:41.391 debug: Target(preview) build started.
21:54:41.393 debug: Detected change: cce:/internal/x/prerequisite-imports. Last mtime: Thu Jan 01 1970 10:44:09 GMT+0800 (中国标准时间), Current mtime: Thu Jan 01 1970 10:47:29 GMT+0800 (中国标准时间)
21:54:41.393 debug: Inspect cce:/internal/x/prerequisite-imports
21:54:41.408 debug: transform url: 'cce:/internal/x/prerequisite-imports' costs: 14.90 ms
21:54:41.411 debug: Resolve file:///D:/cocos_editor/Creator/3.8.8/resources/resources/3d/engine/editor/assets/default_renderpipeline/builtin-dof-pass.ts from cce:/internal/x/prerequisite-imports as file:///D:/cocos_editor/Creator/3.8.8/resources/resources/3d/engine/editor/assets/default_renderpipeline/builtin-dof-pass.ts.
21:54:41.412 debug: Resolve file:///D:/cocos_editor/Creator/3.8.8/resources/resources/3d/engine/editor/assets/default_renderpipeline/builtin-pipeline-pass.ts from cce:/internal/x/prerequisite-imports as file:///D:/cocos_editor/Creator/3.8.8/resources/resources/3d/engine/editor/assets/default_renderpipeline/builtin-pipeline-pass.ts.
21:54:41.413 debug: Resolve file:///D:/cocos_editor/Creator/3.8.8/resources/resources/3d/engine/editor/assets/default_renderpipeline/builtin-pipeline-settings.ts from cce:/internal/x/prerequisite-imports as file:///D:/cocos_editor/Creator/3.8.8/resources/resources/3d/engine/editor/assets/default_renderpipeline/builtin-pipeline-settings.ts.
21:54:41.415 debug: Resolve file:///D:/cocos_editor/Creator/3.8.8/resources/resources/3d/engine/editor/assets/default_renderpipeline/builtin-pipeline-types.ts from cce:/internal/x/prerequisite-imports as file:///D:/cocos_editor/Creator/3.8.8/resources/resources/3d/engine/editor/assets/default_renderpipeline/builtin-pipeline-types.ts.
21:54:41.416 debug: Resolve file:///D:/cocos_editor/Creator/3.8.8/resources/resources/3d/engine/editor/assets/default_renderpipeline/builtin-pipeline.ts from cce:/internal/x/prerequisite-imports as file:///D:/cocos_editor/Creator/3.8.8/resources/resources/3d/engine/editor/assets/default_renderpipeline/builtin-pipeline.ts.
21:54:41.417 debug: Resolve file:///D:/cocos_editor/Creator/3.8.8/resources/resources/3d/engine/editor/assets/tools/debug-view-runtime-control.ts from cce:/internal/x/prerequisite-imports as file:///D:/cocos_editor/Creator/3.8.8/resources/resources/3d/engine/editor/assets/tools/debug-view-runtime-control.ts.
21:54:41.417 debug: Resolve file:///D:/cocos_zml/zml-cocos2d-games/zml-cocos2d-AirplaneBattle/assets/Scripts/Bg.ts from cce:/internal/x/prerequisite-imports as file:///D:/cocos_zml/zml-cocos2d-games/zml-cocos2d-AirplaneBattle/assets/Scripts/Bg.ts.
21:54:41.418 debug: Resolve file:///D:/cocos_zml/zml-cocos2d-games/zml-cocos2d-AirplaneBattle/assets/Scripts/Bullet.ts from cce:/internal/x/prerequisite-imports as file:///D:/cocos_zml/zml-cocos2d-games/zml-cocos2d-AirplaneBattle/assets/Scripts/Bullet.ts.
21:54:41.419 debug: Resolve file:///D:/cocos_zml/zml-cocos2d-games/zml-cocos2d-AirplaneBattle/assets/Scripts/Enemy.ts from cce:/internal/x/prerequisite-imports as file:///D:/cocos_zml/zml-cocos2d-games/zml-cocos2d-AirplaneBattle/assets/Scripts/Enemy.ts.
21:54:41.419 debug: Detected change: file:///D:/cocos_zml/zml-cocos2d-games/zml-cocos2d-AirplaneBattle/assets/Scripts/Enemy.ts. Last mtime: Tue Apr 21 2026 18:51:25 GMT+0800 (中国标准时间)@1cb4211e-7ec2-4f95-84f0-92d280239721, Current mtime: Fri Apr 24 2026 21:54:26 GMT+0800 (中国标准时间)@1cb4211e-7ec2-4f95-84f0-92d280239721
21:54:41.419 debug: Inspect file:///D:/cocos_zml/zml-cocos2d-games/zml-cocos2d-AirplaneBattle/assets/Scripts/Enemy.ts
21:54:41.485 debug: transform url: 'file:///D:/cocos_zml/zml-cocos2d-games/zml-cocos2d-AirplaneBattle/assets/Scripts/Enemy.ts' costs: 65.40 ms
21:54:41.487 debug: Resolve file:///D:/cocos_zml/zml-cocos2d-games/zml-cocos2d-AirplaneBattle/assets/Scripts/EnemyManage.ts from cce:/internal/x/prerequisite-imports as file:///D:/cocos_zml/zml-cocos2d-games/zml-cocos2d-AirplaneBattle/assets/Scripts/EnemyManage.ts.
21:54:41.488 debug: Resolve file:///D:/cocos_zml/zml-cocos2d-games/zml-cocos2d-AirplaneBattle/assets/Scripts/EventManager.ts from cce:/internal/x/prerequisite-imports as file:///D:/cocos_zml/zml-cocos2d-games/zml-cocos2d-AirplaneBattle/assets/Scripts/EventManager.ts.
21:54:41.488 debug: Resolve file:///D:/cocos_zml/zml-cocos2d-games/zml-cocos2d-AirplaneBattle/assets/Scripts/Player.ts from cce:/internal/x/prerequisite-imports as file:///D:/cocos_zml/zml-cocos2d-games/zml-cocos2d-AirplaneBattle/assets/Scripts/Player.ts.
21:54:41.489 debug: Detected change: file:///D:/cocos_zml/zml-cocos2d-games/zml-cocos2d-AirplaneBattle/assets/Scripts/Player.ts. Last mtime: Fri Apr 24 2026 21:51:20 GMT+0800 (中国标准时间)@25c4e26c-e0ac-4687-863e-168efe47eb38, Current mtime: Fri Apr 24 2026 21:52:09 GMT+0800 (中国标准时间)@25c4e26c-e0ac-4687-863e-168efe47eb38
21:54:41.489 debug: Inspect file:///D:/cocos_zml/zml-cocos2d-games/zml-cocos2d-AirplaneBattle/assets/Scripts/Player.ts
21:54:41.604 debug: transform url: 'file:///D:/cocos_zml/zml-cocos2d-games/zml-cocos2d-AirplaneBattle/assets/Scripts/Player.ts' costs: 115.20 ms
21:54:41.607 debug: Resolve file:///D:/cocos_zml/zml-cocos2d-games/zml-cocos2d-AirplaneBattle/assets/Scripts/StartGame.ts from cce:/internal/x/prerequisite-imports as file:///D:/cocos_zml/zml-cocos2d-games/zml-cocos2d-AirplaneBattle/assets/Scripts/StartGame.ts.
21:54:41.608 debug: Resolve file:///D:/cocos_zml/zml-cocos2d-games/zml-cocos2d-AirplaneBattle/assets/Scripts/Tool.ts from cce:/internal/x/prerequisite-imports as file:///D:/cocos_zml/zml-cocos2d-games/zml-cocos2d-AirplaneBattle/assets/Scripts/Tool.ts.
21:54:41.609 debug: Resolve file:///D:/cocos_zml/zml-cocos2d-games/zml-cocos2d-AirplaneBattle/assets/Scripts/ToolManage.ts from cce:/internal/x/prerequisite-imports as file:///D:/cocos_zml/zml-cocos2d-games/zml-cocos2d-AirplaneBattle/assets/Scripts/ToolManage.ts.
21:54:41.609 debug: Resolve cce:/internal/code-quality/cr.mjs from file:///D:/cocos_zml/zml-cocos2d-games/zml-cocos2d-AirplaneBattle/assets/Scripts/Enemy.ts as cce:/internal/code-quality/cr.mjs.
21:54:41.609 debug: Resolve cc from file:///D:/cocos_zml/zml-cocos2d-games/zml-cocos2d-AirplaneBattle/assets/Scripts/Enemy.ts as cce:/internal/x/cc.
21:54:41.609 debug: Resolve cc from file:///D:/cocos_zml/zml-cocos2d-games/zml-cocos2d-AirplaneBattle/assets/Scripts/Enemy.ts as cce:/internal/x/cc.
21:54:41.609 debug: Resolve cc from file:///D:/cocos_zml/zml-cocos2d-games/zml-cocos2d-AirplaneBattle/assets/Scripts/Enemy.ts as cce:/internal/x/cc.
21:54:41.610 debug: Resolve ./EventManager from file:///D:/cocos_zml/zml-cocos2d-games/zml-cocos2d-AirplaneBattle/assets/Scripts/Enemy.ts as file:///D:/cocos_zml/zml-cocos2d-games/zml-cocos2d-AirplaneBattle/assets/Scripts/EventManager.ts.
21:54:41.610 debug: Resolve cce:/internal/code-quality/cr.mjs from file:///D:/cocos_zml/zml-cocos2d-games/zml-cocos2d-AirplaneBattle/assets/Scripts/Player.ts as cce:/internal/code-quality/cr.mjs.
21:54:41.610 debug: Resolve cc from file:///D:/cocos_zml/zml-cocos2d-games/zml-cocos2d-AirplaneBattle/assets/Scripts/Player.ts as cce:/internal/x/cc.
21:54:41.610 debug: Resolve cc from file:///D:/cocos_zml/zml-cocos2d-games/zml-cocos2d-AirplaneBattle/assets/Scripts/Player.ts as cce:/internal/x/cc.
21:54:41.610 debug: Resolve cc from file:///D:/cocos_zml/zml-cocos2d-games/zml-cocos2d-AirplaneBattle/assets/Scripts/Player.ts as cce:/internal/x/cc.
21:54:41.611 debug: Resolve ./EventManager from file:///D:/cocos_zml/zml-cocos2d-games/zml-cocos2d-AirplaneBattle/assets/Scripts/Player.ts as file:///D:/cocos_zml/zml-cocos2d-games/zml-cocos2d-AirplaneBattle/assets/Scripts/EventManager.ts.
21:54:41.612 debug: Resolve ./Tool from file:///D:/cocos_zml/zml-cocos2d-games/zml-cocos2d-AirplaneBattle/assets/Scripts/Player.ts as file:///D:/cocos_zml/zml-cocos2d-games/zml-cocos2d-AirplaneBattle/assets/Scripts/Tool.ts.
21:54:41.629 debug: Target(preview) ends with cost 238.13949999958277ms.
22:14:39.286 debug: Dispatch build request for time accumulated 1 asset changes.
22:14:39.289 debug: Build iteration starts.
Number of accumulated asset changes: 1
Feature changed: false
22:14:39.289 debug: Target(editor) build started.
22:14:39.292 debug: Detected change: cce:/internal/x/prerequisite-imports. Last mtime: Thu Jan 01 1970 10:47:28 GMT+0800 (中国标准时间), Current mtime: Thu Jan 01 1970 11:07:27 GMT+0800 (中国标准时间)
22:14:39.292 debug: Inspect cce:/internal/x/prerequisite-imports
22:14:39.300 debug: transform url: 'cce:/internal/x/prerequisite-imports' costs: 8.70 ms
22:14:39.302 debug: Resolve file:///D:/cocos_editor/Creator/3.8.8/resources/resources/3d/engine/editor/assets/default_renderpipeline/builtin-dof-pass.ts from cce:/internal/x/prerequisite-imports as file:///D:/cocos_editor/Creator/3.8.8/resources/resources/3d/engine/editor/assets/default_renderpipeline/builtin-dof-pass.ts.
22:14:39.306 debug: Resolve file:///D:/cocos_editor/Creator/3.8.8/resources/resources/3d/engine/editor/assets/default_renderpipeline/builtin-pipeline-pass.ts from cce:/internal/x/prerequisite-imports as file:///D:/cocos_editor/Creator/3.8.8/resources/resources/3d/engine/editor/assets/default_renderpipeline/builtin-pipeline-pass.ts.
22:14:39.306 debug: Resolve file:///D:/cocos_editor/Creator/3.8.8/resources/resources/3d/engine/editor/assets/default_renderpipeline/builtin-pipeline-settings.ts from cce:/internal/x/prerequisite-imports as file:///D:/cocos_editor/Creator/3.8.8/resources/resources/3d/engine/editor/assets/default_renderpipeline/builtin-pipeline-settings.ts.
22:14:39.307 debug: Resolve file:///D:/cocos_editor/Creator/3.8.8/resources/resources/3d/engine/editor/assets/default_renderpipeline/builtin-pipeline-types.ts from cce:/internal/x/prerequisite-imports as file:///D:/cocos_editor/Creator/3.8.8/resources/resources/3d/engine/editor/assets/default_renderpipeline/builtin-pipeline-types.ts.
22:14:39.308 debug: Resolve file:///D:/cocos_editor/Creator/3.8.8/resources/resources/3d/engine/editor/assets/default_renderpipeline/builtin-pipeline.ts from cce:/internal/x/prerequisite-imports as file:///D:/cocos_editor/Creator/3.8.8/resources/resources/3d/engine/editor/assets/default_renderpipeline/builtin-pipeline.ts.
22:14:39.308 debug: Resolve file:///D:/cocos_editor/Creator/3.8.8/resources/resources/3d/engine/editor/assets/tools/debug-view-runtime-control.ts from cce:/internal/x/prerequisite-imports as file:///D:/cocos_editor/Creator/3.8.8/resources/resources/3d/engine/editor/assets/tools/debug-view-runtime-control.ts.
22:14:39.309 debug: Resolve file:///D:/cocos_zml/zml-cocos2d-games/zml-cocos2d-AirplaneBattle/assets/Scripts/Bg.ts from cce:/internal/x/prerequisite-imports as file:///D:/cocos_zml/zml-cocos2d-games/zml-cocos2d-AirplaneBattle/assets/Scripts/Bg.ts.
22:14:39.309 debug: Resolve file:///D:/cocos_zml/zml-cocos2d-games/zml-cocos2d-AirplaneBattle/assets/Scripts/Bullet.ts from cce:/internal/x/prerequisite-imports as file:///D:/cocos_zml/zml-cocos2d-games/zml-cocos2d-AirplaneBattle/assets/Scripts/Bullet.ts.
22:14:39.310 debug: Resolve file:///D:/cocos_zml/zml-cocos2d-games/zml-cocos2d-AirplaneBattle/assets/Scripts/Enemy.ts from cce:/internal/x/prerequisite-imports as file:///D:/cocos_zml/zml-cocos2d-games/zml-cocos2d-AirplaneBattle/assets/Scripts/Enemy.ts.
22:14:39.310 debug: Resolve file:///D:/cocos_zml/zml-cocos2d-games/zml-cocos2d-AirplaneBattle/assets/Scripts/EnemyManage.ts from cce:/internal/x/prerequisite-imports as file:///D:/cocos_zml/zml-cocos2d-games/zml-cocos2d-AirplaneBattle/assets/Scripts/EnemyManage.ts.
22:14:39.310 debug: Resolve file:///D:/cocos_zml/zml-cocos2d-games/zml-cocos2d-AirplaneBattle/assets/Scripts/EventManager.ts from cce:/internal/x/prerequisite-imports as file:///D:/cocos_zml/zml-cocos2d-games/zml-cocos2d-AirplaneBattle/assets/Scripts/EventManager.ts.
22:14:39.311 debug: Resolve file:///D:/cocos_zml/zml-cocos2d-games/zml-cocos2d-AirplaneBattle/assets/Scripts/Player.ts from cce:/internal/x/prerequisite-imports as file:///D:/cocos_zml/zml-cocos2d-games/zml-cocos2d-AirplaneBattle/assets/Scripts/Player.ts.
22:14:39.311 debug: Detected change: file:///D:/cocos_zml/zml-cocos2d-games/zml-cocos2d-AirplaneBattle/assets/Scripts/Player.ts. Last mtime: Fri Apr 24 2026 21:52:09 GMT+0800 (中国标准时间)@25c4e26c-e0ac-4687-863e-168efe47eb38, Current mtime: Fri Apr 24 2026 22:14:38 GMT+0800 (中国标准时间)@25c4e26c-e0ac-4687-863e-168efe47eb38
22:14:39.311 debug: Inspect file:///D:/cocos_zml/zml-cocos2d-games/zml-cocos2d-AirplaneBattle/assets/Scripts/Player.ts
22:14:39.381 debug: transform url: 'file:///D:/cocos_zml/zml-cocos2d-games/zml-cocos2d-AirplaneBattle/assets/Scripts/Player.ts' costs: 69.90 ms
22:14:39.384 debug: Resolve file:///D:/cocos_zml/zml-cocos2d-games/zml-cocos2d-AirplaneBattle/assets/Scripts/StartGame.ts from cce:/internal/x/prerequisite-imports as file:///D:/cocos_zml/zml-cocos2d-games/zml-cocos2d-AirplaneBattle/assets/Scripts/StartGame.ts.
22:14:39.384 debug: Resolve file:///D:/cocos_zml/zml-cocos2d-games/zml-cocos2d-AirplaneBattle/assets/Scripts/Tool.ts from cce:/internal/x/prerequisite-imports as file:///D:/cocos_zml/zml-cocos2d-games/zml-cocos2d-AirplaneBattle/assets/Scripts/Tool.ts.
22:14:39.385 debug: Resolve file:///D:/cocos_zml/zml-cocos2d-games/zml-cocos2d-AirplaneBattle/assets/Scripts/ToolManage.ts from cce:/internal/x/prerequisite-imports as file:///D:/cocos_zml/zml-cocos2d-games/zml-cocos2d-AirplaneBattle/assets/Scripts/ToolManage.ts.
22:14:39.385 debug: Resolve cce:/internal/code-quality/cr.mjs from file:///D:/cocos_zml/zml-cocos2d-games/zml-cocos2d-AirplaneBattle/assets/Scripts/Player.ts as cce:/internal/code-quality/cr.mjs.
22:14:39.385 debug: Resolve cc from file:///D:/cocos_zml/zml-cocos2d-games/zml-cocos2d-AirplaneBattle/assets/Scripts/Player.ts as cce:/internal/x/cc.
22:14:39.385 debug: Resolve cc from file:///D:/cocos_zml/zml-cocos2d-games/zml-cocos2d-AirplaneBattle/assets/Scripts/Player.ts as cce:/internal/x/cc.
22:14:39.385 debug: Resolve cc from file:///D:/cocos_zml/zml-cocos2d-games/zml-cocos2d-AirplaneBattle/assets/Scripts/Player.ts as cce:/internal/x/cc.
22:14:39.385 debug: Resolve ./EventManager from file:///D:/cocos_zml/zml-cocos2d-games/zml-cocos2d-AirplaneBattle/assets/Scripts/Player.ts as file:///D:/cocos_zml/zml-cocos2d-games/zml-cocos2d-AirplaneBattle/assets/Scripts/EventManager.ts.
22:14:39.386 debug: Resolve ./Tool from file:///D:/cocos_zml/zml-cocos2d-games/zml-cocos2d-AirplaneBattle/assets/Scripts/Player.ts as file:///D:/cocos_zml/zml-cocos2d-games/zml-cocos2d-AirplaneBattle/assets/Scripts/Tool.ts.
22:14:39.398 debug: Target(editor) ends with cost 108.75919999927282ms.
22:14:39.398 debug: Target(preview) build started.
22:14:39.400 debug: Detected change: cce:/internal/x/prerequisite-imports. Last mtime: Thu Jan 01 1970 10:47:29 GMT+0800 (中国标准时间), Current mtime: Thu Jan 01 1970 11:07:27 GMT+0800 (中国标准时间)
22:14:39.400 debug: Inspect cce:/internal/x/prerequisite-imports
22:14:39.411 debug: transform url: 'cce:/internal/x/prerequisite-imports' costs: 10.70 ms
22:14:39.413 debug: Resolve file:///D:/cocos_editor/Creator/3.8.8/resources/resources/3d/engine/editor/assets/default_renderpipeline/builtin-dof-pass.ts from cce:/internal/x/prerequisite-imports as file:///D:/cocos_editor/Creator/3.8.8/resources/resources/3d/engine/editor/assets/default_renderpipeline/builtin-dof-pass.ts.
22:14:39.414 debug: Resolve file:///D:/cocos_editor/Creator/3.8.8/resources/resources/3d/engine/editor/assets/default_renderpipeline/builtin-pipeline-pass.ts from cce:/internal/x/prerequisite-imports as file:///D:/cocos_editor/Creator/3.8.8/resources/resources/3d/engine/editor/assets/default_renderpipeline/builtin-pipeline-pass.ts.
22:14:39.415 debug: Resolve file:///D:/cocos_editor/Creator/3.8.8/resources/resources/3d/engine/editor/assets/default_renderpipeline/builtin-pipeline-settings.ts from cce:/internal/x/prerequisite-imports as file:///D:/cocos_editor/Creator/3.8.8/resources/resources/3d/engine/editor/assets/default_renderpipeline/builtin-pipeline-settings.ts.
22:14:39.416 debug: Resolve file:///D:/cocos_editor/Creator/3.8.8/resources/resources/3d/engine/editor/assets/default_renderpipeline/builtin-pipeline-types.ts from cce:/internal/x/prerequisite-imports as file:///D:/cocos_editor/Creator/3.8.8/resources/resources/3d/engine/editor/assets/default_renderpipeline/builtin-pipeline-types.ts.
22:14:39.417 debug: Resolve file:///D:/cocos_editor/Creator/3.8.8/resources/resources/3d/engine/editor/assets/default_renderpipeline/builtin-pipeline.ts from cce:/internal/x/prerequisite-imports as file:///D:/cocos_editor/Creator/3.8.8/resources/resources/3d/engine/editor/assets/default_renderpipeline/builtin-pipeline.ts.
22:14:39.417 debug: Resolve file:///D:/cocos_editor/Creator/3.8.8/resources/resources/3d/engine/editor/assets/tools/debug-view-runtime-control.ts from cce:/internal/x/prerequisite-imports as file:///D:/cocos_editor/Creator/3.8.8/resources/resources/3d/engine/editor/assets/tools/debug-view-runtime-control.ts.
22:14:39.418 debug: Resolve file:///D:/cocos_zml/zml-cocos2d-games/zml-cocos2d-AirplaneBattle/assets/Scripts/Bg.ts from cce:/internal/x/prerequisite-imports as file:///D:/cocos_zml/zml-cocos2d-games/zml-cocos2d-AirplaneBattle/assets/Scripts/Bg.ts.
22:14:39.419 debug: Resolve file:///D:/cocos_zml/zml-cocos2d-games/zml-cocos2d-AirplaneBattle/assets/Scripts/Bullet.ts from cce:/internal/x/prerequisite-imports as file:///D:/cocos_zml/zml-cocos2d-games/zml-cocos2d-AirplaneBattle/assets/Scripts/Bullet.ts.
22:14:39.419 debug: Resolve file:///D:/cocos_zml/zml-cocos2d-games/zml-cocos2d-AirplaneBattle/assets/Scripts/Enemy.ts from cce:/internal/x/prerequisite-imports as file:///D:/cocos_zml/zml-cocos2d-games/zml-cocos2d-AirplaneBattle/assets/Scripts/Enemy.ts.
22:14:39.420 debug: Resolve file:///D:/cocos_zml/zml-cocos2d-games/zml-cocos2d-AirplaneBattle/assets/Scripts/EnemyManage.ts from cce:/internal/x/prerequisite-imports as file:///D:/cocos_zml/zml-cocos2d-games/zml-cocos2d-AirplaneBattle/assets/Scripts/EnemyManage.ts.
22:14:39.420 debug: Resolve file:///D:/cocos_zml/zml-cocos2d-games/zml-cocos2d-AirplaneBattle/assets/Scripts/EventManager.ts from cce:/internal/x/prerequisite-imports as file:///D:/cocos_zml/zml-cocos2d-games/zml-cocos2d-AirplaneBattle/assets/Scripts/EventManager.ts.
22:14:39.421 debug: Resolve file:///D:/cocos_zml/zml-cocos2d-games/zml-cocos2d-AirplaneBattle/assets/Scripts/Player.ts from cce:/internal/x/prerequisite-imports as file:///D:/cocos_zml/zml-cocos2d-games/zml-cocos2d-AirplaneBattle/assets/Scripts/Player.ts.
22:14:39.421 debug: Detected change: file:///D:/cocos_zml/zml-cocos2d-games/zml-cocos2d-AirplaneBattle/assets/Scripts/Player.ts. Last mtime: Fri Apr 24 2026 21:52:09 GMT+0800 (中国标准时间)@25c4e26c-e0ac-4687-863e-168efe47eb38, Current mtime: Fri Apr 24 2026 22:14:38 GMT+0800 (中国标准时间)@25c4e26c-e0ac-4687-863e-168efe47eb38
22:14:39.421 debug: Inspect file:///D:/cocos_zml/zml-cocos2d-games/zml-cocos2d-AirplaneBattle/assets/Scripts/Player.ts
22:14:39.498 debug: transform url: 'file:///D:/cocos_zml/zml-cocos2d-games/zml-cocos2d-AirplaneBattle/assets/Scripts/Player.ts' costs: 77.20 ms
22:14:39.500 debug: Resolve file:///D:/cocos_zml/zml-cocos2d-games/zml-cocos2d-AirplaneBattle/assets/Scripts/StartGame.ts from cce:/internal/x/prerequisite-imports as file:///D:/cocos_zml/zml-cocos2d-games/zml-cocos2d-AirplaneBattle/assets/Scripts/StartGame.ts.
22:14:39.501 debug: Resolve file:///D:/cocos_zml/zml-cocos2d-games/zml-cocos2d-AirplaneBattle/assets/Scripts/Tool.ts from cce:/internal/x/prerequisite-imports as file:///D:/cocos_zml/zml-cocos2d-games/zml-cocos2d-AirplaneBattle/assets/Scripts/Tool.ts.
22:14:39.501 debug: Resolve file:///D:/cocos_zml/zml-cocos2d-games/zml-cocos2d-AirplaneBattle/assets/Scripts/ToolManage.ts from cce:/internal/x/prerequisite-imports as file:///D:/cocos_zml/zml-cocos2d-games/zml-cocos2d-AirplaneBattle/assets/Scripts/ToolManage.ts.
22:14:39.502 debug: Resolve cce:/internal/code-quality/cr.mjs from file:///D:/cocos_zml/zml-cocos2d-games/zml-cocos2d-AirplaneBattle/assets/Scripts/Player.ts as cce:/internal/code-quality/cr.mjs.
22:14:39.502 debug: Resolve cc from file:///D:/cocos_zml/zml-cocos2d-games/zml-cocos2d-AirplaneBattle/assets/Scripts/Player.ts as cce:/internal/x/cc.
22:14:39.502 debug: Resolve cc from file:///D:/cocos_zml/zml-cocos2d-games/zml-cocos2d-AirplaneBattle/assets/Scripts/Player.ts as cce:/internal/x/cc.
22:14:39.502 debug: Resolve cc from file:///D:/cocos_zml/zml-cocos2d-games/zml-cocos2d-AirplaneBattle/assets/Scripts/Player.ts as cce:/internal/x/cc.
22:14:39.502 debug: Resolve ./EventManager from file:///D:/cocos_zml/zml-cocos2d-games/zml-cocos2d-AirplaneBattle/assets/Scripts/Player.ts as file:///D:/cocos_zml/zml-cocos2d-games/zml-cocos2d-AirplaneBattle/assets/Scripts/EventManager.ts.
22:14:39.503 debug: Resolve ./Tool from file:///D:/cocos_zml/zml-cocos2d-games/zml-cocos2d-AirplaneBattle/assets/Scripts/Player.ts as file:///D:/cocos_zml/zml-cocos2d-games/zml-cocos2d-AirplaneBattle/assets/Scripts/Tool.ts.
22:14:39.515 debug: Target(preview) ends with cost 116.81480000168085ms.
22:15:13.257 debug: Dispatch build request for time accumulated 1 asset changes.
22:15:13.260 debug: Build iteration starts.
Number of accumulated asset changes: 1
Feature changed: false
22:15:13.260 debug: Target(editor) build started.
22:15:13.262 debug: Detected change: cce:/internal/x/prerequisite-imports. Last mtime: Thu Jan 01 1970 11:07:27 GMT+0800 (中国标准时间), Current mtime: Thu Jan 01 1970 11:08:01 GMT+0800 (中国标准时间)
22:15:13.262 debug: Inspect cce:/internal/x/prerequisite-imports
22:15:13.272 debug: transform url: 'cce:/internal/x/prerequisite-imports' costs: 9.80 ms
22:15:13.275 debug: Resolve file:///D:/cocos_editor/Creator/3.8.8/resources/resources/3d/engine/editor/assets/default_renderpipeline/builtin-dof-pass.ts from cce:/internal/x/prerequisite-imports as file:///D:/cocos_editor/Creator/3.8.8/resources/resources/3d/engine/editor/assets/default_renderpipeline/builtin-dof-pass.ts.
22:15:13.277 debug: Resolve file:///D:/cocos_editor/Creator/3.8.8/resources/resources/3d/engine/editor/assets/default_renderpipeline/builtin-pipeline-pass.ts from cce:/internal/x/prerequisite-imports as file:///D:/cocos_editor/Creator/3.8.8/resources/resources/3d/engine/editor/assets/default_renderpipeline/builtin-pipeline-pass.ts.
22:15:13.278 debug: Resolve file:///D:/cocos_editor/Creator/3.8.8/resources/resources/3d/engine/editor/assets/default_renderpipeline/builtin-pipeline-settings.ts from cce:/internal/x/prerequisite-imports as file:///D:/cocos_editor/Creator/3.8.8/resources/resources/3d/engine/editor/assets/default_renderpipeline/builtin-pipeline-settings.ts.
22:15:13.278 debug: Resolve file:///D:/cocos_editor/Creator/3.8.8/resources/resources/3d/engine/editor/assets/default_renderpipeline/builtin-pipeline-types.ts from cce:/internal/x/prerequisite-imports as file:///D:/cocos_editor/Creator/3.8.8/resources/resources/3d/engine/editor/assets/default_renderpipeline/builtin-pipeline-types.ts.
22:15:13.279 debug: Resolve file:///D:/cocos_editor/Creator/3.8.8/resources/resources/3d/engine/editor/assets/default_renderpipeline/builtin-pipeline.ts from cce:/internal/x/prerequisite-imports as file:///D:/cocos_editor/Creator/3.8.8/resources/resources/3d/engine/editor/assets/default_renderpipeline/builtin-pipeline.ts.
22:15:13.280 debug: Resolve file:///D:/cocos_editor/Creator/3.8.8/resources/resources/3d/engine/editor/assets/tools/debug-view-runtime-control.ts from cce:/internal/x/prerequisite-imports as file:///D:/cocos_editor/Creator/3.8.8/resources/resources/3d/engine/editor/assets/tools/debug-view-runtime-control.ts.
22:15:13.281 debug: Resolve file:///D:/cocos_zml/zml-cocos2d-games/zml-cocos2d-AirplaneBattle/assets/Scripts/Bg.ts from cce:/internal/x/prerequisite-imports as file:///D:/cocos_zml/zml-cocos2d-games/zml-cocos2d-AirplaneBattle/assets/Scripts/Bg.ts.
22:15:13.281 debug: Resolve file:///D:/cocos_zml/zml-cocos2d-games/zml-cocos2d-AirplaneBattle/assets/Scripts/Bullet.ts from cce:/internal/x/prerequisite-imports as file:///D:/cocos_zml/zml-cocos2d-games/zml-cocos2d-AirplaneBattle/assets/Scripts/Bullet.ts.
22:15:13.282 debug: Resolve file:///D:/cocos_zml/zml-cocos2d-games/zml-cocos2d-AirplaneBattle/assets/Scripts/Enemy.ts from cce:/internal/x/prerequisite-imports as file:///D:/cocos_zml/zml-cocos2d-games/zml-cocos2d-AirplaneBattle/assets/Scripts/Enemy.ts.
22:15:13.282 debug: Resolve file:///D:/cocos_zml/zml-cocos2d-games/zml-cocos2d-AirplaneBattle/assets/Scripts/EnemyManage.ts from cce:/internal/x/prerequisite-imports as file:///D:/cocos_zml/zml-cocos2d-games/zml-cocos2d-AirplaneBattle/assets/Scripts/EnemyManage.ts.
22:15:13.283 debug: Resolve file:///D:/cocos_zml/zml-cocos2d-games/zml-cocos2d-AirplaneBattle/assets/Scripts/EventManager.ts from cce:/internal/x/prerequisite-imports as file:///D:/cocos_zml/zml-cocos2d-games/zml-cocos2d-AirplaneBattle/assets/Scripts/EventManager.ts.
22:15:13.283 debug: Resolve file:///D:/cocos_zml/zml-cocos2d-games/zml-cocos2d-AirplaneBattle/assets/Scripts/Player.ts from cce:/internal/x/prerequisite-imports as file:///D:/cocos_zml/zml-cocos2d-games/zml-cocos2d-AirplaneBattle/assets/Scripts/Player.ts.
22:15:13.283 debug: Detected change: file:///D:/cocos_zml/zml-cocos2d-games/zml-cocos2d-AirplaneBattle/assets/Scripts/Player.ts. Last mtime: Fri Apr 24 2026 22:14:38 GMT+0800 (中国标准时间)@25c4e26c-e0ac-4687-863e-168efe47eb38, Current mtime: Fri Apr 24 2026 22:15:11 GMT+0800 (中国标准时间)@25c4e26c-e0ac-4687-863e-168efe47eb38
22:15:13.284 debug: Inspect file:///D:/cocos_zml/zml-cocos2d-games/zml-cocos2d-AirplaneBattle/assets/Scripts/Player.ts
22:15:13.365 debug: transform url: 'file:///D:/cocos_zml/zml-cocos2d-games/zml-cocos2d-AirplaneBattle/assets/Scripts/Player.ts' costs: 81.30 ms
22:15:13.368 debug: Resolve file:///D:/cocos_zml/zml-cocos2d-games/zml-cocos2d-AirplaneBattle/assets/Scripts/StartGame.ts from cce:/internal/x/prerequisite-imports as file:///D:/cocos_zml/zml-cocos2d-games/zml-cocos2d-AirplaneBattle/assets/Scripts/StartGame.ts.
22:15:13.369 debug: Resolve file:///D:/cocos_zml/zml-cocos2d-games/zml-cocos2d-AirplaneBattle/assets/Scripts/Tool.ts from cce:/internal/x/prerequisite-imports as file:///D:/cocos_zml/zml-cocos2d-games/zml-cocos2d-AirplaneBattle/assets/Scripts/Tool.ts.
22:15:13.370 debug: Resolve file:///D:/cocos_zml/zml-cocos2d-games/zml-cocos2d-AirplaneBattle/assets/Scripts/ToolManage.ts from cce:/internal/x/prerequisite-imports as file:///D:/cocos_zml/zml-cocos2d-games/zml-cocos2d-AirplaneBattle/assets/Scripts/ToolManage.ts.
22:15:13.370 debug: Resolve cce:/internal/code-quality/cr.mjs from file:///D:/cocos_zml/zml-cocos2d-games/zml-cocos2d-AirplaneBattle/assets/Scripts/Player.ts as cce:/internal/code-quality/cr.mjs.
22:15:13.370 debug: Resolve cc from file:///D:/cocos_zml/zml-cocos2d-games/zml-cocos2d-AirplaneBattle/assets/Scripts/Player.ts as cce:/internal/x/cc.
22:15:13.371 debug: Resolve cc from file:///D:/cocos_zml/zml-cocos2d-games/zml-cocos2d-AirplaneBattle/assets/Scripts/Player.ts as cce:/internal/x/cc.
22:15:13.371 debug: Resolve cc from file:///D:/cocos_zml/zml-cocos2d-games/zml-cocos2d-AirplaneBattle/assets/Scripts/Player.ts as cce:/internal/x/cc.
22:15:13.371 debug: Resolve ./EventManager from file:///D:/cocos_zml/zml-cocos2d-games/zml-cocos2d-AirplaneBattle/assets/Scripts/Player.ts as file:///D:/cocos_zml/zml-cocos2d-games/zml-cocos2d-AirplaneBattle/assets/Scripts/EventManager.ts.
22:15:13.372 debug: Resolve ./Tool from file:///D:/cocos_zml/zml-cocos2d-games/zml-cocos2d-AirplaneBattle/assets/Scripts/Player.ts as file:///D:/cocos_zml/zml-cocos2d-games/zml-cocos2d-AirplaneBattle/assets/Scripts/Tool.ts.
22:15:13.401 debug: Target(editor) ends with cost 141.11250000074506ms.
22:15:13.401 debug: Target(preview) build started.
22:15:13.404 debug: Detected change: cce:/internal/x/prerequisite-imports. Last mtime: Thu Jan 01 1970 11:07:27 GMT+0800 (中国标准时间), Current mtime: Thu Jan 01 1970 11:08:01 GMT+0800 (中国标准时间)
22:15:13.404 debug: Inspect cce:/internal/x/prerequisite-imports
22:15:13.425 debug: transform url: 'cce:/internal/x/prerequisite-imports' costs: 20.50 ms
22:15:13.428 debug: Resolve file:///D:/cocos_editor/Creator/3.8.8/resources/resources/3d/engine/editor/assets/default_renderpipeline/builtin-dof-pass.ts from cce:/internal/x/prerequisite-imports as file:///D:/cocos_editor/Creator/3.8.8/resources/resources/3d/engine/editor/assets/default_renderpipeline/builtin-dof-pass.ts.
22:15:13.429 debug: Resolve file:///D:/cocos_editor/Creator/3.8.8/resources/resources/3d/engine/editor/assets/default_renderpipeline/builtin-pipeline-pass.ts from cce:/internal/x/prerequisite-imports as file:///D:/cocos_editor/Creator/3.8.8/resources/resources/3d/engine/editor/assets/default_renderpipeline/builtin-pipeline-pass.ts.
22:15:13.429 debug: Resolve file:///D:/cocos_editor/Creator/3.8.8/resources/resources/3d/engine/editor/assets/default_renderpipeline/builtin-pipeline-settings.ts from cce:/internal/x/prerequisite-imports as file:///D:/cocos_editor/Creator/3.8.8/resources/resources/3d/engine/editor/assets/default_renderpipeline/builtin-pipeline-settings.ts.
22:15:13.430 debug: Resolve file:///D:/cocos_editor/Creator/3.8.8/resources/resources/3d/engine/editor/assets/default_renderpipeline/builtin-pipeline-types.ts from cce:/internal/x/prerequisite-imports as file:///D:/cocos_editor/Creator/3.8.8/resources/resources/3d/engine/editor/assets/default_renderpipeline/builtin-pipeline-types.ts.
22:15:13.431 debug: Resolve file:///D:/cocos_editor/Creator/3.8.8/resources/resources/3d/engine/editor/assets/default_renderpipeline/builtin-pipeline.ts from cce:/internal/x/prerequisite-imports as file:///D:/cocos_editor/Creator/3.8.8/resources/resources/3d/engine/editor/assets/default_renderpipeline/builtin-pipeline.ts.
22:15:13.432 debug: Resolve file:///D:/cocos_editor/Creator/3.8.8/resources/resources/3d/engine/editor/assets/tools/debug-view-runtime-control.ts from cce:/internal/x/prerequisite-imports as file:///D:/cocos_editor/Creator/3.8.8/resources/resources/3d/engine/editor/assets/tools/debug-view-runtime-control.ts.
22:15:13.432 debug: Resolve file:///D:/cocos_zml/zml-cocos2d-games/zml-cocos2d-AirplaneBattle/assets/Scripts/Bg.ts from cce:/internal/x/prerequisite-imports as file:///D:/cocos_zml/zml-cocos2d-games/zml-cocos2d-AirplaneBattle/assets/Scripts/Bg.ts.
22:15:13.433 debug: Resolve file:///D:/cocos_zml/zml-cocos2d-games/zml-cocos2d-AirplaneBattle/assets/Scripts/Bullet.ts from cce:/internal/x/prerequisite-imports as file:///D:/cocos_zml/zml-cocos2d-games/zml-cocos2d-AirplaneBattle/assets/Scripts/Bullet.ts.
22:15:13.433 debug: Resolve file:///D:/cocos_zml/zml-cocos2d-games/zml-cocos2d-AirplaneBattle/assets/Scripts/Enemy.ts from cce:/internal/x/prerequisite-imports as file:///D:/cocos_zml/zml-cocos2d-games/zml-cocos2d-AirplaneBattle/assets/Scripts/Enemy.ts.
22:15:13.434 debug: Resolve file:///D:/cocos_zml/zml-cocos2d-games/zml-cocos2d-AirplaneBattle/assets/Scripts/EnemyManage.ts from cce:/internal/x/prerequisite-imports as file:///D:/cocos_zml/zml-cocos2d-games/zml-cocos2d-AirplaneBattle/assets/Scripts/EnemyManage.ts.
22:15:13.435 debug: Resolve file:///D:/cocos_zml/zml-cocos2d-games/zml-cocos2d-AirplaneBattle/assets/Scripts/EventManager.ts from cce:/internal/x/prerequisite-imports as file:///D:/cocos_zml/zml-cocos2d-games/zml-cocos2d-AirplaneBattle/assets/Scripts/EventManager.ts.
22:15:13.435 debug: Resolve file:///D:/cocos_zml/zml-cocos2d-games/zml-cocos2d-AirplaneBattle/assets/Scripts/Player.ts from cce:/internal/x/prerequisite-imports as file:///D:/cocos_zml/zml-cocos2d-games/zml-cocos2d-AirplaneBattle/assets/Scripts/Player.ts.
22:15:13.435 debug: Detected change: file:///D:/cocos_zml/zml-cocos2d-games/zml-cocos2d-AirplaneBattle/assets/Scripts/Player.ts. Last mtime: Fri Apr 24 2026 22:14:38 GMT+0800 (中国标准时间)@25c4e26c-e0ac-4687-863e-168efe47eb38, Current mtime: Fri Apr 24 2026 22:15:11 GMT+0800 (中国标准时间)@25c4e26c-e0ac-4687-863e-168efe47eb38
22:15:13.435 debug: Inspect file:///D:/cocos_zml/zml-cocos2d-games/zml-cocos2d-AirplaneBattle/assets/Scripts/Player.ts
22:15:13.542 debug: transform url: 'file:///D:/cocos_zml/zml-cocos2d-games/zml-cocos2d-AirplaneBattle/assets/Scripts/Player.ts' costs: 106.20 ms
22:15:13.544 debug: Resolve file:///D:/cocos_zml/zml-cocos2d-games/zml-cocos2d-AirplaneBattle/assets/Scripts/StartGame.ts from cce:/internal/x/prerequisite-imports as file:///D:/cocos_zml/zml-cocos2d-games/zml-cocos2d-AirplaneBattle/assets/Scripts/StartGame.ts.
22:15:13.544 debug: Resolve file:///D:/cocos_zml/zml-cocos2d-games/zml-cocos2d-AirplaneBattle/assets/Scripts/Tool.ts from cce:/internal/x/prerequisite-imports as file:///D:/cocos_zml/zml-cocos2d-games/zml-cocos2d-AirplaneBattle/assets/Scripts/Tool.ts.
22:15:13.545 debug: Resolve file:///D:/cocos_zml/zml-cocos2d-games/zml-cocos2d-AirplaneBattle/assets/Scripts/ToolManage.ts from cce:/internal/x/prerequisite-imports as file:///D:/cocos_zml/zml-cocos2d-games/zml-cocos2d-AirplaneBattle/assets/Scripts/ToolManage.ts.
22:15:13.545 debug: Resolve cce:/internal/code-quality/cr.mjs from file:///D:/cocos_zml/zml-cocos2d-games/zml-cocos2d-AirplaneBattle/assets/Scripts/Player.ts as cce:/internal/code-quality/cr.mjs.
22:15:13.545 debug: Resolve cc from file:///D:/cocos_zml/zml-cocos2d-games/zml-cocos2d-AirplaneBattle/assets/Scripts/Player.ts as cce:/internal/x/cc.
22:15:13.545 debug: Resolve cc from file:///D:/cocos_zml/zml-cocos2d-games/zml-cocos2d-AirplaneBattle/assets/Scripts/Player.ts as cce:/internal/x/cc.
22:15:13.545 debug: Resolve cc from file:///D:/cocos_zml/zml-cocos2d-games/zml-cocos2d-AirplaneBattle/assets/Scripts/Player.ts as cce:/internal/x/cc.
22:15:13.546 debug: Resolve ./EventManager from file:///D:/cocos_zml/zml-cocos2d-games/zml-cocos2d-AirplaneBattle/assets/Scripts/Player.ts as file:///D:/cocos_zml/zml-cocos2d-games/zml-cocos2d-AirplaneBattle/assets/Scripts/EventManager.ts.
22:15:13.546 debug: Resolve ./Tool from file:///D:/cocos_zml/zml-cocos2d-games/zml-cocos2d-AirplaneBattle/assets/Scripts/Player.ts as file:///D:/cocos_zml/zml-cocos2d-games/zml-cocos2d-AirplaneBattle/assets/Scripts/Tool.ts.
22:15:13.559 debug: Target(preview) ends with cost 157.27190000005066ms.
22:19:54.771 debug: Dispatch build request for time accumulated 1 asset changes.
22:19:54.774 debug: Build iteration starts.
Number of accumulated asset changes: 1
Feature changed: false
22:19:54.775 debug: Target(editor) build started.
22:19:54.777 debug: Detected change: cce:/internal/x/prerequisite-imports. Last mtime: Thu Jan 01 1970 11:08:01 GMT+0800 (中国标准时间), Current mtime: Thu Jan 01 1970 11:12:42 GMT+0800 (中国标准时间)
22:19:54.777 debug: Inspect cce:/internal/x/prerequisite-imports
22:19:54.789 debug: transform url: 'cce:/internal/x/prerequisite-imports' costs: 11.90 ms
22:19:54.791 debug: Resolve file:///D:/cocos_editor/Creator/3.8.8/resources/resources/3d/engine/editor/assets/default_renderpipeline/builtin-dof-pass.ts from cce:/internal/x/prerequisite-imports as file:///D:/cocos_editor/Creator/3.8.8/resources/resources/3d/engine/editor/assets/default_renderpipeline/builtin-dof-pass.ts.
22:19:54.792 debug: Resolve file:///D:/cocos_editor/Creator/3.8.8/resources/resources/3d/engine/editor/assets/default_renderpipeline/builtin-pipeline-pass.ts from cce:/internal/x/prerequisite-imports as file:///D:/cocos_editor/Creator/3.8.8/resources/resources/3d/engine/editor/assets/default_renderpipeline/builtin-pipeline-pass.ts.
22:19:54.793 debug: Resolve file:///D:/cocos_editor/Creator/3.8.8/resources/resources/3d/engine/editor/assets/default_renderpipeline/builtin-pipeline-settings.ts from cce:/internal/x/prerequisite-imports as file:///D:/cocos_editor/Creator/3.8.8/resources/resources/3d/engine/editor/assets/default_renderpipeline/builtin-pipeline-settings.ts.
22:19:54.793 debug: Resolve file:///D:/cocos_editor/Creator/3.8.8/resources/resources/3d/engine/editor/assets/default_renderpipeline/builtin-pipeline-types.ts from cce:/internal/x/prerequisite-imports as file:///D:/cocos_editor/Creator/3.8.8/resources/resources/3d/engine/editor/assets/default_renderpipeline/builtin-pipeline-types.ts.
22:19:54.794 debug: Resolve file:///D:/cocos_editor/Creator/3.8.8/resources/resources/3d/engine/editor/assets/default_renderpipeline/builtin-pipeline.ts from cce:/internal/x/prerequisite-imports as file:///D:/cocos_editor/Creator/3.8.8/resources/resources/3d/engine/editor/assets/default_renderpipeline/builtin-pipeline.ts.
22:19:54.795 debug: Resolve file:///D:/cocos_editor/Creator/3.8.8/resources/resources/3d/engine/editor/assets/tools/debug-view-runtime-control.ts from cce:/internal/x/prerequisite-imports as file:///D:/cocos_editor/Creator/3.8.8/resources/resources/3d/engine/editor/assets/tools/debug-view-runtime-control.ts.
22:19:54.795 debug: Resolve file:///D:/cocos_zml/zml-cocos2d-games/zml-cocos2d-AirplaneBattle/assets/Scripts/Bg.ts from cce:/internal/x/prerequisite-imports as file:///D:/cocos_zml/zml-cocos2d-games/zml-cocos2d-AirplaneBattle/assets/Scripts/Bg.ts.
22:19:54.796 debug: Resolve file:///D:/cocos_zml/zml-cocos2d-games/zml-cocos2d-AirplaneBattle/assets/Scripts/Bullet.ts from cce:/internal/x/prerequisite-imports as file:///D:/cocos_zml/zml-cocos2d-games/zml-cocos2d-AirplaneBattle/assets/Scripts/Bullet.ts.
22:19:54.796 debug: Resolve file:///D:/cocos_zml/zml-cocos2d-games/zml-cocos2d-AirplaneBattle/assets/Scripts/Enemy.ts from cce:/internal/x/prerequisite-imports as file:///D:/cocos_zml/zml-cocos2d-games/zml-cocos2d-AirplaneBattle/assets/Scripts/Enemy.ts.
22:19:54.796 debug: Detected change: file:///D:/cocos_zml/zml-cocos2d-games/zml-cocos2d-AirplaneBattle/assets/Scripts/Enemy.ts. Last mtime: Fri Apr 24 2026 21:54:26 GMT+0800 (中国标准时间)@1cb4211e-7ec2-4f95-84f0-92d280239721, Current mtime: Fri Apr 24 2026 22:19:40 GMT+0800 (中国标准时间)@1cb4211e-7ec2-4f95-84f0-92d280239721
22:19:54.796 debug: Inspect file:///D:/cocos_zml/zml-cocos2d-games/zml-cocos2d-AirplaneBattle/assets/Scripts/Enemy.ts
22:19:54.855 debug: transform url: 'file:///D:/cocos_zml/zml-cocos2d-games/zml-cocos2d-AirplaneBattle/assets/Scripts/Enemy.ts' costs: 58.30 ms
22:19:54.857 debug: Resolve file:///D:/cocos_zml/zml-cocos2d-games/zml-cocos2d-AirplaneBattle/assets/Scripts/EnemyManage.ts from cce:/internal/x/prerequisite-imports as file:///D:/cocos_zml/zml-cocos2d-games/zml-cocos2d-AirplaneBattle/assets/Scripts/EnemyManage.ts.
22:19:54.858 debug: Resolve file:///D:/cocos_zml/zml-cocos2d-games/zml-cocos2d-AirplaneBattle/assets/Scripts/EventManager.ts from cce:/internal/x/prerequisite-imports as file:///D:/cocos_zml/zml-cocos2d-games/zml-cocos2d-AirplaneBattle/assets/Scripts/EventManager.ts.
22:19:54.858 debug: Resolve file:///D:/cocos_zml/zml-cocos2d-games/zml-cocos2d-AirplaneBattle/assets/Scripts/Player.ts from cce:/internal/x/prerequisite-imports as file:///D:/cocos_zml/zml-cocos2d-games/zml-cocos2d-AirplaneBattle/assets/Scripts/Player.ts.
22:19:54.859 debug: Resolve file:///D:/cocos_zml/zml-cocos2d-games/zml-cocos2d-AirplaneBattle/assets/Scripts/StartGame.ts from cce:/internal/x/prerequisite-imports as file:///D:/cocos_zml/zml-cocos2d-games/zml-cocos2d-AirplaneBattle/assets/Scripts/StartGame.ts.
22:19:54.860 debug: Resolve file:///D:/cocos_zml/zml-cocos2d-games/zml-cocos2d-AirplaneBattle/assets/Scripts/Tool.ts from cce:/internal/x/prerequisite-imports as file:///D:/cocos_zml/zml-cocos2d-games/zml-cocos2d-AirplaneBattle/assets/Scripts/Tool.ts.
22:19:54.860 debug: Resolve file:///D:/cocos_zml/zml-cocos2d-games/zml-cocos2d-AirplaneBattle/assets/Scripts/ToolManage.ts from cce:/internal/x/prerequisite-imports as file:///D:/cocos_zml/zml-cocos2d-games/zml-cocos2d-AirplaneBattle/assets/Scripts/ToolManage.ts.
22:19:54.860 debug: Resolve cce:/internal/code-quality/cr.mjs from file:///D:/cocos_zml/zml-cocos2d-games/zml-cocos2d-AirplaneBattle/assets/Scripts/Enemy.ts as cce:/internal/code-quality/cr.mjs.
22:19:54.860 debug: Resolve cc from file:///D:/cocos_zml/zml-cocos2d-games/zml-cocos2d-AirplaneBattle/assets/Scripts/Enemy.ts as cce:/internal/x/cc.
22:19:54.861 debug: Resolve cc from file:///D:/cocos_zml/zml-cocos2d-games/zml-cocos2d-AirplaneBattle/assets/Scripts/Enemy.ts as cce:/internal/x/cc.
22:19:54.861 debug: Resolve cc from file:///D:/cocos_zml/zml-cocos2d-games/zml-cocos2d-AirplaneBattle/assets/Scripts/Enemy.ts as cce:/internal/x/cc.
22:19:54.861 debug: Resolve ./EventManager from file:///D:/cocos_zml/zml-cocos2d-games/zml-cocos2d-AirplaneBattle/assets/Scripts/Enemy.ts as file:///D:/cocos_zml/zml-cocos2d-games/zml-cocos2d-AirplaneBattle/assets/Scripts/EventManager.ts.
22:19:54.875 debug: Target(editor) ends with cost 100.08660000003874ms.
22:19:54.875 debug: Target(preview) build started.
22:19:54.878 debug: Detected change: cce:/internal/x/prerequisite-imports. Last mtime: Thu Jan 01 1970 11:08:01 GMT+0800 (中国标准时间), Current mtime: Thu Jan 01 1970 11:12:42 GMT+0800 (中国标准时间)
22:19:54.878 debug: Inspect cce:/internal/x/prerequisite-imports
22:19:54.892 debug: transform url: 'cce:/internal/x/prerequisite-imports' costs: 13.70 ms
22:19:54.895 debug: Resolve file:///D:/cocos_editor/Creator/3.8.8/resources/resources/3d/engine/editor/assets/default_renderpipeline/builtin-dof-pass.ts from cce:/internal/x/prerequisite-imports as file:///D:/cocos_editor/Creator/3.8.8/resources/resources/3d/engine/editor/assets/default_renderpipeline/builtin-dof-pass.ts.
22:19:54.895 debug: Resolve file:///D:/cocos_editor/Creator/3.8.8/resources/resources/3d/engine/editor/assets/default_renderpipeline/builtin-pipeline-pass.ts from cce:/internal/x/prerequisite-imports as file:///D:/cocos_editor/Creator/3.8.8/resources/resources/3d/engine/editor/assets/default_renderpipeline/builtin-pipeline-pass.ts.
22:19:54.896 debug: Resolve file:///D:/cocos_editor/Creator/3.8.8/resources/resources/3d/engine/editor/assets/default_renderpipeline/builtin-pipeline-settings.ts from cce:/internal/x/prerequisite-imports as file:///D:/cocos_editor/Creator/3.8.8/resources/resources/3d/engine/editor/assets/default_renderpipeline/builtin-pipeline-settings.ts.
22:19:54.897 debug: Resolve file:///D:/cocos_editor/Creator/3.8.8/resources/resources/3d/engine/editor/assets/default_renderpipeline/builtin-pipeline-types.ts from cce:/internal/x/prerequisite-imports as file:///D:/cocos_editor/Creator/3.8.8/resources/resources/3d/engine/editor/assets/default_renderpipeline/builtin-pipeline-types.ts.
22:19:54.898 debug: Resolve file:///D:/cocos_editor/Creator/3.8.8/resources/resources/3d/engine/editor/assets/default_renderpipeline/builtin-pipeline.ts from cce:/internal/x/prerequisite-imports as file:///D:/cocos_editor/Creator/3.8.8/resources/resources/3d/engine/editor/assets/default_renderpipeline/builtin-pipeline.ts.
22:19:54.899 debug: Resolve file:///D:/cocos_editor/Creator/3.8.8/resources/resources/3d/engine/editor/assets/tools/debug-view-runtime-control.ts from cce:/internal/x/prerequisite-imports as file:///D:/cocos_editor/Creator/3.8.8/resources/resources/3d/engine/editor/assets/tools/debug-view-runtime-control.ts.
22:19:54.899 debug: Resolve file:///D:/cocos_zml/zml-cocos2d-games/zml-cocos2d-AirplaneBattle/assets/Scripts/Bg.ts from cce:/internal/x/prerequisite-imports as file:///D:/cocos_zml/zml-cocos2d-games/zml-cocos2d-AirplaneBattle/assets/Scripts/Bg.ts.
22:19:54.900 debug: Resolve file:///D:/cocos_zml/zml-cocos2d-games/zml-cocos2d-AirplaneBattle/assets/Scripts/Bullet.ts from cce:/internal/x/prerequisite-imports as file:///D:/cocos_zml/zml-cocos2d-games/zml-cocos2d-AirplaneBattle/assets/Scripts/Bullet.ts.
22:19:54.901 debug: Resolve file:///D:/cocos_zml/zml-cocos2d-games/zml-cocos2d-AirplaneBattle/assets/Scripts/Enemy.ts from cce:/internal/x/prerequisite-imports as file:///D:/cocos_zml/zml-cocos2d-games/zml-cocos2d-AirplaneBattle/assets/Scripts/Enemy.ts.
22:19:54.901 debug: Detected change: file:///D:/cocos_zml/zml-cocos2d-games/zml-cocos2d-AirplaneBattle/assets/Scripts/Enemy.ts. Last mtime: Fri Apr 24 2026 21:54:26 GMT+0800 (中国标准时间)@1cb4211e-7ec2-4f95-84f0-92d280239721, Current mtime: Fri Apr 24 2026 22:19:40 GMT+0800 (中国标准时间)@1cb4211e-7ec2-4f95-84f0-92d280239721
22:19:54.901 debug: Inspect file:///D:/cocos_zml/zml-cocos2d-games/zml-cocos2d-AirplaneBattle/assets/Scripts/Enemy.ts
22:19:54.970 debug: transform url: 'file:///D:/cocos_zml/zml-cocos2d-games/zml-cocos2d-AirplaneBattle/assets/Scripts/Enemy.ts' costs: 69.50 ms
22:19:54.973 debug: Resolve file:///D:/cocos_zml/zml-cocos2d-games/zml-cocos2d-AirplaneBattle/assets/Scripts/EnemyManage.ts from cce:/internal/x/prerequisite-imports as file:///D:/cocos_zml/zml-cocos2d-games/zml-cocos2d-AirplaneBattle/assets/Scripts/EnemyManage.ts.
22:19:54.974 debug: Resolve file:///D:/cocos_zml/zml-cocos2d-games/zml-cocos2d-AirplaneBattle/assets/Scripts/EventManager.ts from cce:/internal/x/prerequisite-imports as file:///D:/cocos_zml/zml-cocos2d-games/zml-cocos2d-AirplaneBattle/assets/Scripts/EventManager.ts.
22:19:54.974 debug: Resolve file:///D:/cocos_zml/zml-cocos2d-games/zml-cocos2d-AirplaneBattle/assets/Scripts/Player.ts from cce:/internal/x/prerequisite-imports as file:///D:/cocos_zml/zml-cocos2d-games/zml-cocos2d-AirplaneBattle/assets/Scripts/Player.ts.
22:19:54.975 debug: Resolve file:///D:/cocos_zml/zml-cocos2d-games/zml-cocos2d-AirplaneBattle/assets/Scripts/StartGame.ts from cce:/internal/x/prerequisite-imports as file:///D:/cocos_zml/zml-cocos2d-games/zml-cocos2d-AirplaneBattle/assets/Scripts/StartGame.ts.
22:19:54.976 debug: Resolve file:///D:/cocos_zml/zml-cocos2d-games/zml-cocos2d-AirplaneBattle/assets/Scripts/Tool.ts from cce:/internal/x/prerequisite-imports as file:///D:/cocos_zml/zml-cocos2d-games/zml-cocos2d-AirplaneBattle/assets/Scripts/Tool.ts.
22:19:54.977 debug: Resolve file:///D:/cocos_zml/zml-cocos2d-games/zml-cocos2d-AirplaneBattle/assets/Scripts/ToolManage.ts from cce:/internal/x/prerequisite-imports as file:///D:/cocos_zml/zml-cocos2d-games/zml-cocos2d-AirplaneBattle/assets/Scripts/ToolManage.ts.
22:19:54.977 debug: Resolve cce:/internal/code-quality/cr.mjs from file:///D:/cocos_zml/zml-cocos2d-games/zml-cocos2d-AirplaneBattle/assets/Scripts/Enemy.ts as cce:/internal/code-quality/cr.mjs.
22:19:54.977 debug: Resolve cc from file:///D:/cocos_zml/zml-cocos2d-games/zml-cocos2d-AirplaneBattle/assets/Scripts/Enemy.ts as cce:/internal/x/cc.
22:19:54.977 debug: Resolve cc from file:///D:/cocos_zml/zml-cocos2d-games/zml-cocos2d-AirplaneBattle/assets/Scripts/Enemy.ts as cce:/internal/x/cc.
22:19:54.977 debug: Resolve cc from file:///D:/cocos_zml/zml-cocos2d-games/zml-cocos2d-AirplaneBattle/assets/Scripts/Enemy.ts as cce:/internal/x/cc.
22:19:54.978 debug: Resolve ./EventManager from file:///D:/cocos_zml/zml-cocos2d-games/zml-cocos2d-AirplaneBattle/assets/Scripts/Enemy.ts as file:///D:/cocos_zml/zml-cocos2d-games/zml-cocos2d-AirplaneBattle/assets/Scripts/EventManager.ts.
22:19:54.992 debug: Target(preview) ends with cost 117.24650000035763ms.
22:21:10.591 debug: Dispatch build request for time accumulated 1 asset changes.
22:21:10.593 debug: Build iteration starts.
Number of accumulated asset changes: 1
Feature changed: false
22:21:10.593 debug: Target(editor) build started.
22:21:10.595 debug: Detected change: cce:/internal/x/prerequisite-imports. Last mtime: Thu Jan 01 1970 11:12:42 GMT+0800 (中国标准时间), Current mtime: Thu Jan 01 1970 11:13:58 GMT+0800 (中国标准时间)
22:21:10.595 debug: Inspect cce:/internal/x/prerequisite-imports
22:21:10.603 debug: transform url: 'cce:/internal/x/prerequisite-imports' costs: 7.40 ms
22:21:10.605 debug: Resolve file:///D:/cocos_editor/Creator/3.8.8/resources/resources/3d/engine/editor/assets/default_renderpipeline/builtin-dof-pass.ts from cce:/internal/x/prerequisite-imports as file:///D:/cocos_editor/Creator/3.8.8/resources/resources/3d/engine/editor/assets/default_renderpipeline/builtin-dof-pass.ts.
22:21:10.605 debug: Resolve file:///D:/cocos_editor/Creator/3.8.8/resources/resources/3d/engine/editor/assets/default_renderpipeline/builtin-pipeline-pass.ts from cce:/internal/x/prerequisite-imports as file:///D:/cocos_editor/Creator/3.8.8/resources/resources/3d/engine/editor/assets/default_renderpipeline/builtin-pipeline-pass.ts.
22:21:10.606 debug: Resolve file:///D:/cocos_editor/Creator/3.8.8/resources/resources/3d/engine/editor/assets/default_renderpipeline/builtin-pipeline-settings.ts from cce:/internal/x/prerequisite-imports as file:///D:/cocos_editor/Creator/3.8.8/resources/resources/3d/engine/editor/assets/default_renderpipeline/builtin-pipeline-settings.ts.
22:21:10.607 debug: Resolve file:///D:/cocos_editor/Creator/3.8.8/resources/resources/3d/engine/editor/assets/default_renderpipeline/builtin-pipeline-types.ts from cce:/internal/x/prerequisite-imports as file:///D:/cocos_editor/Creator/3.8.8/resources/resources/3d/engine/editor/assets/default_renderpipeline/builtin-pipeline-types.ts.
22:21:10.607 debug: Resolve file:///D:/cocos_editor/Creator/3.8.8/resources/resources/3d/engine/editor/assets/default_renderpipeline/builtin-pipeline.ts from cce:/internal/x/prerequisite-imports as file:///D:/cocos_editor/Creator/3.8.8/resources/resources/3d/engine/editor/assets/default_renderpipeline/builtin-pipeline.ts.
22:21:10.608 debug: Resolve file:///D:/cocos_editor/Creator/3.8.8/resources/resources/3d/engine/editor/assets/tools/debug-view-runtime-control.ts from cce:/internal/x/prerequisite-imports as file:///D:/cocos_editor/Creator/3.8.8/resources/resources/3d/engine/editor/assets/tools/debug-view-runtime-control.ts.
22:21:10.609 debug: Resolve file:///D:/cocos_zml/zml-cocos2d-games/zml-cocos2d-AirplaneBattle/assets/Scripts/Bg.ts from cce:/internal/x/prerequisite-imports as file:///D:/cocos_zml/zml-cocos2d-games/zml-cocos2d-AirplaneBattle/assets/Scripts/Bg.ts.
22:21:10.609 debug: Resolve file:///D:/cocos_zml/zml-cocos2d-games/zml-cocos2d-AirplaneBattle/assets/Scripts/Bullet.ts from cce:/internal/x/prerequisite-imports as file:///D:/cocos_zml/zml-cocos2d-games/zml-cocos2d-AirplaneBattle/assets/Scripts/Bullet.ts.
22:21:10.610 debug: Resolve file:///D:/cocos_zml/zml-cocos2d-games/zml-cocos2d-AirplaneBattle/assets/Scripts/Enemy.ts from cce:/internal/x/prerequisite-imports as file:///D:/cocos_zml/zml-cocos2d-games/zml-cocos2d-AirplaneBattle/assets/Scripts/Enemy.ts.
22:21:10.610 debug: Resolve file:///D:/cocos_zml/zml-cocos2d-games/zml-cocos2d-AirplaneBattle/assets/Scripts/EnemyManage.ts from cce:/internal/x/prerequisite-imports as file:///D:/cocos_zml/zml-cocos2d-games/zml-cocos2d-AirplaneBattle/assets/Scripts/EnemyManage.ts.
22:21:10.610 debug: Resolve file:///D:/cocos_zml/zml-cocos2d-games/zml-cocos2d-AirplaneBattle/assets/Scripts/EventManager.ts from cce:/internal/x/prerequisite-imports as file:///D:/cocos_zml/zml-cocos2d-games/zml-cocos2d-AirplaneBattle/assets/Scripts/EventManager.ts.
22:21:10.611 debug: Resolve file:///D:/cocos_zml/zml-cocos2d-games/zml-cocos2d-AirplaneBattle/assets/Scripts/GameManage.ts from cce:/internal/x/prerequisite-imports as file:///D:/cocos_zml/zml-cocos2d-games/zml-cocos2d-AirplaneBattle/assets/Scripts/GameManage.ts.
22:21:10.611 debug: Inspect file:///D:/cocos_zml/zml-cocos2d-games/zml-cocos2d-AirplaneBattle/assets/Scripts/GameManage.ts
22:21:10.626 debug: transform url: 'file:///D:/cocos_zml/zml-cocos2d-games/zml-cocos2d-AirplaneBattle/assets/Scripts/GameManage.ts' costs: 15.10 ms
22:21:10.629 debug: Resolve file:///D:/cocos_zml/zml-cocos2d-games/zml-cocos2d-AirplaneBattle/assets/Scripts/Player.ts from cce:/internal/x/prerequisite-imports as file:///D:/cocos_zml/zml-cocos2d-games/zml-cocos2d-AirplaneBattle/assets/Scripts/Player.ts.
22:21:10.629 debug: Resolve file:///D:/cocos_zml/zml-cocos2d-games/zml-cocos2d-AirplaneBattle/assets/Scripts/StartGame.ts from cce:/internal/x/prerequisite-imports as file:///D:/cocos_zml/zml-cocos2d-games/zml-cocos2d-AirplaneBattle/assets/Scripts/StartGame.ts.
22:21:10.629 debug: Resolve file:///D:/cocos_zml/zml-cocos2d-games/zml-cocos2d-AirplaneBattle/assets/Scripts/Tool.ts from cce:/internal/x/prerequisite-imports as file:///D:/cocos_zml/zml-cocos2d-games/zml-cocos2d-AirplaneBattle/assets/Scripts/Tool.ts.
22:21:10.630 debug: Resolve file:///D:/cocos_zml/zml-cocos2d-games/zml-cocos2d-AirplaneBattle/assets/Scripts/ToolManage.ts from cce:/internal/x/prerequisite-imports as file:///D:/cocos_zml/zml-cocos2d-games/zml-cocos2d-AirplaneBattle/assets/Scripts/ToolManage.ts.
22:21:10.630 debug: Resolve cc from file:///D:/cocos_zml/zml-cocos2d-games/zml-cocos2d-AirplaneBattle/assets/Scripts/GameManage.ts as cce:/internal/x/cc.
22:21:10.630 debug: Resolve cc from file:///D:/cocos_zml/zml-cocos2d-games/zml-cocos2d-AirplaneBattle/assets/Scripts/GameManage.ts as cce:/internal/x/cc.
22:21:10.630 debug: Resolve cc from file:///D:/cocos_zml/zml-cocos2d-games/zml-cocos2d-AirplaneBattle/assets/Scripts/GameManage.ts as cce:/internal/x/cc.
22:21:10.644 debug: Target(editor) ends with cost 51.28220000118017ms.
22:21:10.645 debug: Target(preview) build started.
22:21:10.646 debug: Detected change: cce:/internal/x/prerequisite-imports. Last mtime: Thu Jan 01 1970 11:12:42 GMT+0800 (中国标准时间), Current mtime: Thu Jan 01 1970 11:13:58 GMT+0800 (中国标准时间)
22:21:10.646 debug: Inspect cce:/internal/x/prerequisite-imports
22:21:10.659 debug: transform url: 'cce:/internal/x/prerequisite-imports' costs: 12.30 ms
22:21:10.661 debug: Resolve file:///D:/cocos_editor/Creator/3.8.8/resources/resources/3d/engine/editor/assets/default_renderpipeline/builtin-dof-pass.ts from cce:/internal/x/prerequisite-imports as file:///D:/cocos_editor/Creator/3.8.8/resources/resources/3d/engine/editor/assets/default_renderpipeline/builtin-dof-pass.ts.
22:21:10.662 debug: Resolve file:///D:/cocos_editor/Creator/3.8.8/resources/resources/3d/engine/editor/assets/default_renderpipeline/builtin-pipeline-pass.ts from cce:/internal/x/prerequisite-imports as file:///D:/cocos_editor/Creator/3.8.8/resources/resources/3d/engine/editor/assets/default_renderpipeline/builtin-pipeline-pass.ts.
22:21:10.663 debug: Resolve file:///D:/cocos_editor/Creator/3.8.8/resources/resources/3d/engine/editor/assets/default_renderpipeline/builtin-pipeline-settings.ts from cce:/internal/x/prerequisite-imports as file:///D:/cocos_editor/Creator/3.8.8/resources/resources/3d/engine/editor/assets/default_renderpipeline/builtin-pipeline-settings.ts.
22:21:10.664 debug: Resolve file:///D:/cocos_editor/Creator/3.8.8/resources/resources/3d/engine/editor/assets/default_renderpipeline/builtin-pipeline-types.ts from cce:/internal/x/prerequisite-imports as file:///D:/cocos_editor/Creator/3.8.8/resources/resources/3d/engine/editor/assets/default_renderpipeline/builtin-pipeline-types.ts.
22:21:10.665 debug: Resolve file:///D:/cocos_editor/Creator/3.8.8/resources/resources/3d/engine/editor/assets/default_renderpipeline/builtin-pipeline.ts from cce:/internal/x/prerequisite-imports as file:///D:/cocos_editor/Creator/3.8.8/resources/resources/3d/engine/editor/assets/default_renderpipeline/builtin-pipeline.ts.
22:21:10.666 debug: Resolve file:///D:/cocos_editor/Creator/3.8.8/resources/resources/3d/engine/editor/assets/tools/debug-view-runtime-control.ts from cce:/internal/x/prerequisite-imports as file:///D:/cocos_editor/Creator/3.8.8/resources/resources/3d/engine/editor/assets/tools/debug-view-runtime-control.ts.
22:21:10.666 debug: Resolve file:///D:/cocos_zml/zml-cocos2d-games/zml-cocos2d-AirplaneBattle/assets/Scripts/Bg.ts from cce:/internal/x/prerequisite-imports as file:///D:/cocos_zml/zml-cocos2d-games/zml-cocos2d-AirplaneBattle/assets/Scripts/Bg.ts.
22:21:10.666 debug: Resolve file:///D:/cocos_zml/zml-cocos2d-games/zml-cocos2d-AirplaneBattle/assets/Scripts/Bullet.ts from cce:/internal/x/prerequisite-imports as file:///D:/cocos_zml/zml-cocos2d-games/zml-cocos2d-AirplaneBattle/assets/Scripts/Bullet.ts.
22:21:10.667 debug: Resolve file:///D:/cocos_zml/zml-cocos2d-games/zml-cocos2d-AirplaneBattle/assets/Scripts/Enemy.ts from cce:/internal/x/prerequisite-imports as file:///D:/cocos_zml/zml-cocos2d-games/zml-cocos2d-AirplaneBattle/assets/Scripts/Enemy.ts.
22:21:10.667 debug: Resolve file:///D:/cocos_zml/zml-cocos2d-games/zml-cocos2d-AirplaneBattle/assets/Scripts/EnemyManage.ts from cce:/internal/x/prerequisite-imports as file:///D:/cocos_zml/zml-cocos2d-games/zml-cocos2d-AirplaneBattle/assets/Scripts/EnemyManage.ts.
22:21:10.668 debug: Resolve file:///D:/cocos_zml/zml-cocos2d-games/zml-cocos2d-AirplaneBattle/assets/Scripts/EventManager.ts from cce:/internal/x/prerequisite-imports as file:///D:/cocos_zml/zml-cocos2d-games/zml-cocos2d-AirplaneBattle/assets/Scripts/EventManager.ts.
22:21:10.668 debug: Resolve file:///D:/cocos_zml/zml-cocos2d-games/zml-cocos2d-AirplaneBattle/assets/Scripts/GameManage.ts from cce:/internal/x/prerequisite-imports as file:///D:/cocos_zml/zml-cocos2d-games/zml-cocos2d-AirplaneBattle/assets/Scripts/GameManage.ts.
22:21:10.668 debug: Inspect file:///D:/cocos_zml/zml-cocos2d-games/zml-cocos2d-AirplaneBattle/assets/Scripts/GameManage.ts
22:21:10.688 debug: transform url: 'file:///D:/cocos_zml/zml-cocos2d-games/zml-cocos2d-AirplaneBattle/assets/Scripts/GameManage.ts' costs: 20.40 ms
22:21:10.692 debug: Resolve file:///D:/cocos_zml/zml-cocos2d-games/zml-cocos2d-AirplaneBattle/assets/Scripts/Player.ts from cce:/internal/x/prerequisite-imports as file:///D:/cocos_zml/zml-cocos2d-games/zml-cocos2d-AirplaneBattle/assets/Scripts/Player.ts.
22:21:10.692 debug: Resolve file:///D:/cocos_zml/zml-cocos2d-games/zml-cocos2d-AirplaneBattle/assets/Scripts/StartGame.ts from cce:/internal/x/prerequisite-imports as file:///D:/cocos_zml/zml-cocos2d-games/zml-cocos2d-AirplaneBattle/assets/Scripts/StartGame.ts.
22:21:10.693 debug: Resolve file:///D:/cocos_zml/zml-cocos2d-games/zml-cocos2d-AirplaneBattle/assets/Scripts/Tool.ts from cce:/internal/x/prerequisite-imports as file:///D:/cocos_zml/zml-cocos2d-games/zml-cocos2d-AirplaneBattle/assets/Scripts/Tool.ts.
22:21:10.693 debug: Resolve file:///D:/cocos_zml/zml-cocos2d-games/zml-cocos2d-AirplaneBattle/assets/Scripts/ToolManage.ts from cce:/internal/x/prerequisite-imports as file:///D:/cocos_zml/zml-cocos2d-games/zml-cocos2d-AirplaneBattle/assets/Scripts/ToolManage.ts.
22:21:10.693 debug: Resolve cc from file:///D:/cocos_zml/zml-cocos2d-games/zml-cocos2d-AirplaneBattle/assets/Scripts/GameManage.ts as cce:/internal/x/cc.
22:21:10.693 debug: Resolve cc from file:///D:/cocos_zml/zml-cocos2d-games/zml-cocos2d-AirplaneBattle/assets/Scripts/GameManage.ts as cce:/internal/x/cc.
22:21:10.693 debug: Resolve cc from file:///D:/cocos_zml/zml-cocos2d-games/zml-cocos2d-AirplaneBattle/assets/Scripts/GameManage.ts as cce:/internal/x/cc.
22:21:10.712 debug: Target(preview) ends with cost 67.45009999908507ms.
22:56:56.183 debug: Dispatch build request for time accumulated 1 asset changes.
22:56:56.186 debug: Build iteration starts.
Number of accumulated asset changes: 1
Feature changed: false
22:56:56.186 debug: Target(editor) build started.
22:56:56.188 debug: Detected change: cce:/internal/x/prerequisite-imports. Last mtime: Thu Jan 01 1970 11:13:58 GMT+0800 (中国标准时间), Current mtime: Thu Jan 01 1970 11:49:43 GMT+0800 (中国标准时间)
22:56:56.188 debug: Inspect cce:/internal/x/prerequisite-imports
22:56:56.198 debug: transform url: 'cce:/internal/x/prerequisite-imports' costs: 10.10 ms
22:56:56.202 debug: Resolve file:///D:/cocos_editor/Creator/3.8.8/resources/resources/3d/engine/editor/assets/default_renderpipeline/builtin-dof-pass.ts from cce:/internal/x/prerequisite-imports as file:///D:/cocos_editor/Creator/3.8.8/resources/resources/3d/engine/editor/assets/default_renderpipeline/builtin-dof-pass.ts.
22:56:56.202 debug: Resolve file:///D:/cocos_editor/Creator/3.8.8/resources/resources/3d/engine/editor/assets/default_renderpipeline/builtin-pipeline-pass.ts from cce:/internal/x/prerequisite-imports as file:///D:/cocos_editor/Creator/3.8.8/resources/resources/3d/engine/editor/assets/default_renderpipeline/builtin-pipeline-pass.ts.
22:56:56.203 debug: Resolve file:///D:/cocos_editor/Creator/3.8.8/resources/resources/3d/engine/editor/assets/default_renderpipeline/builtin-pipeline-settings.ts from cce:/internal/x/prerequisite-imports as file:///D:/cocos_editor/Creator/3.8.8/resources/resources/3d/engine/editor/assets/default_renderpipeline/builtin-pipeline-settings.ts.
22:56:56.203 debug: Resolve file:///D:/cocos_editor/Creator/3.8.8/resources/resources/3d/engine/editor/assets/default_renderpipeline/builtin-pipeline-types.ts from cce:/internal/x/prerequisite-imports as file:///D:/cocos_editor/Creator/3.8.8/resources/resources/3d/engine/editor/assets/default_renderpipeline/builtin-pipeline-types.ts.
22:56:56.204 debug: Resolve file:///D:/cocos_editor/Creator/3.8.8/resources/resources/3d/engine/editor/assets/default_renderpipeline/builtin-pipeline.ts from cce:/internal/x/prerequisite-imports as file:///D:/cocos_editor/Creator/3.8.8/resources/resources/3d/engine/editor/assets/default_renderpipeline/builtin-pipeline.ts.
22:56:56.205 debug: Resolve file:///D:/cocos_editor/Creator/3.8.8/resources/resources/3d/engine/editor/assets/tools/debug-view-runtime-control.ts from cce:/internal/x/prerequisite-imports as file:///D:/cocos_editor/Creator/3.8.8/resources/resources/3d/engine/editor/assets/tools/debug-view-runtime-control.ts.
22:56:56.205 debug: Resolve file:///D:/cocos_zml/zml-cocos2d-games/zml-cocos2d-AirplaneBattle/assets/Scripts/Bg.ts from cce:/internal/x/prerequisite-imports as file:///D:/cocos_zml/zml-cocos2d-games/zml-cocos2d-AirplaneBattle/assets/Scripts/Bg.ts.
22:56:56.206 debug: Resolve file:///D:/cocos_zml/zml-cocos2d-games/zml-cocos2d-AirplaneBattle/assets/Scripts/Bullet.ts from cce:/internal/x/prerequisite-imports as file:///D:/cocos_zml/zml-cocos2d-games/zml-cocos2d-AirplaneBattle/assets/Scripts/Bullet.ts.
22:56:56.207 debug: Resolve file:///D:/cocos_zml/zml-cocos2d-games/zml-cocos2d-AirplaneBattle/assets/Scripts/Enemy.ts from cce:/internal/x/prerequisite-imports as file:///D:/cocos_zml/zml-cocos2d-games/zml-cocos2d-AirplaneBattle/assets/Scripts/Enemy.ts.
22:56:56.207 debug: Resolve file:///D:/cocos_zml/zml-cocos2d-games/zml-cocos2d-AirplaneBattle/assets/Scripts/EnemyManage.ts from cce:/internal/x/prerequisite-imports as file:///D:/cocos_zml/zml-cocos2d-games/zml-cocos2d-AirplaneBattle/assets/Scripts/EnemyManage.ts.
22:56:56.207 debug: Resolve file:///D:/cocos_zml/zml-cocos2d-games/zml-cocos2d-AirplaneBattle/assets/Scripts/EventManager.ts from cce:/internal/x/prerequisite-imports as file:///D:/cocos_zml/zml-cocos2d-games/zml-cocos2d-AirplaneBattle/assets/Scripts/EventManager.ts.
22:56:56.208 debug: Resolve file:///D:/cocos_zml/zml-cocos2d-games/zml-cocos2d-AirplaneBattle/assets/Scripts/GameManage.ts from cce:/internal/x/prerequisite-imports as file:///D:/cocos_zml/zml-cocos2d-games/zml-cocos2d-AirplaneBattle/assets/Scripts/GameManage.ts.
22:56:56.208 debug: Detected change: file:///D:/cocos_zml/zml-cocos2d-games/zml-cocos2d-AirplaneBattle/assets/Scripts/GameManage.ts. Last mtime: Fri Apr 24 2026 22:21:10 GMT+0800 (中国标准时间)@038a737b-618a-4ee3-8b12-71354364df3c, Current mtime: Fri Apr 24 2026 22:56:55 GMT+0800 (中国标准时间)@038a737b-618a-4ee3-8b12-71354364df3c
22:56:56.208 debug: Inspect file:///D:/cocos_zml/zml-cocos2d-games/zml-cocos2d-AirplaneBattle/assets/Scripts/GameManage.ts
22:56:56.230 debug: transform url: 'file:///D:/cocos_zml/zml-cocos2d-games/zml-cocos2d-AirplaneBattle/assets/Scripts/GameManage.ts' costs: 22.30 ms
22:56:56.233 debug: Resolve file:///D:/cocos_zml/zml-cocos2d-games/zml-cocos2d-AirplaneBattle/assets/Scripts/Player.ts from cce:/internal/x/prerequisite-imports as file:///D:/cocos_zml/zml-cocos2d-games/zml-cocos2d-AirplaneBattle/assets/Scripts/Player.ts.
22:56:56.234 debug: Resolve file:///D:/cocos_zml/zml-cocos2d-games/zml-cocos2d-AirplaneBattle/assets/Scripts/StartGame.ts from cce:/internal/x/prerequisite-imports as file:///D:/cocos_zml/zml-cocos2d-games/zml-cocos2d-AirplaneBattle/assets/Scripts/StartGame.ts.
22:56:56.234 debug: Resolve file:///D:/cocos_zml/zml-cocos2d-games/zml-cocos2d-AirplaneBattle/assets/Scripts/Tool.ts from cce:/internal/x/prerequisite-imports as file:///D:/cocos_zml/zml-cocos2d-games/zml-cocos2d-AirplaneBattle/assets/Scripts/Tool.ts.
22:56:56.234 debug: Resolve file:///D:/cocos_zml/zml-cocos2d-games/zml-cocos2d-AirplaneBattle/assets/Scripts/ToolManage.ts from cce:/internal/x/prerequisite-imports as file:///D:/cocos_zml/zml-cocos2d-games/zml-cocos2d-AirplaneBattle/assets/Scripts/ToolManage.ts.
22:56:56.235 debug: Resolve cc from file:///D:/cocos_zml/zml-cocos2d-games/zml-cocos2d-AirplaneBattle/assets/Scripts/GameManage.ts as cce:/internal/x/cc.
22:56:56.235 debug: Resolve cc from file:///D:/cocos_zml/zml-cocos2d-games/zml-cocos2d-AirplaneBattle/assets/Scripts/GameManage.ts as cce:/internal/x/cc.
22:56:56.235 debug: Resolve cc from file:///D:/cocos_zml/zml-cocos2d-games/zml-cocos2d-AirplaneBattle/assets/Scripts/GameManage.ts as cce:/internal/x/cc.
22:56:56.249 debug: Target(editor) ends with cost 63.54810000024736ms.
22:56:56.250 debug: Target(preview) build started.
22:56:56.252 debug: Detected change: cce:/internal/x/prerequisite-imports. Last mtime: Thu Jan 01 1970 11:13:58 GMT+0800 (中国标准时间), Current mtime: Thu Jan 01 1970 11:49:44 GMT+0800 (中国标准时间)
22:56:56.252 debug: Inspect cce:/internal/x/prerequisite-imports
22:56:56.265 debug: transform url: 'cce:/internal/x/prerequisite-imports' costs: 12.80 ms
22:56:56.267 debug: Resolve file:///D:/cocos_editor/Creator/3.8.8/resources/resources/3d/engine/editor/assets/default_renderpipeline/builtin-dof-pass.ts from cce:/internal/x/prerequisite-imports as file:///D:/cocos_editor/Creator/3.8.8/resources/resources/3d/engine/editor/assets/default_renderpipeline/builtin-dof-pass.ts.
22:56:56.268 debug: Resolve file:///D:/cocos_editor/Creator/3.8.8/resources/resources/3d/engine/editor/assets/default_renderpipeline/builtin-pipeline-pass.ts from cce:/internal/x/prerequisite-imports as file:///D:/cocos_editor/Creator/3.8.8/resources/resources/3d/engine/editor/assets/default_renderpipeline/builtin-pipeline-pass.ts.
22:56:56.269 debug: Resolve file:///D:/cocos_editor/Creator/3.8.8/resources/resources/3d/engine/editor/assets/default_renderpipeline/builtin-pipeline-settings.ts from cce:/internal/x/prerequisite-imports as file:///D:/cocos_editor/Creator/3.8.8/resources/resources/3d/engine/editor/assets/default_renderpipeline/builtin-pipeline-settings.ts.
22:56:56.270 debug: Resolve file:///D:/cocos_editor/Creator/3.8.8/resources/resources/3d/engine/editor/assets/default_renderpipeline/builtin-pipeline-types.ts from cce:/internal/x/prerequisite-imports as file:///D:/cocos_editor/Creator/3.8.8/resources/resources/3d/engine/editor/assets/default_renderpipeline/builtin-pipeline-types.ts.
22:56:56.271 debug: Resolve file:///D:/cocos_editor/Creator/3.8.8/resources/resources/3d/engine/editor/assets/default_renderpipeline/builtin-pipeline.ts from cce:/internal/x/prerequisite-imports as file:///D:/cocos_editor/Creator/3.8.8/resources/resources/3d/engine/editor/assets/default_renderpipeline/builtin-pipeline.ts.
22:56:56.271 debug: Resolve file:///D:/cocos_editor/Creator/3.8.8/resources/resources/3d/engine/editor/assets/tools/debug-view-runtime-control.ts from cce:/internal/x/prerequisite-imports as file:///D:/cocos_editor/Creator/3.8.8/resources/resources/3d/engine/editor/assets/tools/debug-view-runtime-control.ts.
22:56:56.272 debug: Resolve file:///D:/cocos_zml/zml-cocos2d-games/zml-cocos2d-AirplaneBattle/assets/Scripts/Bg.ts from cce:/internal/x/prerequisite-imports as file:///D:/cocos_zml/zml-cocos2d-games/zml-cocos2d-AirplaneBattle/assets/Scripts/Bg.ts.
22:56:56.272 debug: Resolve file:///D:/cocos_zml/zml-cocos2d-games/zml-cocos2d-AirplaneBattle/assets/Scripts/Bullet.ts from cce:/internal/x/prerequisite-imports as file:///D:/cocos_zml/zml-cocos2d-games/zml-cocos2d-AirplaneBattle/assets/Scripts/Bullet.ts.
22:56:56.274 debug: Resolve file:///D:/cocos_zml/zml-cocos2d-games/zml-cocos2d-AirplaneBattle/assets/Scripts/Enemy.ts from cce:/internal/x/prerequisite-imports as file:///D:/cocos_zml/zml-cocos2d-games/zml-cocos2d-AirplaneBattle/assets/Scripts/Enemy.ts.
22:56:56.275 debug: Resolve file:///D:/cocos_zml/zml-cocos2d-games/zml-cocos2d-AirplaneBattle/assets/Scripts/EnemyManage.ts from cce:/internal/x/prerequisite-imports as file:///D:/cocos_zml/zml-cocos2d-games/zml-cocos2d-AirplaneBattle/assets/Scripts/EnemyManage.ts.
22:56:56.275 debug: Resolve file:///D:/cocos_zml/zml-cocos2d-games/zml-cocos2d-AirplaneBattle/assets/Scripts/EventManager.ts from cce:/internal/x/prerequisite-imports as file:///D:/cocos_zml/zml-cocos2d-games/zml-cocos2d-AirplaneBattle/assets/Scripts/EventManager.ts.
22:56:56.276 debug: Resolve file:///D:/cocos_zml/zml-cocos2d-games/zml-cocos2d-AirplaneBattle/assets/Scripts/GameManage.ts from cce:/internal/x/prerequisite-imports as file:///D:/cocos_zml/zml-cocos2d-games/zml-cocos2d-AirplaneBattle/assets/Scripts/GameManage.ts.
22:56:56.276 debug: Detected change: file:///D:/cocos_zml/zml-cocos2d-games/zml-cocos2d-AirplaneBattle/assets/Scripts/GameManage.ts. Last mtime: Fri Apr 24 2026 22:21:10 GMT+0800 (中国标准时间)@038a737b-618a-4ee3-8b12-71354364df3c, Current mtime: Fri Apr 24 2026 22:56:55 GMT+0800 (中国标准时间)@038a737b-618a-4ee3-8b12-71354364df3c
22:56:56.276 debug: Inspect file:///D:/cocos_zml/zml-cocos2d-games/zml-cocos2d-AirplaneBattle/assets/Scripts/GameManage.ts
22:56:56.302 debug: transform url: 'file:///D:/cocos_zml/zml-cocos2d-games/zml-cocos2d-AirplaneBattle/assets/Scripts/GameManage.ts' costs: 26.30 ms
22:56:56.305 debug: Resolve file:///D:/cocos_zml/zml-cocos2d-games/zml-cocos2d-AirplaneBattle/assets/Scripts/Player.ts from cce:/internal/x/prerequisite-imports as file:///D:/cocos_zml/zml-cocos2d-games/zml-cocos2d-AirplaneBattle/assets/Scripts/Player.ts.
22:56:56.305 debug: Resolve file:///D:/cocos_zml/zml-cocos2d-games/zml-cocos2d-AirplaneBattle/assets/Scripts/StartGame.ts from cce:/internal/x/prerequisite-imports as file:///D:/cocos_zml/zml-cocos2d-games/zml-cocos2d-AirplaneBattle/assets/Scripts/StartGame.ts.
22:56:56.305 debug: Resolve file:///D:/cocos_zml/zml-cocos2d-games/zml-cocos2d-AirplaneBattle/assets/Scripts/Tool.ts from cce:/internal/x/prerequisite-imports as file:///D:/cocos_zml/zml-cocos2d-games/zml-cocos2d-AirplaneBattle/assets/Scripts/Tool.ts.
22:56:56.306 debug: Resolve file:///D:/cocos_zml/zml-cocos2d-games/zml-cocos2d-AirplaneBattle/assets/Scripts/ToolManage.ts from cce:/internal/x/prerequisite-imports as file:///D:/cocos_zml/zml-cocos2d-games/zml-cocos2d-AirplaneBattle/assets/Scripts/ToolManage.ts.
22:56:56.306 debug: Resolve cc from file:///D:/cocos_zml/zml-cocos2d-games/zml-cocos2d-AirplaneBattle/assets/Scripts/GameManage.ts as cce:/internal/x/cc.
22:56:56.306 debug: Resolve cc from file:///D:/cocos_zml/zml-cocos2d-games/zml-cocos2d-AirplaneBattle/assets/Scripts/GameManage.ts as cce:/internal/x/cc.
22:56:56.306 debug: Resolve cc from file:///D:/cocos_zml/zml-cocos2d-games/zml-cocos2d-AirplaneBattle/assets/Scripts/GameManage.ts as cce:/internal/x/cc.
22:56:56.321 debug: Target(preview) ends with cost 70.41019999980927ms.
22:57:44.486 debug: Dispatch build request for time accumulated 1 asset changes.
22:57:44.488 debug: Build iteration starts.
Number of accumulated asset changes: 1
Feature changed: false
22:57:44.488 debug: Target(editor) build started.
22:57:44.490 debug: Detected change: cce:/internal/x/prerequisite-imports. Last mtime: Thu Jan 01 1970 11:49:43 GMT+0800 (中国标准时间), Current mtime: Thu Jan 01 1970 11:50:32 GMT+0800 (中国标准时间)
22:57:44.490 debug: Inspect cce:/internal/x/prerequisite-imports
22:57:44.500 debug: transform url: 'cce:/internal/x/prerequisite-imports' costs: 9.70 ms
22:57:44.502 debug: Resolve file:///D:/cocos_editor/Creator/3.8.8/resources/resources/3d/engine/editor/assets/default_renderpipeline/builtin-dof-pass.ts from cce:/internal/x/prerequisite-imports as file:///D:/cocos_editor/Creator/3.8.8/resources/resources/3d/engine/editor/assets/default_renderpipeline/builtin-dof-pass.ts.
22:57:44.503 debug: Resolve file:///D:/cocos_editor/Creator/3.8.8/resources/resources/3d/engine/editor/assets/default_renderpipeline/builtin-pipeline-pass.ts from cce:/internal/x/prerequisite-imports as file:///D:/cocos_editor/Creator/3.8.8/resources/resources/3d/engine/editor/assets/default_renderpipeline/builtin-pipeline-pass.ts.
22:57:44.504 debug: Resolve file:///D:/cocos_editor/Creator/3.8.8/resources/resources/3d/engine/editor/assets/default_renderpipeline/builtin-pipeline-settings.ts from cce:/internal/x/prerequisite-imports as file:///D:/cocos_editor/Creator/3.8.8/resources/resources/3d/engine/editor/assets/default_renderpipeline/builtin-pipeline-settings.ts.
22:57:44.504 debug: Resolve file:///D:/cocos_editor/Creator/3.8.8/resources/resources/3d/engine/editor/assets/default_renderpipeline/builtin-pipeline-types.ts from cce:/internal/x/prerequisite-imports as file:///D:/cocos_editor/Creator/3.8.8/resources/resources/3d/engine/editor/assets/default_renderpipeline/builtin-pipeline-types.ts.
22:57:44.505 debug: Resolve file:///D:/cocos_editor/Creator/3.8.8/resources/resources/3d/engine/editor/assets/default_renderpipeline/builtin-pipeline.ts from cce:/internal/x/prerequisite-imports as file:///D:/cocos_editor/Creator/3.8.8/resources/resources/3d/engine/editor/assets/default_renderpipeline/builtin-pipeline.ts.
22:57:44.506 debug: Resolve file:///D:/cocos_editor/Creator/3.8.8/resources/resources/3d/engine/editor/assets/tools/debug-view-runtime-control.ts from cce:/internal/x/prerequisite-imports as file:///D:/cocos_editor/Creator/3.8.8/resources/resources/3d/engine/editor/assets/tools/debug-view-runtime-control.ts.
22:57:44.506 debug: Resolve file:///D:/cocos_zml/zml-cocos2d-games/zml-cocos2d-AirplaneBattle/assets/Scripts/Bg.ts from cce:/internal/x/prerequisite-imports as file:///D:/cocos_zml/zml-cocos2d-games/zml-cocos2d-AirplaneBattle/assets/Scripts/Bg.ts.
22:57:44.507 debug: Resolve file:///D:/cocos_zml/zml-cocos2d-games/zml-cocos2d-AirplaneBattle/assets/Scripts/Bullet.ts from cce:/internal/x/prerequisite-imports as file:///D:/cocos_zml/zml-cocos2d-games/zml-cocos2d-AirplaneBattle/assets/Scripts/Bullet.ts.
22:57:44.508 debug: Resolve file:///D:/cocos_zml/zml-cocos2d-games/zml-cocos2d-AirplaneBattle/assets/Scripts/Enemy.ts from cce:/internal/x/prerequisite-imports as file:///D:/cocos_zml/zml-cocos2d-games/zml-cocos2d-AirplaneBattle/assets/Scripts/Enemy.ts.
22:57:44.508 debug: Resolve file:///D:/cocos_zml/zml-cocos2d-games/zml-cocos2d-AirplaneBattle/assets/Scripts/EnemyManage.ts from cce:/internal/x/prerequisite-imports as file:///D:/cocos_zml/zml-cocos2d-games/zml-cocos2d-AirplaneBattle/assets/Scripts/EnemyManage.ts.
22:57:44.508 debug: Resolve file:///D:/cocos_zml/zml-cocos2d-games/zml-cocos2d-AirplaneBattle/assets/Scripts/EventManager.ts from cce:/internal/x/prerequisite-imports as file:///D:/cocos_zml/zml-cocos2d-games/zml-cocos2d-AirplaneBattle/assets/Scripts/EventManager.ts.
22:57:44.509 debug: Resolve file:///D:/cocos_zml/zml-cocos2d-games/zml-cocos2d-AirplaneBattle/assets/Scripts/GameManage.ts from cce:/internal/x/prerequisite-imports as file:///D:/cocos_zml/zml-cocos2d-games/zml-cocos2d-AirplaneBattle/assets/Scripts/GameManage.ts.
22:57:44.509 debug: Detected change: file:///D:/cocos_zml/zml-cocos2d-games/zml-cocos2d-AirplaneBattle/assets/Scripts/GameManage.ts. Last mtime: Fri Apr 24 2026 22:56:55 GMT+0800 (中国标准时间)@038a737b-618a-4ee3-8b12-71354364df3c, Current mtime: Fri Apr 24 2026 22:57:41 GMT+0800 (中国标准时间)@038a737b-618a-4ee3-8b12-71354364df3c
22:57:44.509 debug: Inspect file:///D:/cocos_zml/zml-cocos2d-games/zml-cocos2d-AirplaneBattle/assets/Scripts/GameManage.ts
22:57:44.528 debug: transform url: 'file:///D:/cocos_zml/zml-cocos2d-games/zml-cocos2d-AirplaneBattle/assets/Scripts/GameManage.ts' costs: 19.10 ms
22:57:44.530 debug: Resolve file:///D:/cocos_zml/zml-cocos2d-games/zml-cocos2d-AirplaneBattle/assets/Scripts/Player.ts from cce:/internal/x/prerequisite-imports as file:///D:/cocos_zml/zml-cocos2d-games/zml-cocos2d-AirplaneBattle/assets/Scripts/Player.ts.
22:57:44.530 debug: Resolve file:///D:/cocos_zml/zml-cocos2d-games/zml-cocos2d-AirplaneBattle/assets/Scripts/StartGame.ts from cce:/internal/x/prerequisite-imports as file:///D:/cocos_zml/zml-cocos2d-games/zml-cocos2d-AirplaneBattle/assets/Scripts/StartGame.ts.
22:57:44.531 debug: Resolve file:///D:/cocos_zml/zml-cocos2d-games/zml-cocos2d-AirplaneBattle/assets/Scripts/Tool.ts from cce:/internal/x/prerequisite-imports as file:///D:/cocos_zml/zml-cocos2d-games/zml-cocos2d-AirplaneBattle/assets/Scripts/Tool.ts.
22:57:44.531 debug: Resolve file:///D:/cocos_zml/zml-cocos2d-games/zml-cocos2d-AirplaneBattle/assets/Scripts/ToolManage.ts from cce:/internal/x/prerequisite-imports as file:///D:/cocos_zml/zml-cocos2d-games/zml-cocos2d-AirplaneBattle/assets/Scripts/ToolManage.ts.
22:57:44.532 debug: Resolve cc from file:///D:/cocos_zml/zml-cocos2d-games/zml-cocos2d-AirplaneBattle/assets/Scripts/GameManage.ts as cce:/internal/x/cc.
22:57:44.532 debug: Resolve cc from file:///D:/cocos_zml/zml-cocos2d-games/zml-cocos2d-AirplaneBattle/assets/Scripts/GameManage.ts as cce:/internal/x/cc.
22:57:44.532 debug: Resolve cc from file:///D:/cocos_zml/zml-cocos2d-games/zml-cocos2d-AirplaneBattle/assets/Scripts/GameManage.ts as cce:/internal/x/cc.
22:57:44.543 debug: Target(editor) ends with cost 54.81309999898076ms.
22:57:44.543 debug: Target(preview) build started.
22:57:44.545 debug: Detected change: cce:/internal/x/prerequisite-imports. Last mtime: Thu Jan 01 1970 11:49:44 GMT+0800 (中国标准时间), Current mtime: Thu Jan 01 1970 11:50:32 GMT+0800 (中国标准时间)
22:57:44.545 debug: Inspect cce:/internal/x/prerequisite-imports
22:57:44.556 debug: transform url: 'cce:/internal/x/prerequisite-imports' costs: 10.60 ms
22:57:44.558 debug: Resolve file:///D:/cocos_editor/Creator/3.8.8/resources/resources/3d/engine/editor/assets/default_renderpipeline/builtin-dof-pass.ts from cce:/internal/x/prerequisite-imports as file:///D:/cocos_editor/Creator/3.8.8/resources/resources/3d/engine/editor/assets/default_renderpipeline/builtin-dof-pass.ts.
22:57:44.559 debug: Resolve file:///D:/cocos_editor/Creator/3.8.8/resources/resources/3d/engine/editor/assets/default_renderpipeline/builtin-pipeline-pass.ts from cce:/internal/x/prerequisite-imports as file:///D:/cocos_editor/Creator/3.8.8/resources/resources/3d/engine/editor/assets/default_renderpipeline/builtin-pipeline-pass.ts.
22:57:44.560 debug: Resolve file:///D:/cocos_editor/Creator/3.8.8/resources/resources/3d/engine/editor/assets/default_renderpipeline/builtin-pipeline-settings.ts from cce:/internal/x/prerequisite-imports as file:///D:/cocos_editor/Creator/3.8.8/resources/resources/3d/engine/editor/assets/default_renderpipeline/builtin-pipeline-settings.ts.
22:57:44.561 debug: Resolve file:///D:/cocos_editor/Creator/3.8.8/resources/resources/3d/engine/editor/assets/default_renderpipeline/builtin-pipeline-types.ts from cce:/internal/x/prerequisite-imports as file:///D:/cocos_editor/Creator/3.8.8/resources/resources/3d/engine/editor/assets/default_renderpipeline/builtin-pipeline-types.ts.
22:57:44.562 debug: Resolve file:///D:/cocos_editor/Creator/3.8.8/resources/resources/3d/engine/editor/assets/default_renderpipeline/builtin-pipeline.ts from cce:/internal/x/prerequisite-imports as file:///D:/cocos_editor/Creator/3.8.8/resources/resources/3d/engine/editor/assets/default_renderpipeline/builtin-pipeline.ts.
22:57:44.562 debug: Resolve file:///D:/cocos_editor/Creator/3.8.8/resources/resources/3d/engine/editor/assets/tools/debug-view-runtime-control.ts from cce:/internal/x/prerequisite-imports as file:///D:/cocos_editor/Creator/3.8.8/resources/resources/3d/engine/editor/assets/tools/debug-view-runtime-control.ts.
22:57:44.563 debug: Resolve file:///D:/cocos_zml/zml-cocos2d-games/zml-cocos2d-AirplaneBattle/assets/Scripts/Bg.ts from cce:/internal/x/prerequisite-imports as file:///D:/cocos_zml/zml-cocos2d-games/zml-cocos2d-AirplaneBattle/assets/Scripts/Bg.ts.
22:57:44.563 debug: Resolve file:///D:/cocos_zml/zml-cocos2d-games/zml-cocos2d-AirplaneBattle/assets/Scripts/Bullet.ts from cce:/internal/x/prerequisite-imports as file:///D:/cocos_zml/zml-cocos2d-games/zml-cocos2d-AirplaneBattle/assets/Scripts/Bullet.ts.
22:57:44.564 debug: Resolve file:///D:/cocos_zml/zml-cocos2d-games/zml-cocos2d-AirplaneBattle/assets/Scripts/Enemy.ts from cce:/internal/x/prerequisite-imports as file:///D:/cocos_zml/zml-cocos2d-games/zml-cocos2d-AirplaneBattle/assets/Scripts/Enemy.ts.
22:57:44.565 debug: Resolve file:///D:/cocos_zml/zml-cocos2d-games/zml-cocos2d-AirplaneBattle/assets/Scripts/EnemyManage.ts from cce:/internal/x/prerequisite-imports as file:///D:/cocos_zml/zml-cocos2d-games/zml-cocos2d-AirplaneBattle/assets/Scripts/EnemyManage.ts.
22:57:44.565 debug: Resolve file:///D:/cocos_zml/zml-cocos2d-games/zml-cocos2d-AirplaneBattle/assets/Scripts/EventManager.ts from cce:/internal/x/prerequisite-imports as file:///D:/cocos_zml/zml-cocos2d-games/zml-cocos2d-AirplaneBattle/assets/Scripts/EventManager.ts.
22:57:44.566 debug: Resolve file:///D:/cocos_zml/zml-cocos2d-games/zml-cocos2d-AirplaneBattle/assets/Scripts/GameManage.ts from cce:/internal/x/prerequisite-imports as file:///D:/cocos_zml/zml-cocos2d-games/zml-cocos2d-AirplaneBattle/assets/Scripts/GameManage.ts.
22:57:44.566 debug: Detected change: file:///D:/cocos_zml/zml-cocos2d-games/zml-cocos2d-AirplaneBattle/assets/Scripts/GameManage.ts. Last mtime: Fri Apr 24 2026 22:56:55 GMT+0800 (中国标准时间)@038a737b-618a-4ee3-8b12-71354364df3c, Current mtime: Fri Apr 24 2026 22:57:41 GMT+0800 (中国标准时间)@038a737b-618a-4ee3-8b12-71354364df3c
22:57:44.566 debug: Inspect file:///D:/cocos_zml/zml-cocos2d-games/zml-cocos2d-AirplaneBattle/assets/Scripts/GameManage.ts
22:57:44.594 debug: transform url: 'file:///D:/cocos_zml/zml-cocos2d-games/zml-cocos2d-AirplaneBattle/assets/Scripts/GameManage.ts' costs: 27.60 ms
22:57:44.597 debug: Resolve file:///D:/cocos_zml/zml-cocos2d-games/zml-cocos2d-AirplaneBattle/assets/Scripts/Player.ts from cce:/internal/x/prerequisite-imports as file:///D:/cocos_zml/zml-cocos2d-games/zml-cocos2d-AirplaneBattle/assets/Scripts/Player.ts.
22:57:44.597 debug: Resolve file:///D:/cocos_zml/zml-cocos2d-games/zml-cocos2d-AirplaneBattle/assets/Scripts/StartGame.ts from cce:/internal/x/prerequisite-imports as file:///D:/cocos_zml/zml-cocos2d-games/zml-cocos2d-AirplaneBattle/assets/Scripts/StartGame.ts.
22:57:44.598 debug: Resolve file:///D:/cocos_zml/zml-cocos2d-games/zml-cocos2d-AirplaneBattle/assets/Scripts/Tool.ts from cce:/internal/x/prerequisite-imports as file:///D:/cocos_zml/zml-cocos2d-games/zml-cocos2d-AirplaneBattle/assets/Scripts/Tool.ts.
22:57:44.598 debug: Resolve file:///D:/cocos_zml/zml-cocos2d-games/zml-cocos2d-AirplaneBattle/assets/Scripts/ToolManage.ts from cce:/internal/x/prerequisite-imports as file:///D:/cocos_zml/zml-cocos2d-games/zml-cocos2d-AirplaneBattle/assets/Scripts/ToolManage.ts.
22:57:44.599 debug: Resolve cc from file:///D:/cocos_zml/zml-cocos2d-games/zml-cocos2d-AirplaneBattle/assets/Scripts/GameManage.ts as cce:/internal/x/cc.
22:57:44.599 debug: Resolve cc from file:///D:/cocos_zml/zml-cocos2d-games/zml-cocos2d-AirplaneBattle/assets/Scripts/GameManage.ts as cce:/internal/x/cc.
22:57:44.599 debug: Resolve cc from file:///D:/cocos_zml/zml-cocos2d-games/zml-cocos2d-AirplaneBattle/assets/Scripts/GameManage.ts as cce:/internal/x/cc.
22:57:44.612 debug: Target(preview) ends with cost 68.33369999937713ms.
22:59:52.198 debug: Dispatch build request for time accumulated 2 asset changes.
22:59:52.200 debug: Build iteration starts.
Number of accumulated asset changes: 2
Feature changed: false
22:59:52.200 debug: Target(editor) build started.
22:59:52.203 debug: Detected change: cce:/internal/x/prerequisite-imports. Last mtime: Thu Jan 01 1970 11:50:32 GMT+0800 (中国标准时间), Current mtime: Thu Jan 01 1970 11:52:40 GMT+0800 (中国标准时间)
22:59:52.203 debug: Inspect cce:/internal/x/prerequisite-imports
22:59:52.213 debug: transform url: 'cce:/internal/x/prerequisite-imports' costs: 10.50 ms
22:59:52.216 debug: Resolve file:///D:/cocos_editor/Creator/3.8.8/resources/resources/3d/engine/editor/assets/default_renderpipeline/builtin-dof-pass.ts from cce:/internal/x/prerequisite-imports as file:///D:/cocos_editor/Creator/3.8.8/resources/resources/3d/engine/editor/assets/default_renderpipeline/builtin-dof-pass.ts.
22:59:52.216 debug: Resolve file:///D:/cocos_editor/Creator/3.8.8/resources/resources/3d/engine/editor/assets/default_renderpipeline/builtin-pipeline-pass.ts from cce:/internal/x/prerequisite-imports as file:///D:/cocos_editor/Creator/3.8.8/resources/resources/3d/engine/editor/assets/default_renderpipeline/builtin-pipeline-pass.ts.
22:59:52.217 debug: Resolve file:///D:/cocos_editor/Creator/3.8.8/resources/resources/3d/engine/editor/assets/default_renderpipeline/builtin-pipeline-settings.ts from cce:/internal/x/prerequisite-imports as file:///D:/cocos_editor/Creator/3.8.8/resources/resources/3d/engine/editor/assets/default_renderpipeline/builtin-pipeline-settings.ts.
22:59:52.218 debug: Resolve file:///D:/cocos_editor/Creator/3.8.8/resources/resources/3d/engine/editor/assets/default_renderpipeline/builtin-pipeline-types.ts from cce:/internal/x/prerequisite-imports as file:///D:/cocos_editor/Creator/3.8.8/resources/resources/3d/engine/editor/assets/default_renderpipeline/builtin-pipeline-types.ts.
22:59:52.218 debug: Resolve file:///D:/cocos_editor/Creator/3.8.8/resources/resources/3d/engine/editor/assets/default_renderpipeline/builtin-pipeline.ts from cce:/internal/x/prerequisite-imports as file:///D:/cocos_editor/Creator/3.8.8/resources/resources/3d/engine/editor/assets/default_renderpipeline/builtin-pipeline.ts.
22:59:52.219 debug: Resolve file:///D:/cocos_editor/Creator/3.8.8/resources/resources/3d/engine/editor/assets/tools/debug-view-runtime-control.ts from cce:/internal/x/prerequisite-imports as file:///D:/cocos_editor/Creator/3.8.8/resources/resources/3d/engine/editor/assets/tools/debug-view-runtime-control.ts.
22:59:52.219 debug: Resolve file:///D:/cocos_zml/zml-cocos2d-games/zml-cocos2d-AirplaneBattle/assets/Scripts/Bg.ts from cce:/internal/x/prerequisite-imports as file:///D:/cocos_zml/zml-cocos2d-games/zml-cocos2d-AirplaneBattle/assets/Scripts/Bg.ts.
22:59:52.220 debug: Resolve file:///D:/cocos_zml/zml-cocos2d-games/zml-cocos2d-AirplaneBattle/assets/Scripts/Bullet.ts from cce:/internal/x/prerequisite-imports as file:///D:/cocos_zml/zml-cocos2d-games/zml-cocos2d-AirplaneBattle/assets/Scripts/Bullet.ts.
22:59:52.220 debug: Resolve file:///D:/cocos_zml/zml-cocos2d-games/zml-cocos2d-AirplaneBattle/assets/Scripts/Enemy.ts from cce:/internal/x/prerequisite-imports as file:///D:/cocos_zml/zml-cocos2d-games/zml-cocos2d-AirplaneBattle/assets/Scripts/Enemy.ts.
22:59:52.220 debug: Detected change: file:///D:/cocos_zml/zml-cocos2d-games/zml-cocos2d-AirplaneBattle/assets/Scripts/Enemy.ts. Last mtime: Fri Apr 24 2026 22:19:40 GMT+0800 (中国标准时间)@1cb4211e-7ec2-4f95-84f0-92d280239721, Current mtime: Fri Apr 24 2026 22:57:53 GMT+0800 (中国标准时间)@1cb4211e-7ec2-4f95-84f0-92d280239721
22:59:52.220 debug: Inspect file:///D:/cocos_zml/zml-cocos2d-games/zml-cocos2d-AirplaneBattle/assets/Scripts/Enemy.ts
22:59:52.267 debug: transform url: 'file:///D:/cocos_zml/zml-cocos2d-games/zml-cocos2d-AirplaneBattle/assets/Scripts/Enemy.ts' costs: 46.90 ms
22:59:52.270 debug: Resolve file:///D:/cocos_zml/zml-cocos2d-games/zml-cocos2d-AirplaneBattle/assets/Scripts/EnemyManage.ts from cce:/internal/x/prerequisite-imports as file:///D:/cocos_zml/zml-cocos2d-games/zml-cocos2d-AirplaneBattle/assets/Scripts/EnemyManage.ts.
22:59:52.270 debug: Resolve file:///D:/cocos_zml/zml-cocos2d-games/zml-cocos2d-AirplaneBattle/assets/Scripts/EventManager.ts from cce:/internal/x/prerequisite-imports as file:///D:/cocos_zml/zml-cocos2d-games/zml-cocos2d-AirplaneBattle/assets/Scripts/EventManager.ts.
22:59:52.271 debug: Resolve file:///D:/cocos_zml/zml-cocos2d-games/zml-cocos2d-AirplaneBattle/assets/Scripts/GameManage.ts from cce:/internal/x/prerequisite-imports as file:///D:/cocos_zml/zml-cocos2d-games/zml-cocos2d-AirplaneBattle/assets/Scripts/GameManage.ts.
22:59:52.271 debug: Detected change: file:///D:/cocos_zml/zml-cocos2d-games/zml-cocos2d-AirplaneBattle/assets/Scripts/GameManage.ts. Last mtime: Fri Apr 24 2026 22:57:41 GMT+0800 (中国标准时间)@038a737b-618a-4ee3-8b12-71354364df3c, Current mtime: Fri Apr 24 2026 22:59:46 GMT+0800 (中国标准时间)@038a737b-618a-4ee3-8b12-71354364df3c
22:59:52.271 debug: Inspect file:///D:/cocos_zml/zml-cocos2d-games/zml-cocos2d-AirplaneBattle/assets/Scripts/GameManage.ts
22:59:52.296 debug: transform url: 'file:///D:/cocos_zml/zml-cocos2d-games/zml-cocos2d-AirplaneBattle/assets/Scripts/GameManage.ts' costs: 25.50 ms
22:59:52.299 debug: Resolve file:///D:/cocos_zml/zml-cocos2d-games/zml-cocos2d-AirplaneBattle/assets/Scripts/Player.ts from cce:/internal/x/prerequisite-imports as file:///D:/cocos_zml/zml-cocos2d-games/zml-cocos2d-AirplaneBattle/assets/Scripts/Player.ts.
22:59:52.300 debug: Resolve file:///D:/cocos_zml/zml-cocos2d-games/zml-cocos2d-AirplaneBattle/assets/Scripts/StartGame.ts from cce:/internal/x/prerequisite-imports as file:///D:/cocos_zml/zml-cocos2d-games/zml-cocos2d-AirplaneBattle/assets/Scripts/StartGame.ts.
22:59:52.300 debug: Resolve file:///D:/cocos_zml/zml-cocos2d-games/zml-cocos2d-AirplaneBattle/assets/Scripts/Tool.ts from cce:/internal/x/prerequisite-imports as file:///D:/cocos_zml/zml-cocos2d-games/zml-cocos2d-AirplaneBattle/assets/Scripts/Tool.ts.
22:59:52.300 debug: Resolve file:///D:/cocos_zml/zml-cocos2d-games/zml-cocos2d-AirplaneBattle/assets/Scripts/ToolManage.ts from cce:/internal/x/prerequisite-imports as file:///D:/cocos_zml/zml-cocos2d-games/zml-cocos2d-AirplaneBattle/assets/Scripts/ToolManage.ts.
22:59:52.301 debug: Resolve cce:/internal/code-quality/cr.mjs from file:///D:/cocos_zml/zml-cocos2d-games/zml-cocos2d-AirplaneBattle/assets/Scripts/Enemy.ts as cce:/internal/code-quality/cr.mjs.
22:59:52.301 debug: Resolve cc from file:///D:/cocos_zml/zml-cocos2d-games/zml-cocos2d-AirplaneBattle/assets/Scripts/Enemy.ts as cce:/internal/x/cc.
22:59:52.301 debug: Resolve cc from file:///D:/cocos_zml/zml-cocos2d-games/zml-cocos2d-AirplaneBattle/assets/Scripts/Enemy.ts as cce:/internal/x/cc.
22:59:52.301 debug: Resolve cc from file:///D:/cocos_zml/zml-cocos2d-games/zml-cocos2d-AirplaneBattle/assets/Scripts/Enemy.ts as cce:/internal/x/cc.
22:59:52.302 debug: Resolve ./EventManager from file:///D:/cocos_zml/zml-cocos2d-games/zml-cocos2d-AirplaneBattle/assets/Scripts/Enemy.ts as file:///D:/cocos_zml/zml-cocos2d-games/zml-cocos2d-AirplaneBattle/assets/Scripts/EventManager.ts.
22:59:52.302 debug: Resolve cc from file:///D:/cocos_zml/zml-cocos2d-games/zml-cocos2d-AirplaneBattle/assets/Scripts/GameManage.ts as cce:/internal/x/cc.
22:59:52.302 debug: Resolve cc from file:///D:/cocos_zml/zml-cocos2d-games/zml-cocos2d-AirplaneBattle/assets/Scripts/GameManage.ts as cce:/internal/x/cc.
22:59:52.302 debug: Resolve cc from file:///D:/cocos_zml/zml-cocos2d-games/zml-cocos2d-AirplaneBattle/assets/Scripts/GameManage.ts as cce:/internal/x/cc.
22:59:52.317 debug: Target(editor) ends with cost 116.78309999965131ms.
22:59:52.317 debug: Target(preview) build started.
22:59:52.320 debug: Detected change: cce:/internal/x/prerequisite-imports. Last mtime: Thu Jan 01 1970 11:50:32 GMT+0800 (中国标准时间), Current mtime: Thu Jan 01 1970 11:52:40 GMT+0800 (中国标准时间)
22:59:52.320 debug: Inspect cce:/internal/x/prerequisite-imports
22:59:52.335 debug: transform url: 'cce:/internal/x/prerequisite-imports' costs: 14.60 ms
22:59:52.337 debug: Resolve file:///D:/cocos_editor/Creator/3.8.8/resources/resources/3d/engine/editor/assets/default_renderpipeline/builtin-dof-pass.ts from cce:/internal/x/prerequisite-imports as file:///D:/cocos_editor/Creator/3.8.8/resources/resources/3d/engine/editor/assets/default_renderpipeline/builtin-dof-pass.ts.
22:59:52.338 debug: Resolve file:///D:/cocos_editor/Creator/3.8.8/resources/resources/3d/engine/editor/assets/default_renderpipeline/builtin-pipeline-pass.ts from cce:/internal/x/prerequisite-imports as file:///D:/cocos_editor/Creator/3.8.8/resources/resources/3d/engine/editor/assets/default_renderpipeline/builtin-pipeline-pass.ts.
22:59:52.339 debug: Resolve file:///D:/cocos_editor/Creator/3.8.8/resources/resources/3d/engine/editor/assets/default_renderpipeline/builtin-pipeline-settings.ts from cce:/internal/x/prerequisite-imports as file:///D:/cocos_editor/Creator/3.8.8/resources/resources/3d/engine/editor/assets/default_renderpipeline/builtin-pipeline-settings.ts.
22:59:52.340 debug: Resolve file:///D:/cocos_editor/Creator/3.8.8/resources/resources/3d/engine/editor/assets/default_renderpipeline/builtin-pipeline-types.ts from cce:/internal/x/prerequisite-imports as file:///D:/cocos_editor/Creator/3.8.8/resources/resources/3d/engine/editor/assets/default_renderpipeline/builtin-pipeline-types.ts.
22:59:52.340 debug: Resolve file:///D:/cocos_editor/Creator/3.8.8/resources/resources/3d/engine/editor/assets/default_renderpipeline/builtin-pipeline.ts from cce:/internal/x/prerequisite-imports as file:///D:/cocos_editor/Creator/3.8.8/resources/resources/3d/engine/editor/assets/default_renderpipeline/builtin-pipeline.ts.
22:59:52.341 debug: Resolve file:///D:/cocos_editor/Creator/3.8.8/resources/resources/3d/engine/editor/assets/tools/debug-view-runtime-control.ts from cce:/internal/x/prerequisite-imports as file:///D:/cocos_editor/Creator/3.8.8/resources/resources/3d/engine/editor/assets/tools/debug-view-runtime-control.ts.
22:59:52.342 debug: Resolve file:///D:/cocos_zml/zml-cocos2d-games/zml-cocos2d-AirplaneBattle/assets/Scripts/Bg.ts from cce:/internal/x/prerequisite-imports as file:///D:/cocos_zml/zml-cocos2d-games/zml-cocos2d-AirplaneBattle/assets/Scripts/Bg.ts.
22:59:52.342 debug: Resolve file:///D:/cocos_zml/zml-cocos2d-games/zml-cocos2d-AirplaneBattle/assets/Scripts/Bullet.ts from cce:/internal/x/prerequisite-imports as file:///D:/cocos_zml/zml-cocos2d-games/zml-cocos2d-AirplaneBattle/assets/Scripts/Bullet.ts.
22:59:52.343 debug: Resolve file:///D:/cocos_zml/zml-cocos2d-games/zml-cocos2d-AirplaneBattle/assets/Scripts/Enemy.ts from cce:/internal/x/prerequisite-imports as file:///D:/cocos_zml/zml-cocos2d-games/zml-cocos2d-AirplaneBattle/assets/Scripts/Enemy.ts.
22:59:52.343 debug: Detected change: file:///D:/cocos_zml/zml-cocos2d-games/zml-cocos2d-AirplaneBattle/assets/Scripts/Enemy.ts. Last mtime: Fri Apr 24 2026 22:19:40 GMT+0800 (中国标准时间)@1cb4211e-7ec2-4f95-84f0-92d280239721, Current mtime: Fri Apr 24 2026 22:57:53 GMT+0800 (中国标准时间)@1cb4211e-7ec2-4f95-84f0-92d280239721
22:59:52.343 debug: Inspect file:///D:/cocos_zml/zml-cocos2d-games/zml-cocos2d-AirplaneBattle/assets/Scripts/Enemy.ts
22:59:52.406 debug: transform url: 'file:///D:/cocos_zml/zml-cocos2d-games/zml-cocos2d-AirplaneBattle/assets/Scripts/Enemy.ts' costs: 63.20 ms
22:59:52.410 debug: Resolve file:///D:/cocos_zml/zml-cocos2d-games/zml-cocos2d-AirplaneBattle/assets/Scripts/EnemyManage.ts from cce:/internal/x/prerequisite-imports as file:///D:/cocos_zml/zml-cocos2d-games/zml-cocos2d-AirplaneBattle/assets/Scripts/EnemyManage.ts.
22:59:52.411 debug: Resolve file:///D:/cocos_zml/zml-cocos2d-games/zml-cocos2d-AirplaneBattle/assets/Scripts/EventManager.ts from cce:/internal/x/prerequisite-imports as file:///D:/cocos_zml/zml-cocos2d-games/zml-cocos2d-AirplaneBattle/assets/Scripts/EventManager.ts.
22:59:52.412 debug: Resolve file:///D:/cocos_zml/zml-cocos2d-games/zml-cocos2d-AirplaneBattle/assets/Scripts/GameManage.ts from cce:/internal/x/prerequisite-imports as file:///D:/cocos_zml/zml-cocos2d-games/zml-cocos2d-AirplaneBattle/assets/Scripts/GameManage.ts.
22:59:52.412 debug: Detected change: file:///D:/cocos_zml/zml-cocos2d-games/zml-cocos2d-AirplaneBattle/assets/Scripts/GameManage.ts. Last mtime: Fri Apr 24 2026 22:57:41 GMT+0800 (中国标准时间)@038a737b-618a-4ee3-8b12-71354364df3c, Current mtime: Fri Apr 24 2026 22:59:46 GMT+0800 (中国标准时间)@038a737b-618a-4ee3-8b12-71354364df3c
22:59:52.412 debug: Inspect file:///D:/cocos_zml/zml-cocos2d-games/zml-cocos2d-AirplaneBattle/assets/Scripts/GameManage.ts
22:59:52.486 debug: transform url: 'file:///D:/cocos_zml/zml-cocos2d-games/zml-cocos2d-AirplaneBattle/assets/Scripts/GameManage.ts' costs: 74.20 ms
22:59:52.490 debug: Resolve file:///D:/cocos_zml/zml-cocos2d-games/zml-cocos2d-AirplaneBattle/assets/Scripts/Player.ts from cce:/internal/x/prerequisite-imports as file:///D:/cocos_zml/zml-cocos2d-games/zml-cocos2d-AirplaneBattle/assets/Scripts/Player.ts.
22:59:52.491 debug: Resolve file:///D:/cocos_zml/zml-cocos2d-games/zml-cocos2d-AirplaneBattle/assets/Scripts/StartGame.ts from cce:/internal/x/prerequisite-imports as file:///D:/cocos_zml/zml-cocos2d-games/zml-cocos2d-AirplaneBattle/assets/Scripts/StartGame.ts.
22:59:52.492 debug: Resolve file:///D:/cocos_zml/zml-cocos2d-games/zml-cocos2d-AirplaneBattle/assets/Scripts/Tool.ts from cce:/internal/x/prerequisite-imports as file:///D:/cocos_zml/zml-cocos2d-games/zml-cocos2d-AirplaneBattle/assets/Scripts/Tool.ts.
22:59:52.493 debug: Resolve file:///D:/cocos_zml/zml-cocos2d-games/zml-cocos2d-AirplaneBattle/assets/Scripts/ToolManage.ts from cce:/internal/x/prerequisite-imports as file:///D:/cocos_zml/zml-cocos2d-games/zml-cocos2d-AirplaneBattle/assets/Scripts/ToolManage.ts.
22:59:52.494 debug: Resolve cce:/internal/code-quality/cr.mjs from file:///D:/cocos_zml/zml-cocos2d-games/zml-cocos2d-AirplaneBattle/assets/Scripts/Enemy.ts as cce:/internal/code-quality/cr.mjs.
22:59:52.494 debug: Resolve cc from file:///D:/cocos_zml/zml-cocos2d-games/zml-cocos2d-AirplaneBattle/assets/Scripts/Enemy.ts as cce:/internal/x/cc.
22:59:52.494 debug: Resolve cc from file:///D:/cocos_zml/zml-cocos2d-games/zml-cocos2d-AirplaneBattle/assets/Scripts/Enemy.ts as cce:/internal/x/cc.
22:59:52.494 debug: Resolve cc from file:///D:/cocos_zml/zml-cocos2d-games/zml-cocos2d-AirplaneBattle/assets/Scripts/Enemy.ts as cce:/internal/x/cc.
22:59:52.495 debug: Resolve ./EventManager from file:///D:/cocos_zml/zml-cocos2d-games/zml-cocos2d-AirplaneBattle/assets/Scripts/Enemy.ts as file:///D:/cocos_zml/zml-cocos2d-games/zml-cocos2d-AirplaneBattle/assets/Scripts/EventManager.ts.
22:59:52.495 debug: Resolve cc from file:///D:/cocos_zml/zml-cocos2d-games/zml-cocos2d-AirplaneBattle/assets/Scripts/GameManage.ts as cce:/internal/x/cc.
22:59:52.495 debug: Resolve cc from file:///D:/cocos_zml/zml-cocos2d-games/zml-cocos2d-AirplaneBattle/assets/Scripts/GameManage.ts as cce:/internal/x/cc.
22:59:52.495 debug: Resolve cc from file:///D:/cocos_zml/zml-cocos2d-games/zml-cocos2d-AirplaneBattle/assets/Scripts/GameManage.ts as cce:/internal/x/cc.
22:59:52.520 debug: Target(preview) ends with cost 202.85880000144243ms.
23:05:34.356 debug: Dispatch build request for time accumulated 2 asset changes.
23:05:34.365 debug: Build iteration starts.
Number of accumulated asset changes: 2
Feature changed: false
23:05:34.365 debug: Target(editor) build started.
23:05:34.367 debug: Detected change: cce:/internal/x/prerequisite-imports. Last mtime: Thu Jan 01 1970 11:52:40 GMT+0800 (中国标准时间), Current mtime: Thu Jan 01 1970 11:58:22 GMT+0800 (中国标准时间)
23:05:34.368 debug: Inspect cce:/internal/x/prerequisite-imports
23:05:34.381 debug: transform url: 'cce:/internal/x/prerequisite-imports' costs: 13.90 ms
23:05:34.384 debug: Resolve file:///D:/cocos_editor/Creator/3.8.8/resources/resources/3d/engine/editor/assets/default_renderpipeline/builtin-dof-pass.ts from cce:/internal/x/prerequisite-imports as file:///D:/cocos_editor/Creator/3.8.8/resources/resources/3d/engine/editor/assets/default_renderpipeline/builtin-dof-pass.ts.
23:05:34.385 debug: Resolve file:///D:/cocos_editor/Creator/3.8.8/resources/resources/3d/engine/editor/assets/default_renderpipeline/builtin-pipeline-pass.ts from cce:/internal/x/prerequisite-imports as file:///D:/cocos_editor/Creator/3.8.8/resources/resources/3d/engine/editor/assets/default_renderpipeline/builtin-pipeline-pass.ts.
23:05:34.386 debug: Resolve file:///D:/cocos_editor/Creator/3.8.8/resources/resources/3d/engine/editor/assets/default_renderpipeline/builtin-pipeline-settings.ts from cce:/internal/x/prerequisite-imports as file:///D:/cocos_editor/Creator/3.8.8/resources/resources/3d/engine/editor/assets/default_renderpipeline/builtin-pipeline-settings.ts.
23:05:34.388 debug: Resolve file:///D:/cocos_editor/Creator/3.8.8/resources/resources/3d/engine/editor/assets/default_renderpipeline/builtin-pipeline-types.ts from cce:/internal/x/prerequisite-imports as file:///D:/cocos_editor/Creator/3.8.8/resources/resources/3d/engine/editor/assets/default_renderpipeline/builtin-pipeline-types.ts.
23:05:34.389 debug: Resolve file:///D:/cocos_editor/Creator/3.8.8/resources/resources/3d/engine/editor/assets/default_renderpipeline/builtin-pipeline.ts from cce:/internal/x/prerequisite-imports as file:///D:/cocos_editor/Creator/3.8.8/resources/resources/3d/engine/editor/assets/default_renderpipeline/builtin-pipeline.ts.
23:05:34.389 debug: Resolve file:///D:/cocos_editor/Creator/3.8.8/resources/resources/3d/engine/editor/assets/tools/debug-view-runtime-control.ts from cce:/internal/x/prerequisite-imports as file:///D:/cocos_editor/Creator/3.8.8/resources/resources/3d/engine/editor/assets/tools/debug-view-runtime-control.ts.
23:05:34.390 debug: Resolve file:///D:/cocos_zml/zml-cocos2d-games/zml-cocos2d-AirplaneBattle/assets/Scripts/Bg.ts from cce:/internal/x/prerequisite-imports as file:///D:/cocos_zml/zml-cocos2d-games/zml-cocos2d-AirplaneBattle/assets/Scripts/Bg.ts.
23:05:34.390 debug: Resolve file:///D:/cocos_zml/zml-cocos2d-games/zml-cocos2d-AirplaneBattle/assets/Scripts/Bullet.ts from cce:/internal/x/prerequisite-imports as file:///D:/cocos_zml/zml-cocos2d-games/zml-cocos2d-AirplaneBattle/assets/Scripts/Bullet.ts.
23:05:34.391 debug: Resolve file:///D:/cocos_zml/zml-cocos2d-games/zml-cocos2d-AirplaneBattle/assets/Scripts/Enemy.ts from cce:/internal/x/prerequisite-imports as file:///D:/cocos_zml/zml-cocos2d-games/zml-cocos2d-AirplaneBattle/assets/Scripts/Enemy.ts.
23:05:34.391 debug: Detected change: file:///D:/cocos_zml/zml-cocos2d-games/zml-cocos2d-AirplaneBattle/assets/Scripts/Enemy.ts. Last mtime: Fri Apr 24 2026 22:57:53 GMT+0800 (中国标准时间)@1cb4211e-7ec2-4f95-84f0-92d280239721, Current mtime: Fri Apr 24 2026 23:04:17 GMT+0800 (中国标准时间)@1cb4211e-7ec2-4f95-84f0-92d280239721
23:05:34.391 debug: Inspect file:///D:/cocos_zml/zml-cocos2d-games/zml-cocos2d-AirplaneBattle/assets/Scripts/Enemy.ts
23:05:34.449 debug: transform url: 'file:///D:/cocos_zml/zml-cocos2d-games/zml-cocos2d-AirplaneBattle/assets/Scripts/Enemy.ts' costs: 57.80 ms
23:05:34.452 debug: Resolve file:///D:/cocos_zml/zml-cocos2d-games/zml-cocos2d-AirplaneBattle/assets/Scripts/EnemyManage.ts from cce:/internal/x/prerequisite-imports as file:///D:/cocos_zml/zml-cocos2d-games/zml-cocos2d-AirplaneBattle/assets/Scripts/EnemyManage.ts.
23:05:34.453 debug: Resolve file:///D:/cocos_zml/zml-cocos2d-games/zml-cocos2d-AirplaneBattle/assets/Scripts/EventManager.ts from cce:/internal/x/prerequisite-imports as file:///D:/cocos_zml/zml-cocos2d-games/zml-cocos2d-AirplaneBattle/assets/Scripts/EventManager.ts.
23:05:34.454 debug: Resolve file:///D:/cocos_zml/zml-cocos2d-games/zml-cocos2d-AirplaneBattle/assets/Scripts/GameManage.ts from cce:/internal/x/prerequisite-imports as file:///D:/cocos_zml/zml-cocos2d-games/zml-cocos2d-AirplaneBattle/assets/Scripts/GameManage.ts.
23:05:34.454 debug: Detected change: file:///D:/cocos_zml/zml-cocos2d-games/zml-cocos2d-AirplaneBattle/assets/Scripts/GameManage.ts. Last mtime: Fri Apr 24 2026 22:59:46 GMT+0800 (中国标准时间)@038a737b-618a-4ee3-8b12-71354364df3c, Current mtime: Fri Apr 24 2026 23:03:46 GMT+0800 (中国标准时间)@038a737b-618a-4ee3-8b12-71354364df3c
23:05:34.454 debug: Inspect file:///D:/cocos_zml/zml-cocos2d-games/zml-cocos2d-AirplaneBattle/assets/Scripts/GameManage.ts
23:05:34.476 debug: transform url: 'file:///D:/cocos_zml/zml-cocos2d-games/zml-cocos2d-AirplaneBattle/assets/Scripts/GameManage.ts' costs: 21.60 ms
23:05:34.480 debug: Resolve file:///D:/cocos_zml/zml-cocos2d-games/zml-cocos2d-AirplaneBattle/assets/Scripts/Player.ts from cce:/internal/x/prerequisite-imports as file:///D:/cocos_zml/zml-cocos2d-games/zml-cocos2d-AirplaneBattle/assets/Scripts/Player.ts.
23:05:34.481 debug: Resolve file:///D:/cocos_zml/zml-cocos2d-games/zml-cocos2d-AirplaneBattle/assets/Scripts/StartGame.ts from cce:/internal/x/prerequisite-imports as file:///D:/cocos_zml/zml-cocos2d-games/zml-cocos2d-AirplaneBattle/assets/Scripts/StartGame.ts.
23:05:34.482 debug: Resolve file:///D:/cocos_zml/zml-cocos2d-games/zml-cocos2d-AirplaneBattle/assets/Scripts/Tool.ts from cce:/internal/x/prerequisite-imports as file:///D:/cocos_zml/zml-cocos2d-games/zml-cocos2d-AirplaneBattle/assets/Scripts/Tool.ts.
23:05:34.482 debug: Resolve file:///D:/cocos_zml/zml-cocos2d-games/zml-cocos2d-AirplaneBattle/assets/Scripts/ToolManage.ts from cce:/internal/x/prerequisite-imports as file:///D:/cocos_zml/zml-cocos2d-games/zml-cocos2d-AirplaneBattle/assets/Scripts/ToolManage.ts.
23:05:34.483 debug: Resolve cce:/internal/code-quality/cr.mjs from file:///D:/cocos_zml/zml-cocos2d-games/zml-cocos2d-AirplaneBattle/assets/Scripts/Enemy.ts as cce:/internal/code-quality/cr.mjs.
23:05:34.483 debug: Resolve cc from file:///D:/cocos_zml/zml-cocos2d-games/zml-cocos2d-AirplaneBattle/assets/Scripts/Enemy.ts as cce:/internal/x/cc.
23:05:34.483 debug: Resolve cc from file:///D:/cocos_zml/zml-cocos2d-games/zml-cocos2d-AirplaneBattle/assets/Scripts/Enemy.ts as cce:/internal/x/cc.
23:05:34.483 debug: Resolve cc from file:///D:/cocos_zml/zml-cocos2d-games/zml-cocos2d-AirplaneBattle/assets/Scripts/Enemy.ts as cce:/internal/x/cc.
23:05:34.484 debug: Resolve ./EventManager from file:///D:/cocos_zml/zml-cocos2d-games/zml-cocos2d-AirplaneBattle/assets/Scripts/Enemy.ts as file:///D:/cocos_zml/zml-cocos2d-games/zml-cocos2d-AirplaneBattle/assets/Scripts/EventManager.ts.
23:05:34.484 debug: Resolve ./GameManage from file:///D:/cocos_zml/zml-cocos2d-games/zml-cocos2d-AirplaneBattle/assets/Scripts/Enemy.ts as file:///D:/cocos_zml/zml-cocos2d-games/zml-cocos2d-AirplaneBattle/assets/Scripts/GameManage.ts.
23:05:34.484 debug: Resolve cc from file:///D:/cocos_zml/zml-cocos2d-games/zml-cocos2d-AirplaneBattle/assets/Scripts/GameManage.ts as cce:/internal/x/cc.
23:05:34.484 debug: Resolve cc from file:///D:/cocos_zml/zml-cocos2d-games/zml-cocos2d-AirplaneBattle/assets/Scripts/GameManage.ts as cce:/internal/x/cc.
23:05:34.484 debug: Resolve cc from file:///D:/cocos_zml/zml-cocos2d-games/zml-cocos2d-AirplaneBattle/assets/Scripts/GameManage.ts as cce:/internal/x/cc.
23:05:34.497 debug: Target(editor) ends with cost 132.60040000081062ms.
23:05:34.498 debug: Target(preview) build started.
23:05:34.501 debug: Detected change: cce:/internal/x/prerequisite-imports. Last mtime: Thu Jan 01 1970 11:52:40 GMT+0800 (中国标准时间), Current mtime: Thu Jan 01 1970 11:58:22 GMT+0800 (中国标准时间)
23:05:34.501 debug: Inspect cce:/internal/x/prerequisite-imports
23:05:34.518 debug: transform url: 'cce:/internal/x/prerequisite-imports' costs: 16.80 ms
23:05:34.522 debug: Resolve file:///D:/cocos_editor/Creator/3.8.8/resources/resources/3d/engine/editor/assets/default_renderpipeline/builtin-dof-pass.ts from cce:/internal/x/prerequisite-imports as file:///D:/cocos_editor/Creator/3.8.8/resources/resources/3d/engine/editor/assets/default_renderpipeline/builtin-dof-pass.ts.
23:05:34.523 debug: Resolve file:///D:/cocos_editor/Creator/3.8.8/resources/resources/3d/engine/editor/assets/default_renderpipeline/builtin-pipeline-pass.ts from cce:/internal/x/prerequisite-imports as file:///D:/cocos_editor/Creator/3.8.8/resources/resources/3d/engine/editor/assets/default_renderpipeline/builtin-pipeline-pass.ts.
23:05:34.523 debug: Resolve file:///D:/cocos_editor/Creator/3.8.8/resources/resources/3d/engine/editor/assets/default_renderpipeline/builtin-pipeline-settings.ts from cce:/internal/x/prerequisite-imports as file:///D:/cocos_editor/Creator/3.8.8/resources/resources/3d/engine/editor/assets/default_renderpipeline/builtin-pipeline-settings.ts.
23:05:34.524 debug: Resolve file:///D:/cocos_editor/Creator/3.8.8/resources/resources/3d/engine/editor/assets/default_renderpipeline/builtin-pipeline-types.ts from cce:/internal/x/prerequisite-imports as file:///D:/cocos_editor/Creator/3.8.8/resources/resources/3d/engine/editor/assets/default_renderpipeline/builtin-pipeline-types.ts.
23:05:34.525 debug: Resolve file:///D:/cocos_editor/Creator/3.8.8/resources/resources/3d/engine/editor/assets/default_renderpipeline/builtin-pipeline.ts from cce:/internal/x/prerequisite-imports as file:///D:/cocos_editor/Creator/3.8.8/resources/resources/3d/engine/editor/assets/default_renderpipeline/builtin-pipeline.ts.
23:05:34.526 debug: Resolve file:///D:/cocos_editor/Creator/3.8.8/resources/resources/3d/engine/editor/assets/tools/debug-view-runtime-control.ts from cce:/internal/x/prerequisite-imports as file:///D:/cocos_editor/Creator/3.8.8/resources/resources/3d/engine/editor/assets/tools/debug-view-runtime-control.ts.
23:05:34.527 debug: Resolve file:///D:/cocos_zml/zml-cocos2d-games/zml-cocos2d-AirplaneBattle/assets/Scripts/Bg.ts from cce:/internal/x/prerequisite-imports as file:///D:/cocos_zml/zml-cocos2d-games/zml-cocos2d-AirplaneBattle/assets/Scripts/Bg.ts.
23:05:34.528 debug: Resolve file:///D:/cocos_zml/zml-cocos2d-games/zml-cocos2d-AirplaneBattle/assets/Scripts/Bullet.ts from cce:/internal/x/prerequisite-imports as file:///D:/cocos_zml/zml-cocos2d-games/zml-cocos2d-AirplaneBattle/assets/Scripts/Bullet.ts.
23:05:34.528 debug: Resolve file:///D:/cocos_zml/zml-cocos2d-games/zml-cocos2d-AirplaneBattle/assets/Scripts/Enemy.ts from cce:/internal/x/prerequisite-imports as file:///D:/cocos_zml/zml-cocos2d-games/zml-cocos2d-AirplaneBattle/assets/Scripts/Enemy.ts.
23:05:34.528 debug: Detected change: file:///D:/cocos_zml/zml-cocos2d-games/zml-cocos2d-AirplaneBattle/assets/Scripts/Enemy.ts. Last mtime: Fri Apr 24 2026 22:57:53 GMT+0800 (中国标准时间)@1cb4211e-7ec2-4f95-84f0-92d280239721, Current mtime: Fri Apr 24 2026 23:04:17 GMT+0800 (中国标准时间)@1cb4211e-7ec2-4f95-84f0-92d280239721
23:05:34.529 debug: Inspect file:///D:/cocos_zml/zml-cocos2d-games/zml-cocos2d-AirplaneBattle/assets/Scripts/Enemy.ts
23:05:34.599 debug: transform url: 'file:///D:/cocos_zml/zml-cocos2d-games/zml-cocos2d-AirplaneBattle/assets/Scripts/Enemy.ts' costs: 70.00 ms
23:05:34.602 debug: Resolve file:///D:/cocos_zml/zml-cocos2d-games/zml-cocos2d-AirplaneBattle/assets/Scripts/EnemyManage.ts from cce:/internal/x/prerequisite-imports as file:///D:/cocos_zml/zml-cocos2d-games/zml-cocos2d-AirplaneBattle/assets/Scripts/EnemyManage.ts.
23:05:34.603 debug: Resolve file:///D:/cocos_zml/zml-cocos2d-games/zml-cocos2d-AirplaneBattle/assets/Scripts/EventManager.ts from cce:/internal/x/prerequisite-imports as file:///D:/cocos_zml/zml-cocos2d-games/zml-cocos2d-AirplaneBattle/assets/Scripts/EventManager.ts.
23:05:34.604 debug: Resolve file:///D:/cocos_zml/zml-cocos2d-games/zml-cocos2d-AirplaneBattle/assets/Scripts/GameManage.ts from cce:/internal/x/prerequisite-imports as file:///D:/cocos_zml/zml-cocos2d-games/zml-cocos2d-AirplaneBattle/assets/Scripts/GameManage.ts.
23:05:34.604 debug: Detected change: file:///D:/cocos_zml/zml-cocos2d-games/zml-cocos2d-AirplaneBattle/assets/Scripts/GameManage.ts. Last mtime: Fri Apr 24 2026 22:59:46 GMT+0800 (中国标准时间)@038a737b-618a-4ee3-8b12-71354364df3c, Current mtime: Fri Apr 24 2026 23:03:46 GMT+0800 (中国标准时间)@038a737b-618a-4ee3-8b12-71354364df3c
23:05:34.604 debug: Inspect file:///D:/cocos_zml/zml-cocos2d-games/zml-cocos2d-AirplaneBattle/assets/Scripts/GameManage.ts
23:05:34.642 debug: transform url: 'file:///D:/cocos_zml/zml-cocos2d-games/zml-cocos2d-AirplaneBattle/assets/Scripts/GameManage.ts' costs: 38.00 ms
23:05:34.644 debug: Resolve file:///D:/cocos_zml/zml-cocos2d-games/zml-cocos2d-AirplaneBattle/assets/Scripts/Player.ts from cce:/internal/x/prerequisite-imports as file:///D:/cocos_zml/zml-cocos2d-games/zml-cocos2d-AirplaneBattle/assets/Scripts/Player.ts.
23:05:34.645 debug: Resolve file:///D:/cocos_zml/zml-cocos2d-games/zml-cocos2d-AirplaneBattle/assets/Scripts/StartGame.ts from cce:/internal/x/prerequisite-imports as file:///D:/cocos_zml/zml-cocos2d-games/zml-cocos2d-AirplaneBattle/assets/Scripts/StartGame.ts.
23:05:34.645 debug: Resolve file:///D:/cocos_zml/zml-cocos2d-games/zml-cocos2d-AirplaneBattle/assets/Scripts/Tool.ts from cce:/internal/x/prerequisite-imports as file:///D:/cocos_zml/zml-cocos2d-games/zml-cocos2d-AirplaneBattle/assets/Scripts/Tool.ts.
23:05:34.646 debug: Resolve file:///D:/cocos_zml/zml-cocos2d-games/zml-cocos2d-AirplaneBattle/assets/Scripts/ToolManage.ts from cce:/internal/x/prerequisite-imports as file:///D:/cocos_zml/zml-cocos2d-games/zml-cocos2d-AirplaneBattle/assets/Scripts/ToolManage.ts.
23:05:34.647 debug: Resolve cce:/internal/code-quality/cr.mjs from file:///D:/cocos_zml/zml-cocos2d-games/zml-cocos2d-AirplaneBattle/assets/Scripts/Enemy.ts as cce:/internal/code-quality/cr.mjs.
23:05:34.647 debug: Resolve cc from file:///D:/cocos_zml/zml-cocos2d-games/zml-cocos2d-AirplaneBattle/assets/Scripts/Enemy.ts as cce:/internal/x/cc.
23:05:34.647 debug: Resolve cc from file:///D:/cocos_zml/zml-cocos2d-games/zml-cocos2d-AirplaneBattle/assets/Scripts/Enemy.ts as cce:/internal/x/cc.
23:05:34.647 debug: Resolve cc from file:///D:/cocos_zml/zml-cocos2d-games/zml-cocos2d-AirplaneBattle/assets/Scripts/Enemy.ts as cce:/internal/x/cc.
23:05:34.647 debug: Resolve ./EventManager from file:///D:/cocos_zml/zml-cocos2d-games/zml-cocos2d-AirplaneBattle/assets/Scripts/Enemy.ts as file:///D:/cocos_zml/zml-cocos2d-games/zml-cocos2d-AirplaneBattle/assets/Scripts/EventManager.ts.
23:05:34.648 debug: Resolve ./GameManage from file:///D:/cocos_zml/zml-cocos2d-games/zml-cocos2d-AirplaneBattle/assets/Scripts/Enemy.ts as file:///D:/cocos_zml/zml-cocos2d-games/zml-cocos2d-AirplaneBattle/assets/Scripts/GameManage.ts.
23:05:34.648 debug: Resolve cc from file:///D:/cocos_zml/zml-cocos2d-games/zml-cocos2d-AirplaneBattle/assets/Scripts/GameManage.ts as cce:/internal/x/cc.
23:05:34.648 debug: Resolve cc from file:///D:/cocos_zml/zml-cocos2d-games/zml-cocos2d-AirplaneBattle/assets/Scripts/GameManage.ts as cce:/internal/x/cc.
23:05:34.648 debug: Resolve cc from file:///D:/cocos_zml/zml-cocos2d-games/zml-cocos2d-AirplaneBattle/assets/Scripts/GameManage.ts as cce:/internal/x/cc.
23:05:34.661 debug: Target(preview) ends with cost 163.46249999850988ms.
23:07:22.127 debug: Dispatch build request for time accumulated 2 asset changes.
23:07:22.130 debug: Build iteration starts.
Number of accumulated asset changes: 2
Feature changed: false
23:07:22.130 debug: Target(editor) build started.
23:07:22.133 debug: Detected change: cce:/internal/x/prerequisite-imports. Last mtime: Thu Jan 01 1970 11:58:22 GMT+0800 (中国标准时间), Current mtime: Thu Jan 01 1970 12:00:09 GMT+0800 (中国标准时间)
23:07:22.133 debug: Inspect cce:/internal/x/prerequisite-imports
23:07:22.141 debug: transform url: 'cce:/internal/x/prerequisite-imports' costs: 8.40 ms
23:07:22.145 debug: Resolve file:///D:/cocos_editor/Creator/3.8.8/resources/resources/3d/engine/editor/assets/default_renderpipeline/builtin-dof-pass.ts from cce:/internal/x/prerequisite-imports as file:///D:/cocos_editor/Creator/3.8.8/resources/resources/3d/engine/editor/assets/default_renderpipeline/builtin-dof-pass.ts.
23:07:22.145 debug: Resolve file:///D:/cocos_editor/Creator/3.8.8/resources/resources/3d/engine/editor/assets/default_renderpipeline/builtin-pipeline-pass.ts from cce:/internal/x/prerequisite-imports as file:///D:/cocos_editor/Creator/3.8.8/resources/resources/3d/engine/editor/assets/default_renderpipeline/builtin-pipeline-pass.ts.
23:07:22.146 debug: Resolve file:///D:/cocos_editor/Creator/3.8.8/resources/resources/3d/engine/editor/assets/default_renderpipeline/builtin-pipeline-settings.ts from cce:/internal/x/prerequisite-imports as file:///D:/cocos_editor/Creator/3.8.8/resources/resources/3d/engine/editor/assets/default_renderpipeline/builtin-pipeline-settings.ts.
23:07:22.146 debug: Resolve file:///D:/cocos_editor/Creator/3.8.8/resources/resources/3d/engine/editor/assets/default_renderpipeline/builtin-pipeline-types.ts from cce:/internal/x/prerequisite-imports as file:///D:/cocos_editor/Creator/3.8.8/resources/resources/3d/engine/editor/assets/default_renderpipeline/builtin-pipeline-types.ts.
23:07:22.147 debug: Resolve file:///D:/cocos_editor/Creator/3.8.8/resources/resources/3d/engine/editor/assets/default_renderpipeline/builtin-pipeline.ts from cce:/internal/x/prerequisite-imports as file:///D:/cocos_editor/Creator/3.8.8/resources/resources/3d/engine/editor/assets/default_renderpipeline/builtin-pipeline.ts.
23:07:22.148 debug: Resolve file:///D:/cocos_editor/Creator/3.8.8/resources/resources/3d/engine/editor/assets/tools/debug-view-runtime-control.ts from cce:/internal/x/prerequisite-imports as file:///D:/cocos_editor/Creator/3.8.8/resources/resources/3d/engine/editor/assets/tools/debug-view-runtime-control.ts.
23:07:22.148 debug: Resolve file:///D:/cocos_zml/zml-cocos2d-games/zml-cocos2d-AirplaneBattle/assets/Scripts/Bg.ts from cce:/internal/x/prerequisite-imports as file:///D:/cocos_zml/zml-cocos2d-games/zml-cocos2d-AirplaneBattle/assets/Scripts/Bg.ts.
23:07:22.148 debug: Resolve file:///D:/cocos_zml/zml-cocos2d-games/zml-cocos2d-AirplaneBattle/assets/Scripts/Bullet.ts from cce:/internal/x/prerequisite-imports as file:///D:/cocos_zml/zml-cocos2d-games/zml-cocos2d-AirplaneBattle/assets/Scripts/Bullet.ts.
23:07:22.149 debug: Resolve file:///D:/cocos_zml/zml-cocos2d-games/zml-cocos2d-AirplaneBattle/assets/Scripts/Enemy.ts from cce:/internal/x/prerequisite-imports as file:///D:/cocos_zml/zml-cocos2d-games/zml-cocos2d-AirplaneBattle/assets/Scripts/Enemy.ts.
23:07:22.149 debug: Detected change: file:///D:/cocos_zml/zml-cocos2d-games/zml-cocos2d-AirplaneBattle/assets/Scripts/Enemy.ts. Last mtime: Fri Apr 24 2026 23:04:17 GMT+0800 (中国标准时间)@1cb4211e-7ec2-4f95-84f0-92d280239721, Current mtime: Fri Apr 24 2026 23:07:04 GMT+0800 (中国标准时间)@1cb4211e-7ec2-4f95-84f0-92d280239721
23:07:22.149 debug: Inspect file:///D:/cocos_zml/zml-cocos2d-games/zml-cocos2d-AirplaneBattle/assets/Scripts/Enemy.ts
23:07:22.189 debug: transform url: 'file:///D:/cocos_zml/zml-cocos2d-games/zml-cocos2d-AirplaneBattle/assets/Scripts/Enemy.ts' costs: 39.90 ms
23:07:22.192 debug: Resolve file:///D:/cocos_zml/zml-cocos2d-games/zml-cocos2d-AirplaneBattle/assets/Scripts/EnemyManage.ts from cce:/internal/x/prerequisite-imports as file:///D:/cocos_zml/zml-cocos2d-games/zml-cocos2d-AirplaneBattle/assets/Scripts/EnemyManage.ts.
23:07:22.193 debug: Resolve file:///D:/cocos_zml/zml-cocos2d-games/zml-cocos2d-AirplaneBattle/assets/Scripts/EventManager.ts from cce:/internal/x/prerequisite-imports as file:///D:/cocos_zml/zml-cocos2d-games/zml-cocos2d-AirplaneBattle/assets/Scripts/EventManager.ts.
23:07:22.193 debug: Resolve file:///D:/cocos_zml/zml-cocos2d-games/zml-cocos2d-AirplaneBattle/assets/Scripts/GameManage.ts from cce:/internal/x/prerequisite-imports as file:///D:/cocos_zml/zml-cocos2d-games/zml-cocos2d-AirplaneBattle/assets/Scripts/GameManage.ts.
23:07:22.194 debug: Detected change: file:///D:/cocos_zml/zml-cocos2d-games/zml-cocos2d-AirplaneBattle/assets/Scripts/GameManage.ts. Last mtime: Fri Apr 24 2026 23:03:46 GMT+0800 (中国标准时间)@038a737b-618a-4ee3-8b12-71354364df3c, Current mtime: Fri Apr 24 2026 23:07:19 GMT+0800 (中国标准时间)@038a737b-618a-4ee3-8b12-71354364df3c
23:07:22.194 debug: Inspect file:///D:/cocos_zml/zml-cocos2d-games/zml-cocos2d-AirplaneBattle/assets/Scripts/GameManage.ts
23:07:22.214 debug: transform url: 'file:///D:/cocos_zml/zml-cocos2d-games/zml-cocos2d-AirplaneBattle/assets/Scripts/GameManage.ts' costs: 20.40 ms
23:07:22.216 debug: Resolve file:///D:/cocos_zml/zml-cocos2d-games/zml-cocos2d-AirplaneBattle/assets/Scripts/Player.ts from cce:/internal/x/prerequisite-imports as file:///D:/cocos_zml/zml-cocos2d-games/zml-cocos2d-AirplaneBattle/assets/Scripts/Player.ts.
23:07:22.216 debug: Resolve file:///D:/cocos_zml/zml-cocos2d-games/zml-cocos2d-AirplaneBattle/assets/Scripts/StartGame.ts from cce:/internal/x/prerequisite-imports as file:///D:/cocos_zml/zml-cocos2d-games/zml-cocos2d-AirplaneBattle/assets/Scripts/StartGame.ts.
23:07:22.217 debug: Resolve file:///D:/cocos_zml/zml-cocos2d-games/zml-cocos2d-AirplaneBattle/assets/Scripts/Tool.ts from cce:/internal/x/prerequisite-imports as file:///D:/cocos_zml/zml-cocos2d-games/zml-cocos2d-AirplaneBattle/assets/Scripts/Tool.ts.
23:07:22.217 debug: Resolve file:///D:/cocos_zml/zml-cocos2d-games/zml-cocos2d-AirplaneBattle/assets/Scripts/ToolManage.ts from cce:/internal/x/prerequisite-imports as file:///D:/cocos_zml/zml-cocos2d-games/zml-cocos2d-AirplaneBattle/assets/Scripts/ToolManage.ts.
23:07:22.218 debug: Resolve cce:/internal/code-quality/cr.mjs from file:///D:/cocos_zml/zml-cocos2d-games/zml-cocos2d-AirplaneBattle/assets/Scripts/Enemy.ts as cce:/internal/code-quality/cr.mjs.
23:07:22.218 debug: Resolve cc from file:///D:/cocos_zml/zml-cocos2d-games/zml-cocos2d-AirplaneBattle/assets/Scripts/Enemy.ts as cce:/internal/x/cc.
23:07:22.218 debug: Resolve cc from file:///D:/cocos_zml/zml-cocos2d-games/zml-cocos2d-AirplaneBattle/assets/Scripts/Enemy.ts as cce:/internal/x/cc.
23:07:22.218 debug: Resolve cc from file:///D:/cocos_zml/zml-cocos2d-games/zml-cocos2d-AirplaneBattle/assets/Scripts/Enemy.ts as cce:/internal/x/cc.
23:07:22.218 debug: Resolve ./EventManager from file:///D:/cocos_zml/zml-cocos2d-games/zml-cocos2d-AirplaneBattle/assets/Scripts/Enemy.ts as file:///D:/cocos_zml/zml-cocos2d-games/zml-cocos2d-AirplaneBattle/assets/Scripts/EventManager.ts.
23:07:22.218 debug: Resolve cce:/internal/code-quality/cr.mjs from file:///D:/cocos_zml/zml-cocos2d-games/zml-cocos2d-AirplaneBattle/assets/Scripts/GameManage.ts as cce:/internal/code-quality/cr.mjs.
23:07:22.218 debug: Resolve cc from file:///D:/cocos_zml/zml-cocos2d-games/zml-cocos2d-AirplaneBattle/assets/Scripts/GameManage.ts as cce:/internal/x/cc.
23:07:22.218 debug: Resolve cc from file:///D:/cocos_zml/zml-cocos2d-games/zml-cocos2d-AirplaneBattle/assets/Scripts/GameManage.ts as cce:/internal/x/cc.
23:07:22.218 debug: Resolve cc from file:///D:/cocos_zml/zml-cocos2d-games/zml-cocos2d-AirplaneBattle/assets/Scripts/GameManage.ts as cce:/internal/x/cc.
23:07:22.219 debug: Resolve ./EventManager from file:///D:/cocos_zml/zml-cocos2d-games/zml-cocos2d-AirplaneBattle/assets/Scripts/GameManage.ts as file:///D:/cocos_zml/zml-cocos2d-games/zml-cocos2d-AirplaneBattle/assets/Scripts/EventManager.ts.
23:07:22.233 debug: Target(editor) ends with cost 102.19879999943078ms.
23:07:22.233 debug: Target(preview) build started.
23:07:22.235 debug: Detected change: cce:/internal/x/prerequisite-imports. Last mtime: Thu Jan 01 1970 11:58:22 GMT+0800 (中国标准时间), Current mtime: Thu Jan 01 1970 12:00:10 GMT+0800 (中国标准时间)
23:07:22.235 debug: Inspect cce:/internal/x/prerequisite-imports
23:07:22.247 debug: transform url: 'cce:/internal/x/prerequisite-imports' costs: 11.30 ms
23:07:22.249 debug: Resolve file:///D:/cocos_editor/Creator/3.8.8/resources/resources/3d/engine/editor/assets/default_renderpipeline/builtin-dof-pass.ts from cce:/internal/x/prerequisite-imports as file:///D:/cocos_editor/Creator/3.8.8/resources/resources/3d/engine/editor/assets/default_renderpipeline/builtin-dof-pass.ts.
23:07:22.250 debug: Resolve file:///D:/cocos_editor/Creator/3.8.8/resources/resources/3d/engine/editor/assets/default_renderpipeline/builtin-pipeline-pass.ts from cce:/internal/x/prerequisite-imports as file:///D:/cocos_editor/Creator/3.8.8/resources/resources/3d/engine/editor/assets/default_renderpipeline/builtin-pipeline-pass.ts.
23:07:22.251 debug: Resolve file:///D:/cocos_editor/Creator/3.8.8/resources/resources/3d/engine/editor/assets/default_renderpipeline/builtin-pipeline-settings.ts from cce:/internal/x/prerequisite-imports as file:///D:/cocos_editor/Creator/3.8.8/resources/resources/3d/engine/editor/assets/default_renderpipeline/builtin-pipeline-settings.ts.
23:07:22.252 debug: Resolve file:///D:/cocos_editor/Creator/3.8.8/resources/resources/3d/engine/editor/assets/default_renderpipeline/builtin-pipeline-types.ts from cce:/internal/x/prerequisite-imports as file:///D:/cocos_editor/Creator/3.8.8/resources/resources/3d/engine/editor/assets/default_renderpipeline/builtin-pipeline-types.ts.
23:07:22.253 debug: Resolve file:///D:/cocos_editor/Creator/3.8.8/resources/resources/3d/engine/editor/assets/default_renderpipeline/builtin-pipeline.ts from cce:/internal/x/prerequisite-imports as file:///D:/cocos_editor/Creator/3.8.8/resources/resources/3d/engine/editor/assets/default_renderpipeline/builtin-pipeline.ts.
23:07:22.254 debug: Resolve file:///D:/cocos_editor/Creator/3.8.8/resources/resources/3d/engine/editor/assets/tools/debug-view-runtime-control.ts from cce:/internal/x/prerequisite-imports as file:///D:/cocos_editor/Creator/3.8.8/resources/resources/3d/engine/editor/assets/tools/debug-view-runtime-control.ts.
23:07:22.254 debug: Resolve file:///D:/cocos_zml/zml-cocos2d-games/zml-cocos2d-AirplaneBattle/assets/Scripts/Bg.ts from cce:/internal/x/prerequisite-imports as file:///D:/cocos_zml/zml-cocos2d-games/zml-cocos2d-AirplaneBattle/assets/Scripts/Bg.ts.
23:07:22.255 debug: Resolve file:///D:/cocos_zml/zml-cocos2d-games/zml-cocos2d-AirplaneBattle/assets/Scripts/Bullet.ts from cce:/internal/x/prerequisite-imports as file:///D:/cocos_zml/zml-cocos2d-games/zml-cocos2d-AirplaneBattle/assets/Scripts/Bullet.ts.
23:07:22.256 debug: Resolve file:///D:/cocos_zml/zml-cocos2d-games/zml-cocos2d-AirplaneBattle/assets/Scripts/Enemy.ts from cce:/internal/x/prerequisite-imports as file:///D:/cocos_zml/zml-cocos2d-games/zml-cocos2d-AirplaneBattle/assets/Scripts/Enemy.ts.
23:07:22.256 debug: Detected change: file:///D:/cocos_zml/zml-cocos2d-games/zml-cocos2d-AirplaneBattle/assets/Scripts/Enemy.ts. Last mtime: Fri Apr 24 2026 23:04:17 GMT+0800 (中国标准时间)@1cb4211e-7ec2-4f95-84f0-92d280239721, Current mtime: Fri Apr 24 2026 23:07:04 GMT+0800 (中国标准时间)@1cb4211e-7ec2-4f95-84f0-92d280239721
23:07:22.256 debug: Inspect file:///D:/cocos_zml/zml-cocos2d-games/zml-cocos2d-AirplaneBattle/assets/Scripts/Enemy.ts
23:07:22.309 debug: transform url: 'file:///D:/cocos_zml/zml-cocos2d-games/zml-cocos2d-AirplaneBattle/assets/Scripts/Enemy.ts' costs: 52.50 ms
23:07:22.312 debug: Resolve file:///D:/cocos_zml/zml-cocos2d-games/zml-cocos2d-AirplaneBattle/assets/Scripts/EnemyManage.ts from cce:/internal/x/prerequisite-imports as file:///D:/cocos_zml/zml-cocos2d-games/zml-cocos2d-AirplaneBattle/assets/Scripts/EnemyManage.ts.
23:07:22.312 debug: Resolve file:///D:/cocos_zml/zml-cocos2d-games/zml-cocos2d-AirplaneBattle/assets/Scripts/EventManager.ts from cce:/internal/x/prerequisite-imports as file:///D:/cocos_zml/zml-cocos2d-games/zml-cocos2d-AirplaneBattle/assets/Scripts/EventManager.ts.
23:07:22.313 debug: Resolve file:///D:/cocos_zml/zml-cocos2d-games/zml-cocos2d-AirplaneBattle/assets/Scripts/GameManage.ts from cce:/internal/x/prerequisite-imports as file:///D:/cocos_zml/zml-cocos2d-games/zml-cocos2d-AirplaneBattle/assets/Scripts/GameManage.ts.
23:07:22.313 debug: Detected change: file:///D:/cocos_zml/zml-cocos2d-games/zml-cocos2d-AirplaneBattle/assets/Scripts/GameManage.ts. Last mtime: Fri Apr 24 2026 23:03:46 GMT+0800 (中国标准时间)@038a737b-618a-4ee3-8b12-71354364df3c, Current mtime: Fri Apr 24 2026 23:07:19 GMT+0800 (中国标准时间)@038a737b-618a-4ee3-8b12-71354364df3c
23:07:22.313 debug: Inspect file:///D:/cocos_zml/zml-cocos2d-games/zml-cocos2d-AirplaneBattle/assets/Scripts/GameManage.ts
23:07:22.342 debug: transform url: 'file:///D:/cocos_zml/zml-cocos2d-games/zml-cocos2d-AirplaneBattle/assets/Scripts/GameManage.ts' costs: 29.60 ms
23:07:22.345 debug: Resolve file:///D:/cocos_zml/zml-cocos2d-games/zml-cocos2d-AirplaneBattle/assets/Scripts/Player.ts from cce:/internal/x/prerequisite-imports as file:///D:/cocos_zml/zml-cocos2d-games/zml-cocos2d-AirplaneBattle/assets/Scripts/Player.ts.
23:07:22.345 debug: Resolve file:///D:/cocos_zml/zml-cocos2d-games/zml-cocos2d-AirplaneBattle/assets/Scripts/StartGame.ts from cce:/internal/x/prerequisite-imports as file:///D:/cocos_zml/zml-cocos2d-games/zml-cocos2d-AirplaneBattle/assets/Scripts/StartGame.ts.
23:07:22.346 debug: Resolve file:///D:/cocos_zml/zml-cocos2d-games/zml-cocos2d-AirplaneBattle/assets/Scripts/Tool.ts from cce:/internal/x/prerequisite-imports as file:///D:/cocos_zml/zml-cocos2d-games/zml-cocos2d-AirplaneBattle/assets/Scripts/Tool.ts.
23:07:22.346 debug: Resolve file:///D:/cocos_zml/zml-cocos2d-games/zml-cocos2d-AirplaneBattle/assets/Scripts/ToolManage.ts from cce:/internal/x/prerequisite-imports as file:///D:/cocos_zml/zml-cocos2d-games/zml-cocos2d-AirplaneBattle/assets/Scripts/ToolManage.ts.
23:07:22.347 debug: Resolve cce:/internal/code-quality/cr.mjs from file:///D:/cocos_zml/zml-cocos2d-games/zml-cocos2d-AirplaneBattle/assets/Scripts/Enemy.ts as cce:/internal/code-quality/cr.mjs.
23:07:22.347 debug: Resolve cc from file:///D:/cocos_zml/zml-cocos2d-games/zml-cocos2d-AirplaneBattle/assets/Scripts/Enemy.ts as cce:/internal/x/cc.
23:07:22.347 debug: Resolve cc from file:///D:/cocos_zml/zml-cocos2d-games/zml-cocos2d-AirplaneBattle/assets/Scripts/Enemy.ts as cce:/internal/x/cc.
23:07:22.347 debug: Resolve cc from file:///D:/cocos_zml/zml-cocos2d-games/zml-cocos2d-AirplaneBattle/assets/Scripts/Enemy.ts as cce:/internal/x/cc.
23:07:22.348 debug: Resolve ./EventManager from file:///D:/cocos_zml/zml-cocos2d-games/zml-cocos2d-AirplaneBattle/assets/Scripts/Enemy.ts as file:///D:/cocos_zml/zml-cocos2d-games/zml-cocos2d-AirplaneBattle/assets/Scripts/EventManager.ts.
23:07:22.348 debug: Resolve cce:/internal/code-quality/cr.mjs from file:///D:/cocos_zml/zml-cocos2d-games/zml-cocos2d-AirplaneBattle/assets/Scripts/GameManage.ts as cce:/internal/code-quality/cr.mjs.
23:07:22.348 debug: Resolve cc from file:///D:/cocos_zml/zml-cocos2d-games/zml-cocos2d-AirplaneBattle/assets/Scripts/GameManage.ts as cce:/internal/x/cc.
23:07:22.348 debug: Resolve cc from file:///D:/cocos_zml/zml-cocos2d-games/zml-cocos2d-AirplaneBattle/assets/Scripts/GameManage.ts as cce:/internal/x/cc.
23:07:22.348 debug: Resolve cc from file:///D:/cocos_zml/zml-cocos2d-games/zml-cocos2d-AirplaneBattle/assets/Scripts/GameManage.ts as cce:/internal/x/cc.
23:07:22.349 debug: Resolve ./EventManager from file:///D:/cocos_zml/zml-cocos2d-games/zml-cocos2d-AirplaneBattle/assets/Scripts/GameManage.ts as file:///D:/cocos_zml/zml-cocos2d-games/zml-cocos2d-AirplaneBattle/assets/Scripts/EventManager.ts.
23:07:22.365 debug: Target(preview) ends with cost 131.96760000102222ms.
23:08:16.325 debug: Dispatch build request for time accumulated 1 asset changes.
23:08:16.328 debug: Build iteration starts.
Number of accumulated asset changes: 1
Feature changed: false
23:08:16.328 debug: Target(editor) build started.
23:08:16.331 debug: Detected change: cce:/internal/x/prerequisite-imports. Last mtime: Thu Jan 01 1970 12:00:09 GMT+0800 (中国标准时间), Current mtime: Thu Jan 01 1970 12:01:04 GMT+0800 (中国标准时间)
23:08:16.331 debug: Inspect cce:/internal/x/prerequisite-imports
23:08:16.342 debug: transform url: 'cce:/internal/x/prerequisite-imports' costs: 11.70 ms
23:08:16.345 debug: Resolve file:///D:/cocos_editor/Creator/3.8.8/resources/resources/3d/engine/editor/assets/default_renderpipeline/builtin-dof-pass.ts from cce:/internal/x/prerequisite-imports as file:///D:/cocos_editor/Creator/3.8.8/resources/resources/3d/engine/editor/assets/default_renderpipeline/builtin-dof-pass.ts.
23:08:16.346 debug: Resolve file:///D:/cocos_editor/Creator/3.8.8/resources/resources/3d/engine/editor/assets/default_renderpipeline/builtin-pipeline-pass.ts from cce:/internal/x/prerequisite-imports as file:///D:/cocos_editor/Creator/3.8.8/resources/resources/3d/engine/editor/assets/default_renderpipeline/builtin-pipeline-pass.ts.
23:08:16.347 debug: Resolve file:///D:/cocos_editor/Creator/3.8.8/resources/resources/3d/engine/editor/assets/default_renderpipeline/builtin-pipeline-settings.ts from cce:/internal/x/prerequisite-imports as file:///D:/cocos_editor/Creator/3.8.8/resources/resources/3d/engine/editor/assets/default_renderpipeline/builtin-pipeline-settings.ts.
23:08:16.347 debug: Resolve file:///D:/cocos_editor/Creator/3.8.8/resources/resources/3d/engine/editor/assets/default_renderpipeline/builtin-pipeline-types.ts from cce:/internal/x/prerequisite-imports as file:///D:/cocos_editor/Creator/3.8.8/resources/resources/3d/engine/editor/assets/default_renderpipeline/builtin-pipeline-types.ts.
23:08:16.348 debug: Resolve file:///D:/cocos_editor/Creator/3.8.8/resources/resources/3d/engine/editor/assets/default_renderpipeline/builtin-pipeline.ts from cce:/internal/x/prerequisite-imports as file:///D:/cocos_editor/Creator/3.8.8/resources/resources/3d/engine/editor/assets/default_renderpipeline/builtin-pipeline.ts.
23:08:16.349 debug: Resolve file:///D:/cocos_editor/Creator/3.8.8/resources/resources/3d/engine/editor/assets/tools/debug-view-runtime-control.ts from cce:/internal/x/prerequisite-imports as file:///D:/cocos_editor/Creator/3.8.8/resources/resources/3d/engine/editor/assets/tools/debug-view-runtime-control.ts.
23:08:16.350 debug: Resolve file:///D:/cocos_zml/zml-cocos2d-games/zml-cocos2d-AirplaneBattle/assets/Scripts/Bg.ts from cce:/internal/x/prerequisite-imports as file:///D:/cocos_zml/zml-cocos2d-games/zml-cocos2d-AirplaneBattle/assets/Scripts/Bg.ts.
23:08:16.350 debug: Resolve file:///D:/cocos_zml/zml-cocos2d-games/zml-cocos2d-AirplaneBattle/assets/Scripts/Bullet.ts from cce:/internal/x/prerequisite-imports as file:///D:/cocos_zml/zml-cocos2d-games/zml-cocos2d-AirplaneBattle/assets/Scripts/Bullet.ts.
23:08:16.351 debug: Resolve file:///D:/cocos_zml/zml-cocos2d-games/zml-cocos2d-AirplaneBattle/assets/Scripts/Enemy.ts from cce:/internal/x/prerequisite-imports as file:///D:/cocos_zml/zml-cocos2d-games/zml-cocos2d-AirplaneBattle/assets/Scripts/Enemy.ts.
23:08:16.351 debug: Detected change: file:///D:/cocos_zml/zml-cocos2d-games/zml-cocos2d-AirplaneBattle/assets/Scripts/Enemy.ts. Last mtime: Fri Apr 24 2026 23:07:04 GMT+0800 (中国标准时间)@1cb4211e-7ec2-4f95-84f0-92d280239721, Current mtime: Fri Apr 24 2026 23:08:13 GMT+0800 (中国标准时间)@1cb4211e-7ec2-4f95-84f0-92d280239721
23:08:16.351 debug: Inspect file:///D:/cocos_zml/zml-cocos2d-games/zml-cocos2d-AirplaneBattle/assets/Scripts/Enemy.ts
23:08:16.412 debug: transform url: 'file:///D:/cocos_zml/zml-cocos2d-games/zml-cocos2d-AirplaneBattle/assets/Scripts/Enemy.ts' costs: 61.10 ms
23:08:16.416 debug: Resolve file:///D:/cocos_zml/zml-cocos2d-games/zml-cocos2d-AirplaneBattle/assets/Scripts/EnemyManage.ts from cce:/internal/x/prerequisite-imports as file:///D:/cocos_zml/zml-cocos2d-games/zml-cocos2d-AirplaneBattle/assets/Scripts/EnemyManage.ts.
23:08:16.417 debug: Resolve file:///D:/cocos_zml/zml-cocos2d-games/zml-cocos2d-AirplaneBattle/assets/Scripts/EventManager.ts from cce:/internal/x/prerequisite-imports as file:///D:/cocos_zml/zml-cocos2d-games/zml-cocos2d-AirplaneBattle/assets/Scripts/EventManager.ts.
23:08:16.417 debug: Resolve file:///D:/cocos_zml/zml-cocos2d-games/zml-cocos2d-AirplaneBattle/assets/Scripts/GameManage.ts from cce:/internal/x/prerequisite-imports as file:///D:/cocos_zml/zml-cocos2d-games/zml-cocos2d-AirplaneBattle/assets/Scripts/GameManage.ts.
23:08:16.418 debug: Resolve file:///D:/cocos_zml/zml-cocos2d-games/zml-cocos2d-AirplaneBattle/assets/Scripts/Player.ts from cce:/internal/x/prerequisite-imports as file:///D:/cocos_zml/zml-cocos2d-games/zml-cocos2d-AirplaneBattle/assets/Scripts/Player.ts.
23:08:16.419 debug: Resolve file:///D:/cocos_zml/zml-cocos2d-games/zml-cocos2d-AirplaneBattle/assets/Scripts/StartGame.ts from cce:/internal/x/prerequisite-imports as file:///D:/cocos_zml/zml-cocos2d-games/zml-cocos2d-AirplaneBattle/assets/Scripts/StartGame.ts.
23:08:16.419 debug: Resolve file:///D:/cocos_zml/zml-cocos2d-games/zml-cocos2d-AirplaneBattle/assets/Scripts/Tool.ts from cce:/internal/x/prerequisite-imports as file:///D:/cocos_zml/zml-cocos2d-games/zml-cocos2d-AirplaneBattle/assets/Scripts/Tool.ts.
23:08:16.420 debug: Resolve file:///D:/cocos_zml/zml-cocos2d-games/zml-cocos2d-AirplaneBattle/assets/Scripts/ToolManage.ts from cce:/internal/x/prerequisite-imports as file:///D:/cocos_zml/zml-cocos2d-games/zml-cocos2d-AirplaneBattle/assets/Scripts/ToolManage.ts.
23:08:16.420 debug: Resolve cce:/internal/code-quality/cr.mjs from file:///D:/cocos_zml/zml-cocos2d-games/zml-cocos2d-AirplaneBattle/assets/Scripts/Enemy.ts as cce:/internal/code-quality/cr.mjs.
23:08:16.420 debug: Resolve cc from file:///D:/cocos_zml/zml-cocos2d-games/zml-cocos2d-AirplaneBattle/assets/Scripts/Enemy.ts as cce:/internal/x/cc.
23:08:16.420 debug: Resolve cc from file:///D:/cocos_zml/zml-cocos2d-games/zml-cocos2d-AirplaneBattle/assets/Scripts/Enemy.ts as cce:/internal/x/cc.
23:08:16.420 debug: Resolve cc from file:///D:/cocos_zml/zml-cocos2d-games/zml-cocos2d-AirplaneBattle/assets/Scripts/Enemy.ts as cce:/internal/x/cc.
23:08:16.421 debug: Resolve ./EventManager from file:///D:/cocos_zml/zml-cocos2d-games/zml-cocos2d-AirplaneBattle/assets/Scripts/Enemy.ts as file:///D:/cocos_zml/zml-cocos2d-games/zml-cocos2d-AirplaneBattle/assets/Scripts/EventManager.ts.
23:08:16.439 debug: Target(editor) ends with cost 110.64179999940097ms.
23:08:16.439 debug: Target(preview) build started.
23:08:16.442 debug: Detected change: cce:/internal/x/prerequisite-imports. Last mtime: Thu Jan 01 1970 12:00:10 GMT+0800 (中国标准时间), Current mtime: Thu Jan 01 1970 12:01:04 GMT+0800 (中国标准时间)
23:08:16.442 debug: Inspect cce:/internal/x/prerequisite-imports
23:08:16.459 debug: transform url: 'cce:/internal/x/prerequisite-imports' costs: 16.30 ms
23:08:16.462 debug: Resolve file:///D:/cocos_editor/Creator/3.8.8/resources/resources/3d/engine/editor/assets/default_renderpipeline/builtin-dof-pass.ts from cce:/internal/x/prerequisite-imports as file:///D:/cocos_editor/Creator/3.8.8/resources/resources/3d/engine/editor/assets/default_renderpipeline/builtin-dof-pass.ts.
23:08:16.463 debug: Resolve file:///D:/cocos_editor/Creator/3.8.8/resources/resources/3d/engine/editor/assets/default_renderpipeline/builtin-pipeline-pass.ts from cce:/internal/x/prerequisite-imports as file:///D:/cocos_editor/Creator/3.8.8/resources/resources/3d/engine/editor/assets/default_renderpipeline/builtin-pipeline-pass.ts.
23:08:16.464 debug: Resolve file:///D:/cocos_editor/Creator/3.8.8/resources/resources/3d/engine/editor/assets/default_renderpipeline/builtin-pipeline-settings.ts from cce:/internal/x/prerequisite-imports as file:///D:/cocos_editor/Creator/3.8.8/resources/resources/3d/engine/editor/assets/default_renderpipeline/builtin-pipeline-settings.ts.
23:08:16.464 debug: Resolve file:///D:/cocos_editor/Creator/3.8.8/resources/resources/3d/engine/editor/assets/default_renderpipeline/builtin-pipeline-types.ts from cce:/internal/x/prerequisite-imports as file:///D:/cocos_editor/Creator/3.8.8/resources/resources/3d/engine/editor/assets/default_renderpipeline/builtin-pipeline-types.ts.
23:08:16.466 debug: Resolve file:///D:/cocos_editor/Creator/3.8.8/resources/resources/3d/engine/editor/assets/default_renderpipeline/builtin-pipeline.ts from cce:/internal/x/prerequisite-imports as file:///D:/cocos_editor/Creator/3.8.8/resources/resources/3d/engine/editor/assets/default_renderpipeline/builtin-pipeline.ts.
23:08:16.467 debug: Resolve file:///D:/cocos_editor/Creator/3.8.8/resources/resources/3d/engine/editor/assets/tools/debug-view-runtime-control.ts from cce:/internal/x/prerequisite-imports as file:///D:/cocos_editor/Creator/3.8.8/resources/resources/3d/engine/editor/assets/tools/debug-view-runtime-control.ts.
23:08:16.468 debug: Resolve file:///D:/cocos_zml/zml-cocos2d-games/zml-cocos2d-AirplaneBattle/assets/Scripts/Bg.ts from cce:/internal/x/prerequisite-imports as file:///D:/cocos_zml/zml-cocos2d-games/zml-cocos2d-AirplaneBattle/assets/Scripts/Bg.ts.
23:08:16.469 debug: Resolve file:///D:/cocos_zml/zml-cocos2d-games/zml-cocos2d-AirplaneBattle/assets/Scripts/Bullet.ts from cce:/internal/x/prerequisite-imports as file:///D:/cocos_zml/zml-cocos2d-games/zml-cocos2d-AirplaneBattle/assets/Scripts/Bullet.ts.
23:08:16.469 debug: Resolve file:///D:/cocos_zml/zml-cocos2d-games/zml-cocos2d-AirplaneBattle/assets/Scripts/Enemy.ts from cce:/internal/x/prerequisite-imports as file:///D:/cocos_zml/zml-cocos2d-games/zml-cocos2d-AirplaneBattle/assets/Scripts/Enemy.ts.
23:08:16.470 debug: Detected change: file:///D:/cocos_zml/zml-cocos2d-games/zml-cocos2d-AirplaneBattle/assets/Scripts/Enemy.ts. Last mtime: Fri Apr 24 2026 23:07:04 GMT+0800 (中国标准时间)@1cb4211e-7ec2-4f95-84f0-92d280239721, Current mtime: Fri Apr 24 2026 23:08:13 GMT+0800 (中国标准时间)@1cb4211e-7ec2-4f95-84f0-92d280239721
23:08:16.470 debug: Inspect file:///D:/cocos_zml/zml-cocos2d-games/zml-cocos2d-AirplaneBattle/assets/Scripts/Enemy.ts
23:08:16.542 debug: transform url: 'file:///D:/cocos_zml/zml-cocos2d-games/zml-cocos2d-AirplaneBattle/assets/Scripts/Enemy.ts' costs: 72.00 ms
23:08:16.545 debug: Resolve file:///D:/cocos_zml/zml-cocos2d-games/zml-cocos2d-AirplaneBattle/assets/Scripts/EnemyManage.ts from cce:/internal/x/prerequisite-imports as file:///D:/cocos_zml/zml-cocos2d-games/zml-cocos2d-AirplaneBattle/assets/Scripts/EnemyManage.ts.
23:08:16.546 debug: Resolve file:///D:/cocos_zml/zml-cocos2d-games/zml-cocos2d-AirplaneBattle/assets/Scripts/EventManager.ts from cce:/internal/x/prerequisite-imports as file:///D:/cocos_zml/zml-cocos2d-games/zml-cocos2d-AirplaneBattle/assets/Scripts/EventManager.ts.
23:08:16.546 debug: Resolve file:///D:/cocos_zml/zml-cocos2d-games/zml-cocos2d-AirplaneBattle/assets/Scripts/GameManage.ts from cce:/internal/x/prerequisite-imports as file:///D:/cocos_zml/zml-cocos2d-games/zml-cocos2d-AirplaneBattle/assets/Scripts/GameManage.ts.
23:08:16.547 debug: Resolve file:///D:/cocos_zml/zml-cocos2d-games/zml-cocos2d-AirplaneBattle/assets/Scripts/Player.ts from cce:/internal/x/prerequisite-imports as file:///D:/cocos_zml/zml-cocos2d-games/zml-cocos2d-AirplaneBattle/assets/Scripts/Player.ts.
23:08:16.548 debug: Resolve file:///D:/cocos_zml/zml-cocos2d-games/zml-cocos2d-AirplaneBattle/assets/Scripts/StartGame.ts from cce:/internal/x/prerequisite-imports as file:///D:/cocos_zml/zml-cocos2d-games/zml-cocos2d-AirplaneBattle/assets/Scripts/StartGame.ts.
23:08:16.548 debug: Resolve file:///D:/cocos_zml/zml-cocos2d-games/zml-cocos2d-AirplaneBattle/assets/Scripts/Tool.ts from cce:/internal/x/prerequisite-imports as file:///D:/cocos_zml/zml-cocos2d-games/zml-cocos2d-AirplaneBattle/assets/Scripts/Tool.ts.
23:08:16.549 debug: Resolve file:///D:/cocos_zml/zml-cocos2d-games/zml-cocos2d-AirplaneBattle/assets/Scripts/ToolManage.ts from cce:/internal/x/prerequisite-imports as file:///D:/cocos_zml/zml-cocos2d-games/zml-cocos2d-AirplaneBattle/assets/Scripts/ToolManage.ts.
23:08:16.550 debug: Resolve cce:/internal/code-quality/cr.mjs from file:///D:/cocos_zml/zml-cocos2d-games/zml-cocos2d-AirplaneBattle/assets/Scripts/Enemy.ts as cce:/internal/code-quality/cr.mjs.
23:08:16.550 debug: Resolve cc from file:///D:/cocos_zml/zml-cocos2d-games/zml-cocos2d-AirplaneBattle/assets/Scripts/Enemy.ts as cce:/internal/x/cc.
23:08:16.550 debug: Resolve cc from file:///D:/cocos_zml/zml-cocos2d-games/zml-cocos2d-AirplaneBattle/assets/Scripts/Enemy.ts as cce:/internal/x/cc.
23:08:16.550 debug: Resolve cc from file:///D:/cocos_zml/zml-cocos2d-games/zml-cocos2d-AirplaneBattle/assets/Scripts/Enemy.ts as cce:/internal/x/cc.
23:08:16.551 debug: Resolve ./EventManager from file:///D:/cocos_zml/zml-cocos2d-games/zml-cocos2d-AirplaneBattle/assets/Scripts/Enemy.ts as file:///D:/cocos_zml/zml-cocos2d-games/zml-cocos2d-AirplaneBattle/assets/Scripts/EventManager.ts.
23:08:16.570 debug: Target(preview) ends with cost 131.40699999965727ms.
23:11:15.760 debug: Dispatch build request for time accumulated 1 asset changes.
23:11:15.762 debug: Build iteration starts.
Number of accumulated asset changes: 1
Feature changed: false
23:11:15.763 debug: Target(editor) build started.
23:11:15.769 debug: Detected change: cce:/internal/x/prerequisite-imports. Last mtime: Thu Jan 01 1970 12:01:04 GMT+0800 (中国标准时间), Current mtime: Thu Jan 01 1970 12:04:03 GMT+0800 (中国标准时间)
23:11:15.769 debug: Inspect cce:/internal/x/prerequisite-imports
23:11:15.783 debug: transform url: 'cce:/internal/x/prerequisite-imports' costs: 13.70 ms
23:11:15.786 debug: Resolve file:///D:/cocos_editor/Creator/3.8.8/resources/resources/3d/engine/editor/assets/default_renderpipeline/builtin-dof-pass.ts from cce:/internal/x/prerequisite-imports as file:///D:/cocos_editor/Creator/3.8.8/resources/resources/3d/engine/editor/assets/default_renderpipeline/builtin-dof-pass.ts.
23:11:15.787 debug: Resolve file:///D:/cocos_editor/Creator/3.8.8/resources/resources/3d/engine/editor/assets/default_renderpipeline/builtin-pipeline-pass.ts from cce:/internal/x/prerequisite-imports as file:///D:/cocos_editor/Creator/3.8.8/resources/resources/3d/engine/editor/assets/default_renderpipeline/builtin-pipeline-pass.ts.
23:11:15.788 debug: Resolve file:///D:/cocos_editor/Creator/3.8.8/resources/resources/3d/engine/editor/assets/default_renderpipeline/builtin-pipeline-settings.ts from cce:/internal/x/prerequisite-imports as file:///D:/cocos_editor/Creator/3.8.8/resources/resources/3d/engine/editor/assets/default_renderpipeline/builtin-pipeline-settings.ts.
23:11:15.788 debug: Resolve file:///D:/cocos_editor/Creator/3.8.8/resources/resources/3d/engine/editor/assets/default_renderpipeline/builtin-pipeline-types.ts from cce:/internal/x/prerequisite-imports as file:///D:/cocos_editor/Creator/3.8.8/resources/resources/3d/engine/editor/assets/default_renderpipeline/builtin-pipeline-types.ts.
23:11:15.789 debug: Resolve file:///D:/cocos_editor/Creator/3.8.8/resources/resources/3d/engine/editor/assets/default_renderpipeline/builtin-pipeline.ts from cce:/internal/x/prerequisite-imports as file:///D:/cocos_editor/Creator/3.8.8/resources/resources/3d/engine/editor/assets/default_renderpipeline/builtin-pipeline.ts.
23:11:15.790 debug: Resolve file:///D:/cocos_editor/Creator/3.8.8/resources/resources/3d/engine/editor/assets/tools/debug-view-runtime-control.ts from cce:/internal/x/prerequisite-imports as file:///D:/cocos_editor/Creator/3.8.8/resources/resources/3d/engine/editor/assets/tools/debug-view-runtime-control.ts.
23:11:15.791 debug: Resolve file:///D:/cocos_zml/zml-cocos2d-games/zml-cocos2d-AirplaneBattle/assets/Scripts/Bg.ts from cce:/internal/x/prerequisite-imports as file:///D:/cocos_zml/zml-cocos2d-games/zml-cocos2d-AirplaneBattle/assets/Scripts/Bg.ts.
23:11:15.792 debug: Resolve file:///D:/cocos_zml/zml-cocos2d-games/zml-cocos2d-AirplaneBattle/assets/Scripts/Bullet.ts from cce:/internal/x/prerequisite-imports as file:///D:/cocos_zml/zml-cocos2d-games/zml-cocos2d-AirplaneBattle/assets/Scripts/Bullet.ts.
23:11:15.792 debug: Resolve file:///D:/cocos_zml/zml-cocos2d-games/zml-cocos2d-AirplaneBattle/assets/Scripts/Enemy.ts from cce:/internal/x/prerequisite-imports as file:///D:/cocos_zml/zml-cocos2d-games/zml-cocos2d-AirplaneBattle/assets/Scripts/Enemy.ts.
23:11:15.793 debug: Resolve file:///D:/cocos_zml/zml-cocos2d-games/zml-cocos2d-AirplaneBattle/assets/Scripts/EnemyManage.ts from cce:/internal/x/prerequisite-imports as file:///D:/cocos_zml/zml-cocos2d-games/zml-cocos2d-AirplaneBattle/assets/Scripts/EnemyManage.ts.
23:11:15.794 debug: Resolve file:///D:/cocos_zml/zml-cocos2d-games/zml-cocos2d-AirplaneBattle/assets/Scripts/EventManager.ts from cce:/internal/x/prerequisite-imports as file:///D:/cocos_zml/zml-cocos2d-games/zml-cocos2d-AirplaneBattle/assets/Scripts/EventManager.ts.
23:11:15.795 debug: Resolve file:///D:/cocos_zml/zml-cocos2d-games/zml-cocos2d-AirplaneBattle/assets/Scripts/GameManage.ts from cce:/internal/x/prerequisite-imports as file:///D:/cocos_zml/zml-cocos2d-games/zml-cocos2d-AirplaneBattle/assets/Scripts/GameManage.ts.
23:11:15.795 debug: Detected change: file:///D:/cocos_zml/zml-cocos2d-games/zml-cocos2d-AirplaneBattle/assets/Scripts/GameManage.ts. Last mtime: Fri Apr 24 2026 23:07:19 GMT+0800 (中国标准时间)@038a737b-618a-4ee3-8b12-71354364df3c, Current mtime: Fri Apr 24 2026 23:10:38 GMT+0800 (中国标准时间)@038a737b-618a-4ee3-8b12-71354364df3c
23:11:15.795 debug: Inspect file:///D:/cocos_zml/zml-cocos2d-games/zml-cocos2d-AirplaneBattle/assets/Scripts/GameManage.ts
23:11:15.837 debug: transform url: 'file:///D:/cocos_zml/zml-cocos2d-games/zml-cocos2d-AirplaneBattle/assets/Scripts/GameManage.ts' costs: 41.80 ms
23:11:15.840 debug: Resolve file:///D:/cocos_zml/zml-cocos2d-games/zml-cocos2d-AirplaneBattle/assets/Scripts/Player.ts from cce:/internal/x/prerequisite-imports as file:///D:/cocos_zml/zml-cocos2d-games/zml-cocos2d-AirplaneBattle/assets/Scripts/Player.ts.
23:11:15.841 debug: Resolve file:///D:/cocos_zml/zml-cocos2d-games/zml-cocos2d-AirplaneBattle/assets/Scripts/StartGame.ts from cce:/internal/x/prerequisite-imports as file:///D:/cocos_zml/zml-cocos2d-games/zml-cocos2d-AirplaneBattle/assets/Scripts/StartGame.ts.
23:11:15.842 debug: Resolve file:///D:/cocos_zml/zml-cocos2d-games/zml-cocos2d-AirplaneBattle/assets/Scripts/Tool.ts from cce:/internal/x/prerequisite-imports as file:///D:/cocos_zml/zml-cocos2d-games/zml-cocos2d-AirplaneBattle/assets/Scripts/Tool.ts.
23:11:15.843 debug: Resolve file:///D:/cocos_zml/zml-cocos2d-games/zml-cocos2d-AirplaneBattle/assets/Scripts/ToolManage.ts from cce:/internal/x/prerequisite-imports as file:///D:/cocos_zml/zml-cocos2d-games/zml-cocos2d-AirplaneBattle/assets/Scripts/ToolManage.ts.
23:11:15.844 debug: Resolve cce:/internal/code-quality/cr.mjs from file:///D:/cocos_zml/zml-cocos2d-games/zml-cocos2d-AirplaneBattle/assets/Scripts/GameManage.ts as cce:/internal/code-quality/cr.mjs.
23:11:15.844 debug: Resolve cc from file:///D:/cocos_zml/zml-cocos2d-games/zml-cocos2d-AirplaneBattle/assets/Scripts/GameManage.ts as cce:/internal/x/cc.
23:11:15.844 debug: Resolve cc from file:///D:/cocos_zml/zml-cocos2d-games/zml-cocos2d-AirplaneBattle/assets/Scripts/GameManage.ts as cce:/internal/x/cc.
23:11:15.844 debug: Resolve cc from file:///D:/cocos_zml/zml-cocos2d-games/zml-cocos2d-AirplaneBattle/assets/Scripts/GameManage.ts as cce:/internal/x/cc.
23:11:15.844 debug: Resolve ./EventManager from file:///D:/cocos_zml/zml-cocos2d-games/zml-cocos2d-AirplaneBattle/assets/Scripts/GameManage.ts as file:///D:/cocos_zml/zml-cocos2d-games/zml-cocos2d-AirplaneBattle/assets/Scripts/EventManager.ts.
23:11:15.862 debug: Target(editor) ends with cost 98.70969999954104ms.
23:11:15.862 debug: Target(preview) build started.
23:11:15.865 debug: Detected change: cce:/internal/x/prerequisite-imports. Last mtime: Thu Jan 01 1970 12:01:04 GMT+0800 (中国标准时间), Current mtime: Thu Jan 01 1970 12:04:03 GMT+0800 (中国标准时间)
23:11:15.865 debug: Inspect cce:/internal/x/prerequisite-imports
23:11:15.881 debug: transform url: 'cce:/internal/x/prerequisite-imports' costs: 15.80 ms
23:11:15.884 debug: Resolve file:///D:/cocos_editor/Creator/3.8.8/resources/resources/3d/engine/editor/assets/default_renderpipeline/builtin-dof-pass.ts from cce:/internal/x/prerequisite-imports as file:///D:/cocos_editor/Creator/3.8.8/resources/resources/3d/engine/editor/assets/default_renderpipeline/builtin-dof-pass.ts.
23:11:15.885 debug: Resolve file:///D:/cocos_editor/Creator/3.8.8/resources/resources/3d/engine/editor/assets/default_renderpipeline/builtin-pipeline-pass.ts from cce:/internal/x/prerequisite-imports as file:///D:/cocos_editor/Creator/3.8.8/resources/resources/3d/engine/editor/assets/default_renderpipeline/builtin-pipeline-pass.ts.
23:11:15.885 debug: Resolve file:///D:/cocos_editor/Creator/3.8.8/resources/resources/3d/engine/editor/assets/default_renderpipeline/builtin-pipeline-settings.ts from cce:/internal/x/prerequisite-imports as file:///D:/cocos_editor/Creator/3.8.8/resources/resources/3d/engine/editor/assets/default_renderpipeline/builtin-pipeline-settings.ts.
23:11:15.886 debug: Resolve file:///D:/cocos_editor/Creator/3.8.8/resources/resources/3d/engine/editor/assets/default_renderpipeline/builtin-pipeline-types.ts from cce:/internal/x/prerequisite-imports as file:///D:/cocos_editor/Creator/3.8.8/resources/resources/3d/engine/editor/assets/default_renderpipeline/builtin-pipeline-types.ts.
23:11:15.887 debug: Resolve file:///D:/cocos_editor/Creator/3.8.8/resources/resources/3d/engine/editor/assets/default_renderpipeline/builtin-pipeline.ts from cce:/internal/x/prerequisite-imports as file:///D:/cocos_editor/Creator/3.8.8/resources/resources/3d/engine/editor/assets/default_renderpipeline/builtin-pipeline.ts.
23:11:15.888 debug: Resolve file:///D:/cocos_editor/Creator/3.8.8/resources/resources/3d/engine/editor/assets/tools/debug-view-runtime-control.ts from cce:/internal/x/prerequisite-imports as file:///D:/cocos_editor/Creator/3.8.8/resources/resources/3d/engine/editor/assets/tools/debug-view-runtime-control.ts.
23:11:15.889 debug: Resolve file:///D:/cocos_zml/zml-cocos2d-games/zml-cocos2d-AirplaneBattle/assets/Scripts/Bg.ts from cce:/internal/x/prerequisite-imports as file:///D:/cocos_zml/zml-cocos2d-games/zml-cocos2d-AirplaneBattle/assets/Scripts/Bg.ts.
23:11:15.890 debug: Resolve file:///D:/cocos_zml/zml-cocos2d-games/zml-cocos2d-AirplaneBattle/assets/Scripts/Bullet.ts from cce:/internal/x/prerequisite-imports as file:///D:/cocos_zml/zml-cocos2d-games/zml-cocos2d-AirplaneBattle/assets/Scripts/Bullet.ts.
23:11:15.890 debug: Resolve file:///D:/cocos_zml/zml-cocos2d-games/zml-cocos2d-AirplaneBattle/assets/Scripts/Enemy.ts from cce:/internal/x/prerequisite-imports as file:///D:/cocos_zml/zml-cocos2d-games/zml-cocos2d-AirplaneBattle/assets/Scripts/Enemy.ts.
23:11:15.891 debug: Resolve file:///D:/cocos_zml/zml-cocos2d-games/zml-cocos2d-AirplaneBattle/assets/Scripts/EnemyManage.ts from cce:/internal/x/prerequisite-imports as file:///D:/cocos_zml/zml-cocos2d-games/zml-cocos2d-AirplaneBattle/assets/Scripts/EnemyManage.ts.
23:11:15.892 debug: Resolve file:///D:/cocos_zml/zml-cocos2d-games/zml-cocos2d-AirplaneBattle/assets/Scripts/EventManager.ts from cce:/internal/x/prerequisite-imports as file:///D:/cocos_zml/zml-cocos2d-games/zml-cocos2d-AirplaneBattle/assets/Scripts/EventManager.ts.
23:11:15.892 debug: Resolve file:///D:/cocos_zml/zml-cocos2d-games/zml-cocos2d-AirplaneBattle/assets/Scripts/GameManage.ts from cce:/internal/x/prerequisite-imports as file:///D:/cocos_zml/zml-cocos2d-games/zml-cocos2d-AirplaneBattle/assets/Scripts/GameManage.ts.
23:11:15.893 debug: Detected change: file:///D:/cocos_zml/zml-cocos2d-games/zml-cocos2d-AirplaneBattle/assets/Scripts/GameManage.ts. Last mtime: Fri Apr 24 2026 23:07:19 GMT+0800 (中国标准时间)@038a737b-618a-4ee3-8b12-71354364df3c, Current mtime: Fri Apr 24 2026 23:10:38 GMT+0800 (中国标准时间)@038a737b-618a-4ee3-8b12-71354364df3c
23:11:15.893 debug: Inspect file:///D:/cocos_zml/zml-cocos2d-games/zml-cocos2d-AirplaneBattle/assets/Scripts/GameManage.ts
23:11:15.934 debug: transform url: 'file:///D:/cocos_zml/zml-cocos2d-games/zml-cocos2d-AirplaneBattle/assets/Scripts/GameManage.ts' costs: 41.60 ms
23:11:15.937 debug: Resolve file:///D:/cocos_zml/zml-cocos2d-games/zml-cocos2d-AirplaneBattle/assets/Scripts/Player.ts from cce:/internal/x/prerequisite-imports as file:///D:/cocos_zml/zml-cocos2d-games/zml-cocos2d-AirplaneBattle/assets/Scripts/Player.ts.
23:11:15.938 debug: Resolve file:///D:/cocos_zml/zml-cocos2d-games/zml-cocos2d-AirplaneBattle/assets/Scripts/StartGame.ts from cce:/internal/x/prerequisite-imports as file:///D:/cocos_zml/zml-cocos2d-games/zml-cocos2d-AirplaneBattle/assets/Scripts/StartGame.ts.
23:11:15.939 debug: Resolve file:///D:/cocos_zml/zml-cocos2d-games/zml-cocos2d-AirplaneBattle/assets/Scripts/Tool.ts from cce:/internal/x/prerequisite-imports as file:///D:/cocos_zml/zml-cocos2d-games/zml-cocos2d-AirplaneBattle/assets/Scripts/Tool.ts.
23:11:15.939 debug: Resolve file:///D:/cocos_zml/zml-cocos2d-games/zml-cocos2d-AirplaneBattle/assets/Scripts/ToolManage.ts from cce:/internal/x/prerequisite-imports as file:///D:/cocos_zml/zml-cocos2d-games/zml-cocos2d-AirplaneBattle/assets/Scripts/ToolManage.ts.
23:11:15.940 debug: Resolve cce:/internal/code-quality/cr.mjs from file:///D:/cocos_zml/zml-cocos2d-games/zml-cocos2d-AirplaneBattle/assets/Scripts/GameManage.ts as cce:/internal/code-quality/cr.mjs.
23:11:15.940 debug: Resolve cc from file:///D:/cocos_zml/zml-cocos2d-games/zml-cocos2d-AirplaneBattle/assets/Scripts/GameManage.ts as cce:/internal/x/cc.
23:11:15.940 debug: Resolve cc from file:///D:/cocos_zml/zml-cocos2d-games/zml-cocos2d-AirplaneBattle/assets/Scripts/GameManage.ts as cce:/internal/x/cc.
23:11:15.940 debug: Resolve cc from file:///D:/cocos_zml/zml-cocos2d-games/zml-cocos2d-AirplaneBattle/assets/Scripts/GameManage.ts as cce:/internal/x/cc.
23:11:15.941 debug: Resolve ./EventManager from file:///D:/cocos_zml/zml-cocos2d-games/zml-cocos2d-AirplaneBattle/assets/Scripts/GameManage.ts as file:///D:/cocos_zml/zml-cocos2d-games/zml-cocos2d-AirplaneBattle/assets/Scripts/EventManager.ts.
23:11:15.961 debug: Target(preview) ends with cost 98.8273000009358ms.
23:15:26.858 debug: Dispatch build request for time accumulated 1 asset changes.
23:15:26.861 debug: Build iteration starts.
Number of accumulated asset changes: 1
Feature changed: false
23:15:26.861 debug: Target(editor) build started.
23:15:26.865 debug: Detected change: cce:/internal/x/prerequisite-imports. Last mtime: Thu Jan 01 1970 12:04:03 GMT+0800 (中国标准时间), Current mtime: Thu Jan 01 1970 12:08:14 GMT+0800 (中国标准时间)
23:15:26.865 debug: Inspect cce:/internal/x/prerequisite-imports
23:15:26.877 debug: transform url: 'cce:/internal/x/prerequisite-imports' costs: 12.30 ms
23:15:26.880 debug: Resolve file:///D:/cocos_editor/Creator/3.8.8/resources/resources/3d/engine/editor/assets/default_renderpipeline/builtin-dof-pass.ts from cce:/internal/x/prerequisite-imports as file:///D:/cocos_editor/Creator/3.8.8/resources/resources/3d/engine/editor/assets/default_renderpipeline/builtin-dof-pass.ts.
23:15:26.881 debug: Resolve file:///D:/cocos_editor/Creator/3.8.8/resources/resources/3d/engine/editor/assets/default_renderpipeline/builtin-pipeline-pass.ts from cce:/internal/x/prerequisite-imports as file:///D:/cocos_editor/Creator/3.8.8/resources/resources/3d/engine/editor/assets/default_renderpipeline/builtin-pipeline-pass.ts.
23:15:26.881 debug: Resolve file:///D:/cocos_editor/Creator/3.8.8/resources/resources/3d/engine/editor/assets/default_renderpipeline/builtin-pipeline-settings.ts from cce:/internal/x/prerequisite-imports as file:///D:/cocos_editor/Creator/3.8.8/resources/resources/3d/engine/editor/assets/default_renderpipeline/builtin-pipeline-settings.ts.
23:15:26.882 debug: Resolve file:///D:/cocos_editor/Creator/3.8.8/resources/resources/3d/engine/editor/assets/default_renderpipeline/builtin-pipeline-types.ts from cce:/internal/x/prerequisite-imports as file:///D:/cocos_editor/Creator/3.8.8/resources/resources/3d/engine/editor/assets/default_renderpipeline/builtin-pipeline-types.ts.
23:15:26.883 debug: Resolve file:///D:/cocos_editor/Creator/3.8.8/resources/resources/3d/engine/editor/assets/default_renderpipeline/builtin-pipeline.ts from cce:/internal/x/prerequisite-imports as file:///D:/cocos_editor/Creator/3.8.8/resources/resources/3d/engine/editor/assets/default_renderpipeline/builtin-pipeline.ts.
23:15:26.883 debug: Resolve file:///D:/cocos_editor/Creator/3.8.8/resources/resources/3d/engine/editor/assets/tools/debug-view-runtime-control.ts from cce:/internal/x/prerequisite-imports as file:///D:/cocos_editor/Creator/3.8.8/resources/resources/3d/engine/editor/assets/tools/debug-view-runtime-control.ts.
23:15:26.884 debug: Resolve file:///D:/cocos_zml/zml-cocos2d-games/zml-cocos2d-AirplaneBattle/assets/Scripts/Bg.ts from cce:/internal/x/prerequisite-imports as file:///D:/cocos_zml/zml-cocos2d-games/zml-cocos2d-AirplaneBattle/assets/Scripts/Bg.ts.
23:15:26.885 debug: Resolve file:///D:/cocos_zml/zml-cocos2d-games/zml-cocos2d-AirplaneBattle/assets/Scripts/Bullet.ts from cce:/internal/x/prerequisite-imports as file:///D:/cocos_zml/zml-cocos2d-games/zml-cocos2d-AirplaneBattle/assets/Scripts/Bullet.ts.
23:15:26.885 debug: Resolve file:///D:/cocos_zml/zml-cocos2d-games/zml-cocos2d-AirplaneBattle/assets/Scripts/Enemy.ts from cce:/internal/x/prerequisite-imports as file:///D:/cocos_zml/zml-cocos2d-games/zml-cocos2d-AirplaneBattle/assets/Scripts/Enemy.ts.
23:15:26.886 debug: Resolve file:///D:/cocos_zml/zml-cocos2d-games/zml-cocos2d-AirplaneBattle/assets/Scripts/EnemyManage.ts from cce:/internal/x/prerequisite-imports as file:///D:/cocos_zml/zml-cocos2d-games/zml-cocos2d-AirplaneBattle/assets/Scripts/EnemyManage.ts.
23:15:26.886 debug: Resolve file:///D:/cocos_zml/zml-cocos2d-games/zml-cocos2d-AirplaneBattle/assets/Scripts/EventManager.ts from cce:/internal/x/prerequisite-imports as file:///D:/cocos_zml/zml-cocos2d-games/zml-cocos2d-AirplaneBattle/assets/Scripts/EventManager.ts.
23:15:26.887 debug: Resolve file:///D:/cocos_zml/zml-cocos2d-games/zml-cocos2d-AirplaneBattle/assets/Scripts/GameManage.ts from cce:/internal/x/prerequisite-imports as file:///D:/cocos_zml/zml-cocos2d-games/zml-cocos2d-AirplaneBattle/assets/Scripts/GameManage.ts.
23:15:26.887 debug: Resolve file:///D:/cocos_zml/zml-cocos2d-games/zml-cocos2d-AirplaneBattle/assets/Scripts/Player.ts from cce:/internal/x/prerequisite-imports as file:///D:/cocos_zml/zml-cocos2d-games/zml-cocos2d-AirplaneBattle/assets/Scripts/Player.ts.
23:15:26.887 debug: Detected change: file:///D:/cocos_zml/zml-cocos2d-games/zml-cocos2d-AirplaneBattle/assets/Scripts/Player.ts. Last mtime: Fri Apr 24 2026 22:15:11 GMT+0800 (中国标准时间)@25c4e26c-e0ac-4687-863e-168efe47eb38, Current mtime: Fri Apr 24 2026 23:15:24 GMT+0800 (中国标准时间)@25c4e26c-e0ac-4687-863e-168efe47eb38
23:15:26.888 debug: Inspect file:///D:/cocos_zml/zml-cocos2d-games/zml-cocos2d-AirplaneBattle/assets/Scripts/Player.ts
23:15:27.044 debug: transform url: 'file:///D:/cocos_zml/zml-cocos2d-games/zml-cocos2d-AirplaneBattle/assets/Scripts/Player.ts' costs: 156.40 ms
23:15:27.048 debug: Resolve file:///D:/cocos_zml/zml-cocos2d-games/zml-cocos2d-AirplaneBattle/assets/Scripts/StartGame.ts from cce:/internal/x/prerequisite-imports as file:///D:/cocos_zml/zml-cocos2d-games/zml-cocos2d-AirplaneBattle/assets/Scripts/StartGame.ts.
23:15:27.049 debug: Resolve file:///D:/cocos_zml/zml-cocos2d-games/zml-cocos2d-AirplaneBattle/assets/Scripts/Tool.ts from cce:/internal/x/prerequisite-imports as file:///D:/cocos_zml/zml-cocos2d-games/zml-cocos2d-AirplaneBattle/assets/Scripts/Tool.ts.
23:15:27.050 debug: Resolve file:///D:/cocos_zml/zml-cocos2d-games/zml-cocos2d-AirplaneBattle/assets/Scripts/ToolManage.ts from cce:/internal/x/prerequisite-imports as file:///D:/cocos_zml/zml-cocos2d-games/zml-cocos2d-AirplaneBattle/assets/Scripts/ToolManage.ts.
23:15:27.051 debug: Resolve cce:/internal/code-quality/cr.mjs from file:///D:/cocos_zml/zml-cocos2d-games/zml-cocos2d-AirplaneBattle/assets/Scripts/Player.ts as cce:/internal/code-quality/cr.mjs.
23:15:27.051 debug: Resolve cc from file:///D:/cocos_zml/zml-cocos2d-games/zml-cocos2d-AirplaneBattle/assets/Scripts/Player.ts as cce:/internal/x/cc.
23:15:27.051 debug: Resolve cc from file:///D:/cocos_zml/zml-cocos2d-games/zml-cocos2d-AirplaneBattle/assets/Scripts/Player.ts as cce:/internal/x/cc.
23:15:27.051 debug: Resolve cc from file:///D:/cocos_zml/zml-cocos2d-games/zml-cocos2d-AirplaneBattle/assets/Scripts/Player.ts as cce:/internal/x/cc.
23:15:27.052 debug: Resolve ./EventManager from file:///D:/cocos_zml/zml-cocos2d-games/zml-cocos2d-AirplaneBattle/assets/Scripts/Player.ts as file:///D:/cocos_zml/zml-cocos2d-games/zml-cocos2d-AirplaneBattle/assets/Scripts/EventManager.ts.
23:15:27.053 debug: Resolve ./Tool from file:///D:/cocos_zml/zml-cocos2d-games/zml-cocos2d-AirplaneBattle/assets/Scripts/Player.ts as file:///D:/cocos_zml/zml-cocos2d-games/zml-cocos2d-AirplaneBattle/assets/Scripts/Tool.ts.
23:15:27.075 debug: Target(editor) ends with cost 213.36549999937415ms.
23:15:27.075 debug: Target(preview) build started.
23:15:27.079 debug: Detected change: cce:/internal/x/prerequisite-imports. Last mtime: Thu Jan 01 1970 12:04:03 GMT+0800 (中国标准时间), Current mtime: Thu Jan 01 1970 12:08:14 GMT+0800 (中国标准时间)
23:15:27.079 debug: Inspect cce:/internal/x/prerequisite-imports
23:15:27.105 debug: transform url: 'cce:/internal/x/prerequisite-imports' costs: 26.00 ms
23:15:27.108 debug: Resolve file:///D:/cocos_editor/Creator/3.8.8/resources/resources/3d/engine/editor/assets/default_renderpipeline/builtin-dof-pass.ts from cce:/internal/x/prerequisite-imports as file:///D:/cocos_editor/Creator/3.8.8/resources/resources/3d/engine/editor/assets/default_renderpipeline/builtin-dof-pass.ts.
23:15:27.109 debug: Resolve file:///D:/cocos_editor/Creator/3.8.8/resources/resources/3d/engine/editor/assets/default_renderpipeline/builtin-pipeline-pass.ts from cce:/internal/x/prerequisite-imports as file:///D:/cocos_editor/Creator/3.8.8/resources/resources/3d/engine/editor/assets/default_renderpipeline/builtin-pipeline-pass.ts.
23:15:27.110 debug: Resolve file:///D:/cocos_editor/Creator/3.8.8/resources/resources/3d/engine/editor/assets/default_renderpipeline/builtin-pipeline-settings.ts from cce:/internal/x/prerequisite-imports as file:///D:/cocos_editor/Creator/3.8.8/resources/resources/3d/engine/editor/assets/default_renderpipeline/builtin-pipeline-settings.ts.
23:15:27.111 debug: Resolve file:///D:/cocos_editor/Creator/3.8.8/resources/resources/3d/engine/editor/assets/default_renderpipeline/builtin-pipeline-types.ts from cce:/internal/x/prerequisite-imports as file:///D:/cocos_editor/Creator/3.8.8/resources/resources/3d/engine/editor/assets/default_renderpipeline/builtin-pipeline-types.ts.
23:15:27.112 debug: Resolve file:///D:/cocos_editor/Creator/3.8.8/resources/resources/3d/engine/editor/assets/default_renderpipeline/builtin-pipeline.ts from cce:/internal/x/prerequisite-imports as file:///D:/cocos_editor/Creator/3.8.8/resources/resources/3d/engine/editor/assets/default_renderpipeline/builtin-pipeline.ts.
23:15:27.113 debug: Resolve file:///D:/cocos_editor/Creator/3.8.8/resources/resources/3d/engine/editor/assets/tools/debug-view-runtime-control.ts from cce:/internal/x/prerequisite-imports as file:///D:/cocos_editor/Creator/3.8.8/resources/resources/3d/engine/editor/assets/tools/debug-view-runtime-control.ts.
23:15:27.114 debug: Resolve file:///D:/cocos_zml/zml-cocos2d-games/zml-cocos2d-AirplaneBattle/assets/Scripts/Bg.ts from cce:/internal/x/prerequisite-imports as file:///D:/cocos_zml/zml-cocos2d-games/zml-cocos2d-AirplaneBattle/assets/Scripts/Bg.ts.
23:15:27.115 debug: Resolve file:///D:/cocos_zml/zml-cocos2d-games/zml-cocos2d-AirplaneBattle/assets/Scripts/Bullet.ts from cce:/internal/x/prerequisite-imports as file:///D:/cocos_zml/zml-cocos2d-games/zml-cocos2d-AirplaneBattle/assets/Scripts/Bullet.ts.
23:15:27.115 debug: Resolve file:///D:/cocos_zml/zml-cocos2d-games/zml-cocos2d-AirplaneBattle/assets/Scripts/Enemy.ts from cce:/internal/x/prerequisite-imports as file:///D:/cocos_zml/zml-cocos2d-games/zml-cocos2d-AirplaneBattle/assets/Scripts/Enemy.ts.
23:15:27.116 debug: Resolve file:///D:/cocos_zml/zml-cocos2d-games/zml-cocos2d-AirplaneBattle/assets/Scripts/EnemyManage.ts from cce:/internal/x/prerequisite-imports as file:///D:/cocos_zml/zml-cocos2d-games/zml-cocos2d-AirplaneBattle/assets/Scripts/EnemyManage.ts.
23:15:27.117 debug: Resolve file:///D:/cocos_zml/zml-cocos2d-games/zml-cocos2d-AirplaneBattle/assets/Scripts/EventManager.ts from cce:/internal/x/prerequisite-imports as file:///D:/cocos_zml/zml-cocos2d-games/zml-cocos2d-AirplaneBattle/assets/Scripts/EventManager.ts.
23:15:27.118 debug: Resolve file:///D:/cocos_zml/zml-cocos2d-games/zml-cocos2d-AirplaneBattle/assets/Scripts/GameManage.ts from cce:/internal/x/prerequisite-imports as file:///D:/cocos_zml/zml-cocos2d-games/zml-cocos2d-AirplaneBattle/assets/Scripts/GameManage.ts.
23:15:27.118 debug: Resolve file:///D:/cocos_zml/zml-cocos2d-games/zml-cocos2d-AirplaneBattle/assets/Scripts/Player.ts from cce:/internal/x/prerequisite-imports as file:///D:/cocos_zml/zml-cocos2d-games/zml-cocos2d-AirplaneBattle/assets/Scripts/Player.ts.
23:15:27.118 debug: Detected change: file:///D:/cocos_zml/zml-cocos2d-games/zml-cocos2d-AirplaneBattle/assets/Scripts/Player.ts. Last mtime: Fri Apr 24 2026 22:15:11 GMT+0800 (中国标准时间)@25c4e26c-e0ac-4687-863e-168efe47eb38, Current mtime: Fri Apr 24 2026 23:15:24 GMT+0800 (中国标准时间)@25c4e26c-e0ac-4687-863e-168efe47eb38
23:15:27.118 debug: Inspect file:///D:/cocos_zml/zml-cocos2d-games/zml-cocos2d-AirplaneBattle/assets/Scripts/Player.ts
23:15:27.261 debug: transform url: 'file:///D:/cocos_zml/zml-cocos2d-games/zml-cocos2d-AirplaneBattle/assets/Scripts/Player.ts' costs: 142.80 ms
23:15:27.265 debug: Resolve file:///D:/cocos_zml/zml-cocos2d-games/zml-cocos2d-AirplaneBattle/assets/Scripts/StartGame.ts from cce:/internal/x/prerequisite-imports as file:///D:/cocos_zml/zml-cocos2d-games/zml-cocos2d-AirplaneBattle/assets/Scripts/StartGame.ts.
23:15:27.266 debug: Resolve file:///D:/cocos_zml/zml-cocos2d-games/zml-cocos2d-AirplaneBattle/assets/Scripts/Tool.ts from cce:/internal/x/prerequisite-imports as file:///D:/cocos_zml/zml-cocos2d-games/zml-cocos2d-AirplaneBattle/assets/Scripts/Tool.ts.
23:15:27.266 debug: Resolve file:///D:/cocos_zml/zml-cocos2d-games/zml-cocos2d-AirplaneBattle/assets/Scripts/ToolManage.ts from cce:/internal/x/prerequisite-imports as file:///D:/cocos_zml/zml-cocos2d-games/zml-cocos2d-AirplaneBattle/assets/Scripts/ToolManage.ts.
23:15:27.267 debug: Resolve cce:/internal/code-quality/cr.mjs from file:///D:/cocos_zml/zml-cocos2d-games/zml-cocos2d-AirplaneBattle/assets/Scripts/Player.ts as cce:/internal/code-quality/cr.mjs.
23:15:27.267 debug: Resolve cc from file:///D:/cocos_zml/zml-cocos2d-games/zml-cocos2d-AirplaneBattle/assets/Scripts/Player.ts as cce:/internal/x/cc.
23:15:27.267 debug: Resolve cc from file:///D:/cocos_zml/zml-cocos2d-games/zml-cocos2d-AirplaneBattle/assets/Scripts/Player.ts as cce:/internal/x/cc.
23:15:27.267 debug: Resolve cc from file:///D:/cocos_zml/zml-cocos2d-games/zml-cocos2d-AirplaneBattle/assets/Scripts/Player.ts as cce:/internal/x/cc.
23:15:27.268 debug: Resolve ./EventManager from file:///D:/cocos_zml/zml-cocos2d-games/zml-cocos2d-AirplaneBattle/assets/Scripts/Player.ts as file:///D:/cocos_zml/zml-cocos2d-games/zml-cocos2d-AirplaneBattle/assets/Scripts/EventManager.ts.
23:15:27.268 debug: Resolve ./Tool from file:///D:/cocos_zml/zml-cocos2d-games/zml-cocos2d-AirplaneBattle/assets/Scripts/Player.ts as file:///D:/cocos_zml/zml-cocos2d-games/zml-cocos2d-AirplaneBattle/assets/Scripts/Tool.ts.
23:15:27.288 debug: Target(preview) ends with cost 212.76720000058413ms.
23:16:19.198 debug: Dispatch build request for time accumulated 1 asset changes.
23:16:19.206 debug: Build iteration starts.
Number of accumulated asset changes: 1
Feature changed: false
23:16:19.206 debug: Target(editor) build started.
23:16:19.209 debug: Detected change: cce:/internal/x/prerequisite-imports. Last mtime: Thu Jan 01 1970 12:08:14 GMT+0800 (中国标准时间), Current mtime: Thu Jan 01 1970 12:09:07 GMT+0800 (中国标准时间)
23:16:19.209 debug: Inspect cce:/internal/x/prerequisite-imports
23:16:19.226 debug: transform url: 'cce:/internal/x/prerequisite-imports' costs: 17.00 ms
23:16:19.230 debug: Resolve file:///D:/cocos_editor/Creator/3.8.8/resources/resources/3d/engine/editor/assets/default_renderpipeline/builtin-dof-pass.ts from cce:/internal/x/prerequisite-imports as file:///D:/cocos_editor/Creator/3.8.8/resources/resources/3d/engine/editor/assets/default_renderpipeline/builtin-dof-pass.ts.
23:16:19.231 debug: Resolve file:///D:/cocos_editor/Creator/3.8.8/resources/resources/3d/engine/editor/assets/default_renderpipeline/builtin-pipeline-pass.ts from cce:/internal/x/prerequisite-imports as file:///D:/cocos_editor/Creator/3.8.8/resources/resources/3d/engine/editor/assets/default_renderpipeline/builtin-pipeline-pass.ts.
23:16:19.232 debug: Resolve file:///D:/cocos_editor/Creator/3.8.8/resources/resources/3d/engine/editor/assets/default_renderpipeline/builtin-pipeline-settings.ts from cce:/internal/x/prerequisite-imports as file:///D:/cocos_editor/Creator/3.8.8/resources/resources/3d/engine/editor/assets/default_renderpipeline/builtin-pipeline-settings.ts.
23:16:19.233 debug: Resolve file:///D:/cocos_editor/Creator/3.8.8/resources/resources/3d/engine/editor/assets/default_renderpipeline/builtin-pipeline-types.ts from cce:/internal/x/prerequisite-imports as file:///D:/cocos_editor/Creator/3.8.8/resources/resources/3d/engine/editor/assets/default_renderpipeline/builtin-pipeline-types.ts.
23:16:19.234 debug: Resolve file:///D:/cocos_editor/Creator/3.8.8/resources/resources/3d/engine/editor/assets/default_renderpipeline/builtin-pipeline.ts from cce:/internal/x/prerequisite-imports as file:///D:/cocos_editor/Creator/3.8.8/resources/resources/3d/engine/editor/assets/default_renderpipeline/builtin-pipeline.ts.
23:16:19.236 debug: Resolve file:///D:/cocos_editor/Creator/3.8.8/resources/resources/3d/engine/editor/assets/tools/debug-view-runtime-control.ts from cce:/internal/x/prerequisite-imports as file:///D:/cocos_editor/Creator/3.8.8/resources/resources/3d/engine/editor/assets/tools/debug-view-runtime-control.ts.
23:16:19.236 debug: Resolve file:///D:/cocos_zml/zml-cocos2d-games/zml-cocos2d-AirplaneBattle/assets/Scripts/Bg.ts from cce:/internal/x/prerequisite-imports as file:///D:/cocos_zml/zml-cocos2d-games/zml-cocos2d-AirplaneBattle/assets/Scripts/Bg.ts.
23:16:19.237 debug: Resolve file:///D:/cocos_zml/zml-cocos2d-games/zml-cocos2d-AirplaneBattle/assets/Scripts/Bullet.ts from cce:/internal/x/prerequisite-imports as file:///D:/cocos_zml/zml-cocos2d-games/zml-cocos2d-AirplaneBattle/assets/Scripts/Bullet.ts.
23:16:19.238 debug: Resolve file:///D:/cocos_zml/zml-cocos2d-games/zml-cocos2d-AirplaneBattle/assets/Scripts/Enemy.ts from cce:/internal/x/prerequisite-imports as file:///D:/cocos_zml/zml-cocos2d-games/zml-cocos2d-AirplaneBattle/assets/Scripts/Enemy.ts.
23:16:19.238 debug: Resolve file:///D:/cocos_zml/zml-cocos2d-games/zml-cocos2d-AirplaneBattle/assets/Scripts/EnemyManage.ts from cce:/internal/x/prerequisite-imports as file:///D:/cocos_zml/zml-cocos2d-games/zml-cocos2d-AirplaneBattle/assets/Scripts/EnemyManage.ts.
23:16:19.239 debug: Resolve file:///D:/cocos_zml/zml-cocos2d-games/zml-cocos2d-AirplaneBattle/assets/Scripts/EventManager.ts from cce:/internal/x/prerequisite-imports as file:///D:/cocos_zml/zml-cocos2d-games/zml-cocos2d-AirplaneBattle/assets/Scripts/EventManager.ts.
23:16:19.240 debug: Resolve file:///D:/cocos_zml/zml-cocos2d-games/zml-cocos2d-AirplaneBattle/assets/Scripts/GameManage.ts from cce:/internal/x/prerequisite-imports as file:///D:/cocos_zml/zml-cocos2d-games/zml-cocos2d-AirplaneBattle/assets/Scripts/GameManage.ts.
23:16:19.241 debug: Resolve file:///D:/cocos_zml/zml-cocos2d-games/zml-cocos2d-AirplaneBattle/assets/Scripts/Player.ts from cce:/internal/x/prerequisite-imports as file:///D:/cocos_zml/zml-cocos2d-games/zml-cocos2d-AirplaneBattle/assets/Scripts/Player.ts.
23:16:19.241 debug: Detected change: file:///D:/cocos_zml/zml-cocos2d-games/zml-cocos2d-AirplaneBattle/assets/Scripts/Player.ts. Last mtime: Fri Apr 24 2026 23:15:24 GMT+0800 (中国标准时间)@25c4e26c-e0ac-4687-863e-168efe47eb38, Current mtime: Fri Apr 24 2026 23:16:17 GMT+0800 (中国标准时间)@25c4e26c-e0ac-4687-863e-168efe47eb38
23:16:19.241 debug: Inspect file:///D:/cocos_zml/zml-cocos2d-games/zml-cocos2d-AirplaneBattle/assets/Scripts/Player.ts
23:16:19.343 debug: transform url: 'file:///D:/cocos_zml/zml-cocos2d-games/zml-cocos2d-AirplaneBattle/assets/Scripts/Player.ts' costs: 102.40 ms
23:16:19.347 debug: Resolve file:///D:/cocos_zml/zml-cocos2d-games/zml-cocos2d-AirplaneBattle/assets/Scripts/StartGame.ts from cce:/internal/x/prerequisite-imports as file:///D:/cocos_zml/zml-cocos2d-games/zml-cocos2d-AirplaneBattle/assets/Scripts/StartGame.ts.
23:16:19.347 debug: Resolve file:///D:/cocos_zml/zml-cocos2d-games/zml-cocos2d-AirplaneBattle/assets/Scripts/Tool.ts from cce:/internal/x/prerequisite-imports as file:///D:/cocos_zml/zml-cocos2d-games/zml-cocos2d-AirplaneBattle/assets/Scripts/Tool.ts.
23:16:19.348 debug: Resolve file:///D:/cocos_zml/zml-cocos2d-games/zml-cocos2d-AirplaneBattle/assets/Scripts/ToolManage.ts from cce:/internal/x/prerequisite-imports as file:///D:/cocos_zml/zml-cocos2d-games/zml-cocos2d-AirplaneBattle/assets/Scripts/ToolManage.ts.
23:16:19.348 debug: Resolve cce:/internal/code-quality/cr.mjs from file:///D:/cocos_zml/zml-cocos2d-games/zml-cocos2d-AirplaneBattle/assets/Scripts/Player.ts as cce:/internal/code-quality/cr.mjs.
23:16:19.348 debug: Resolve cc from file:///D:/cocos_zml/zml-cocos2d-games/zml-cocos2d-AirplaneBattle/assets/Scripts/Player.ts as cce:/internal/x/cc.
23:16:19.348 debug: Resolve cc from file:///D:/cocos_zml/zml-cocos2d-games/zml-cocos2d-AirplaneBattle/assets/Scripts/Player.ts as cce:/internal/x/cc.
23:16:19.348 debug: Resolve cc from file:///D:/cocos_zml/zml-cocos2d-games/zml-cocos2d-AirplaneBattle/assets/Scripts/Player.ts as cce:/internal/x/cc.
23:16:19.349 debug: Resolve ./EventManager from file:///D:/cocos_zml/zml-cocos2d-games/zml-cocos2d-AirplaneBattle/assets/Scripts/Player.ts as file:///D:/cocos_zml/zml-cocos2d-games/zml-cocos2d-AirplaneBattle/assets/Scripts/EventManager.ts.
23:16:19.350 debug: Resolve ./Tool from file:///D:/cocos_zml/zml-cocos2d-games/zml-cocos2d-AirplaneBattle/assets/Scripts/Player.ts as file:///D:/cocos_zml/zml-cocos2d-games/zml-cocos2d-AirplaneBattle/assets/Scripts/Tool.ts.
23:16:19.368 debug: Target(editor) ends with cost 162.38609999977052ms.
23:16:19.369 debug: Target(preview) build started.
23:16:19.371 debug: Detected change: cce:/internal/x/prerequisite-imports. Last mtime: Thu Jan 01 1970 12:08:14 GMT+0800 (中国标准时间), Current mtime: Thu Jan 01 1970 12:09:07 GMT+0800 (中国标准时间)
23:16:19.371 debug: Inspect cce:/internal/x/prerequisite-imports
23:16:19.391 debug: transform url: 'cce:/internal/x/prerequisite-imports' costs: 20.10 ms
23:16:19.394 debug: Resolve file:///D:/cocos_editor/Creator/3.8.8/resources/resources/3d/engine/editor/assets/default_renderpipeline/builtin-dof-pass.ts from cce:/internal/x/prerequisite-imports as file:///D:/cocos_editor/Creator/3.8.8/resources/resources/3d/engine/editor/assets/default_renderpipeline/builtin-dof-pass.ts.
23:16:19.395 debug: Resolve file:///D:/cocos_editor/Creator/3.8.8/resources/resources/3d/engine/editor/assets/default_renderpipeline/builtin-pipeline-pass.ts from cce:/internal/x/prerequisite-imports as file:///D:/cocos_editor/Creator/3.8.8/resources/resources/3d/engine/editor/assets/default_renderpipeline/builtin-pipeline-pass.ts.
23:16:19.396 debug: Resolve file:///D:/cocos_editor/Creator/3.8.8/resources/resources/3d/engine/editor/assets/default_renderpipeline/builtin-pipeline-settings.ts from cce:/internal/x/prerequisite-imports as file:///D:/cocos_editor/Creator/3.8.8/resources/resources/3d/engine/editor/assets/default_renderpipeline/builtin-pipeline-settings.ts.
23:16:19.397 debug: Resolve file:///D:/cocos_editor/Creator/3.8.8/resources/resources/3d/engine/editor/assets/default_renderpipeline/builtin-pipeline-types.ts from cce:/internal/x/prerequisite-imports as file:///D:/cocos_editor/Creator/3.8.8/resources/resources/3d/engine/editor/assets/default_renderpipeline/builtin-pipeline-types.ts.
23:16:19.398 debug: Resolve file:///D:/cocos_editor/Creator/3.8.8/resources/resources/3d/engine/editor/assets/default_renderpipeline/builtin-pipeline.ts from cce:/internal/x/prerequisite-imports as file:///D:/cocos_editor/Creator/3.8.8/resources/resources/3d/engine/editor/assets/default_renderpipeline/builtin-pipeline.ts.
23:16:19.398 debug: Resolve file:///D:/cocos_editor/Creator/3.8.8/resources/resources/3d/engine/editor/assets/tools/debug-view-runtime-control.ts from cce:/internal/x/prerequisite-imports as file:///D:/cocos_editor/Creator/3.8.8/resources/resources/3d/engine/editor/assets/tools/debug-view-runtime-control.ts.
23:16:19.399 debug: Resolve file:///D:/cocos_zml/zml-cocos2d-games/zml-cocos2d-AirplaneBattle/assets/Scripts/Bg.ts from cce:/internal/x/prerequisite-imports as file:///D:/cocos_zml/zml-cocos2d-games/zml-cocos2d-AirplaneBattle/assets/Scripts/Bg.ts.
23:16:19.400 debug: Resolve file:///D:/cocos_zml/zml-cocos2d-games/zml-cocos2d-AirplaneBattle/assets/Scripts/Bullet.ts from cce:/internal/x/prerequisite-imports as file:///D:/cocos_zml/zml-cocos2d-games/zml-cocos2d-AirplaneBattle/assets/Scripts/Bullet.ts.
23:16:19.401 debug: Resolve file:///D:/cocos_zml/zml-cocos2d-games/zml-cocos2d-AirplaneBattle/assets/Scripts/Enemy.ts from cce:/internal/x/prerequisite-imports as file:///D:/cocos_zml/zml-cocos2d-games/zml-cocos2d-AirplaneBattle/assets/Scripts/Enemy.ts.
23:16:19.401 debug: Resolve file:///D:/cocos_zml/zml-cocos2d-games/zml-cocos2d-AirplaneBattle/assets/Scripts/EnemyManage.ts from cce:/internal/x/prerequisite-imports as file:///D:/cocos_zml/zml-cocos2d-games/zml-cocos2d-AirplaneBattle/assets/Scripts/EnemyManage.ts.
23:16:19.402 debug: Resolve file:///D:/cocos_zml/zml-cocos2d-games/zml-cocos2d-AirplaneBattle/assets/Scripts/EventManager.ts from cce:/internal/x/prerequisite-imports as file:///D:/cocos_zml/zml-cocos2d-games/zml-cocos2d-AirplaneBattle/assets/Scripts/EventManager.ts.
23:16:19.403 debug: Resolve file:///D:/cocos_zml/zml-cocos2d-games/zml-cocos2d-AirplaneBattle/assets/Scripts/GameManage.ts from cce:/internal/x/prerequisite-imports as file:///D:/cocos_zml/zml-cocos2d-games/zml-cocos2d-AirplaneBattle/assets/Scripts/GameManage.ts.
23:16:19.403 debug: Resolve file:///D:/cocos_zml/zml-cocos2d-games/zml-cocos2d-AirplaneBattle/assets/Scripts/Player.ts from cce:/internal/x/prerequisite-imports as file:///D:/cocos_zml/zml-cocos2d-games/zml-cocos2d-AirplaneBattle/assets/Scripts/Player.ts.
23:16:19.404 debug: Detected change: file:///D:/cocos_zml/zml-cocos2d-games/zml-cocos2d-AirplaneBattle/assets/Scripts/Player.ts. Last mtime: Fri Apr 24 2026 23:15:24 GMT+0800 (中国标准时间)@25c4e26c-e0ac-4687-863e-168efe47eb38, Current mtime: Fri Apr 24 2026 23:16:17 GMT+0800 (中国标准时间)@25c4e26c-e0ac-4687-863e-168efe47eb38
23:16:19.404 debug: Inspect file:///D:/cocos_zml/zml-cocos2d-games/zml-cocos2d-AirplaneBattle/assets/Scripts/Player.ts
23:16:19.522 debug: transform url: 'file:///D:/cocos_zml/zml-cocos2d-games/zml-cocos2d-AirplaneBattle/assets/Scripts/Player.ts' costs: 118.60 ms
23:16:19.526 debug: Resolve file:///D:/cocos_zml/zml-cocos2d-games/zml-cocos2d-AirplaneBattle/assets/Scripts/StartGame.ts from cce:/internal/x/prerequisite-imports as file:///D:/cocos_zml/zml-cocos2d-games/zml-cocos2d-AirplaneBattle/assets/Scripts/StartGame.ts.
23:16:19.527 debug: Resolve file:///D:/cocos_zml/zml-cocos2d-games/zml-cocos2d-AirplaneBattle/assets/Scripts/Tool.ts from cce:/internal/x/prerequisite-imports as file:///D:/cocos_zml/zml-cocos2d-games/zml-cocos2d-AirplaneBattle/assets/Scripts/Tool.ts.
23:16:19.527 debug: Resolve file:///D:/cocos_zml/zml-cocos2d-games/zml-cocos2d-AirplaneBattle/assets/Scripts/ToolManage.ts from cce:/internal/x/prerequisite-imports as file:///D:/cocos_zml/zml-cocos2d-games/zml-cocos2d-AirplaneBattle/assets/Scripts/ToolManage.ts.
23:16:19.528 debug: Resolve cce:/internal/code-quality/cr.mjs from file:///D:/cocos_zml/zml-cocos2d-games/zml-cocos2d-AirplaneBattle/assets/Scripts/Player.ts as cce:/internal/code-quality/cr.mjs.
23:16:19.528 debug: Resolve cc from file:///D:/cocos_zml/zml-cocos2d-games/zml-cocos2d-AirplaneBattle/assets/Scripts/Player.ts as cce:/internal/x/cc.
23:16:19.528 debug: Resolve cc from file:///D:/cocos_zml/zml-cocos2d-games/zml-cocos2d-AirplaneBattle/assets/Scripts/Player.ts as cce:/internal/x/cc.
23:16:19.528 debug: Resolve cc from file:///D:/cocos_zml/zml-cocos2d-games/zml-cocos2d-AirplaneBattle/assets/Scripts/Player.ts as cce:/internal/x/cc.
23:16:19.529 debug: Resolve ./EventManager from file:///D:/cocos_zml/zml-cocos2d-games/zml-cocos2d-AirplaneBattle/assets/Scripts/Player.ts as file:///D:/cocos_zml/zml-cocos2d-games/zml-cocos2d-AirplaneBattle/assets/Scripts/EventManager.ts.
23:16:19.530 debug: Resolve ./Tool from file:///D:/cocos_zml/zml-cocos2d-games/zml-cocos2d-AirplaneBattle/assets/Scripts/Player.ts as file:///D:/cocos_zml/zml-cocos2d-games/zml-cocos2d-AirplaneBattle/assets/Scripts/Tool.ts.
23:16:19.545 debug: Target(preview) ends with cost 176.71619999967515ms.
23:16:45.945 debug: Dispatch build request for time accumulated 1 asset changes.
23:16:45.949 debug: Build iteration starts.
Number of accumulated asset changes: 1
Feature changed: false
23:16:45.950 debug: Target(editor) build started.
23:16:45.953 debug: Detected change: cce:/internal/x/prerequisite-imports. Last mtime: Thu Jan 01 1970 12:09:07 GMT+0800 (中国标准时间), Current mtime: Thu Jan 01 1970 12:09:33 GMT+0800 (中国标准时间)
23:16:45.953 debug: Inspect cce:/internal/x/prerequisite-imports
23:16:45.963 debug: transform url: 'cce:/internal/x/prerequisite-imports' costs: 10.50 ms
23:16:45.967 debug: Resolve file:///D:/cocos_editor/Creator/3.8.8/resources/resources/3d/engine/editor/assets/default_renderpipeline/builtin-dof-pass.ts from cce:/internal/x/prerequisite-imports as file:///D:/cocos_editor/Creator/3.8.8/resources/resources/3d/engine/editor/assets/default_renderpipeline/builtin-dof-pass.ts.
23:16:45.968 debug: Resolve file:///D:/cocos_editor/Creator/3.8.8/resources/resources/3d/engine/editor/assets/default_renderpipeline/builtin-pipeline-pass.ts from cce:/internal/x/prerequisite-imports as file:///D:/cocos_editor/Creator/3.8.8/resources/resources/3d/engine/editor/assets/default_renderpipeline/builtin-pipeline-pass.ts.
23:16:45.969 debug: Resolve file:///D:/cocos_editor/Creator/3.8.8/resources/resources/3d/engine/editor/assets/default_renderpipeline/builtin-pipeline-settings.ts from cce:/internal/x/prerequisite-imports as file:///D:/cocos_editor/Creator/3.8.8/resources/resources/3d/engine/editor/assets/default_renderpipeline/builtin-pipeline-settings.ts.
23:16:45.970 debug: Resolve file:///D:/cocos_editor/Creator/3.8.8/resources/resources/3d/engine/editor/assets/default_renderpipeline/builtin-pipeline-types.ts from cce:/internal/x/prerequisite-imports as file:///D:/cocos_editor/Creator/3.8.8/resources/resources/3d/engine/editor/assets/default_renderpipeline/builtin-pipeline-types.ts.
23:16:45.971 debug: Resolve file:///D:/cocos_editor/Creator/3.8.8/resources/resources/3d/engine/editor/assets/default_renderpipeline/builtin-pipeline.ts from cce:/internal/x/prerequisite-imports as file:///D:/cocos_editor/Creator/3.8.8/resources/resources/3d/engine/editor/assets/default_renderpipeline/builtin-pipeline.ts.
23:16:45.972 debug: Resolve file:///D:/cocos_editor/Creator/3.8.8/resources/resources/3d/engine/editor/assets/tools/debug-view-runtime-control.ts from cce:/internal/x/prerequisite-imports as file:///D:/cocos_editor/Creator/3.8.8/resources/resources/3d/engine/editor/assets/tools/debug-view-runtime-control.ts.
23:16:45.972 debug: Resolve file:///D:/cocos_zml/zml-cocos2d-games/zml-cocos2d-AirplaneBattle/assets/Scripts/Bg.ts from cce:/internal/x/prerequisite-imports as file:///D:/cocos_zml/zml-cocos2d-games/zml-cocos2d-AirplaneBattle/assets/Scripts/Bg.ts.
23:16:45.973 debug: Resolve file:///D:/cocos_zml/zml-cocos2d-games/zml-cocos2d-AirplaneBattle/assets/Scripts/Bullet.ts from cce:/internal/x/prerequisite-imports as file:///D:/cocos_zml/zml-cocos2d-games/zml-cocos2d-AirplaneBattle/assets/Scripts/Bullet.ts.
23:16:45.973 debug: Resolve file:///D:/cocos_zml/zml-cocos2d-games/zml-cocos2d-AirplaneBattle/assets/Scripts/Enemy.ts from cce:/internal/x/prerequisite-imports as file:///D:/cocos_zml/zml-cocos2d-games/zml-cocos2d-AirplaneBattle/assets/Scripts/Enemy.ts.
23:16:45.973 debug: Resolve file:///D:/cocos_zml/zml-cocos2d-games/zml-cocos2d-AirplaneBattle/assets/Scripts/EnemyManage.ts from cce:/internal/x/prerequisite-imports as file:///D:/cocos_zml/zml-cocos2d-games/zml-cocos2d-AirplaneBattle/assets/Scripts/EnemyManage.ts.
23:16:45.974 debug: Resolve file:///D:/cocos_zml/zml-cocos2d-games/zml-cocos2d-AirplaneBattle/assets/Scripts/EventManager.ts from cce:/internal/x/prerequisite-imports as file:///D:/cocos_zml/zml-cocos2d-games/zml-cocos2d-AirplaneBattle/assets/Scripts/EventManager.ts.
23:16:45.974 debug: Resolve file:///D:/cocos_zml/zml-cocos2d-games/zml-cocos2d-AirplaneBattle/assets/Scripts/GameManage.ts from cce:/internal/x/prerequisite-imports as file:///D:/cocos_zml/zml-cocos2d-games/zml-cocos2d-AirplaneBattle/assets/Scripts/GameManage.ts.
23:16:45.975 debug: Resolve file:///D:/cocos_zml/zml-cocos2d-games/zml-cocos2d-AirplaneBattle/assets/Scripts/Player.ts from cce:/internal/x/prerequisite-imports as file:///D:/cocos_zml/zml-cocos2d-games/zml-cocos2d-AirplaneBattle/assets/Scripts/Player.ts.
23:16:45.975 debug: Detected change: file:///D:/cocos_zml/zml-cocos2d-games/zml-cocos2d-AirplaneBattle/assets/Scripts/Player.ts. Last mtime: Fri Apr 24 2026 23:16:17 GMT+0800 (中国标准时间)@25c4e26c-e0ac-4687-863e-168efe47eb38, Current mtime: Fri Apr 24 2026 23:16:44 GMT+0800 (中国标准时间)@25c4e26c-e0ac-4687-863e-168efe47eb38
23:16:45.975 debug: Inspect file:///D:/cocos_zml/zml-cocos2d-games/zml-cocos2d-AirplaneBattle/assets/Scripts/Player.ts
23:16:46.052 debug: transform url: 'file:///D:/cocos_zml/zml-cocos2d-games/zml-cocos2d-AirplaneBattle/assets/Scripts/Player.ts' costs: 77.10 ms
23:16:46.055 debug: Resolve file:///D:/cocos_zml/zml-cocos2d-games/zml-cocos2d-AirplaneBattle/assets/Scripts/StartGame.ts from cce:/internal/x/prerequisite-imports as file:///D:/cocos_zml/zml-cocos2d-games/zml-cocos2d-AirplaneBattle/assets/Scripts/StartGame.ts.
23:16:46.056 debug: Resolve file:///D:/cocos_zml/zml-cocos2d-games/zml-cocos2d-AirplaneBattle/assets/Scripts/Tool.ts from cce:/internal/x/prerequisite-imports as file:///D:/cocos_zml/zml-cocos2d-games/zml-cocos2d-AirplaneBattle/assets/Scripts/Tool.ts.
23:16:46.056 debug: Resolve file:///D:/cocos_zml/zml-cocos2d-games/zml-cocos2d-AirplaneBattle/assets/Scripts/ToolManage.ts from cce:/internal/x/prerequisite-imports as file:///D:/cocos_zml/zml-cocos2d-games/zml-cocos2d-AirplaneBattle/assets/Scripts/ToolManage.ts.
23:16:46.056 debug: Resolve cce:/internal/code-quality/cr.mjs from file:///D:/cocos_zml/zml-cocos2d-games/zml-cocos2d-AirplaneBattle/assets/Scripts/Player.ts as cce:/internal/code-quality/cr.mjs.
23:16:46.057 debug: Resolve cc from file:///D:/cocos_zml/zml-cocos2d-games/zml-cocos2d-AirplaneBattle/assets/Scripts/Player.ts as cce:/internal/x/cc.
23:16:46.057 debug: Resolve cc from file:///D:/cocos_zml/zml-cocos2d-games/zml-cocos2d-AirplaneBattle/assets/Scripts/Player.ts as cce:/internal/x/cc.
23:16:46.057 debug: Resolve cc from file:///D:/cocos_zml/zml-cocos2d-games/zml-cocos2d-AirplaneBattle/assets/Scripts/Player.ts as cce:/internal/x/cc.
23:16:46.057 debug: Resolve ./EventManager from file:///D:/cocos_zml/zml-cocos2d-games/zml-cocos2d-AirplaneBattle/assets/Scripts/Player.ts as file:///D:/cocos_zml/zml-cocos2d-games/zml-cocos2d-AirplaneBattle/assets/Scripts/EventManager.ts.
23:16:46.058 debug: Resolve ./Tool from file:///D:/cocos_zml/zml-cocos2d-games/zml-cocos2d-AirplaneBattle/assets/Scripts/Player.ts as file:///D:/cocos_zml/zml-cocos2d-games/zml-cocos2d-AirplaneBattle/assets/Scripts/Tool.ts.
23:16:46.073 debug: Target(editor) ends with cost 123.0987999998033ms.
23:16:46.073 debug: Target(preview) build started.
23:16:46.076 debug: Detected change: cce:/internal/x/prerequisite-imports. Last mtime: Thu Jan 01 1970 12:09:07 GMT+0800 (中国标准时间), Current mtime: Thu Jan 01 1970 12:09:33 GMT+0800 (中国标准时间)
23:16:46.076 debug: Inspect cce:/internal/x/prerequisite-imports
23:16:46.092 debug: transform url: 'cce:/internal/x/prerequisite-imports' costs: 15.80 ms
23:16:46.094 debug: Resolve file:///D:/cocos_editor/Creator/3.8.8/resources/resources/3d/engine/editor/assets/default_renderpipeline/builtin-dof-pass.ts from cce:/internal/x/prerequisite-imports as file:///D:/cocos_editor/Creator/3.8.8/resources/resources/3d/engine/editor/assets/default_renderpipeline/builtin-dof-pass.ts.
23:16:46.095 debug: Resolve file:///D:/cocos_editor/Creator/3.8.8/resources/resources/3d/engine/editor/assets/default_renderpipeline/builtin-pipeline-pass.ts from cce:/internal/x/prerequisite-imports as file:///D:/cocos_editor/Creator/3.8.8/resources/resources/3d/engine/editor/assets/default_renderpipeline/builtin-pipeline-pass.ts.
23:16:46.096 debug: Resolve file:///D:/cocos_editor/Creator/3.8.8/resources/resources/3d/engine/editor/assets/default_renderpipeline/builtin-pipeline-settings.ts from cce:/internal/x/prerequisite-imports as file:///D:/cocos_editor/Creator/3.8.8/resources/resources/3d/engine/editor/assets/default_renderpipeline/builtin-pipeline-settings.ts.
23:16:46.097 debug: Resolve file:///D:/cocos_editor/Creator/3.8.8/resources/resources/3d/engine/editor/assets/default_renderpipeline/builtin-pipeline-types.ts from cce:/internal/x/prerequisite-imports as file:///D:/cocos_editor/Creator/3.8.8/resources/resources/3d/engine/editor/assets/default_renderpipeline/builtin-pipeline-types.ts.
23:16:46.098 debug: Resolve file:///D:/cocos_editor/Creator/3.8.8/resources/resources/3d/engine/editor/assets/default_renderpipeline/builtin-pipeline.ts from cce:/internal/x/prerequisite-imports as file:///D:/cocos_editor/Creator/3.8.8/resources/resources/3d/engine/editor/assets/default_renderpipeline/builtin-pipeline.ts.
23:16:46.099 debug: Resolve file:///D:/cocos_editor/Creator/3.8.8/resources/resources/3d/engine/editor/assets/tools/debug-view-runtime-control.ts from cce:/internal/x/prerequisite-imports as file:///D:/cocos_editor/Creator/3.8.8/resources/resources/3d/engine/editor/assets/tools/debug-view-runtime-control.ts.
23:16:46.100 debug: Resolve file:///D:/cocos_zml/zml-cocos2d-games/zml-cocos2d-AirplaneBattle/assets/Scripts/Bg.ts from cce:/internal/x/prerequisite-imports as file:///D:/cocos_zml/zml-cocos2d-games/zml-cocos2d-AirplaneBattle/assets/Scripts/Bg.ts.
23:16:46.101 debug: Resolve file:///D:/cocos_zml/zml-cocos2d-games/zml-cocos2d-AirplaneBattle/assets/Scripts/Bullet.ts from cce:/internal/x/prerequisite-imports as file:///D:/cocos_zml/zml-cocos2d-games/zml-cocos2d-AirplaneBattle/assets/Scripts/Bullet.ts.
23:16:46.101 debug: Resolve file:///D:/cocos_zml/zml-cocos2d-games/zml-cocos2d-AirplaneBattle/assets/Scripts/Enemy.ts from cce:/internal/x/prerequisite-imports as file:///D:/cocos_zml/zml-cocos2d-games/zml-cocos2d-AirplaneBattle/assets/Scripts/Enemy.ts.
23:16:46.102 debug: Resolve file:///D:/cocos_zml/zml-cocos2d-games/zml-cocos2d-AirplaneBattle/assets/Scripts/EnemyManage.ts from cce:/internal/x/prerequisite-imports as file:///D:/cocos_zml/zml-cocos2d-games/zml-cocos2d-AirplaneBattle/assets/Scripts/EnemyManage.ts.
23:16:46.103 debug: Resolve file:///D:/cocos_zml/zml-cocos2d-games/zml-cocos2d-AirplaneBattle/assets/Scripts/EventManager.ts from cce:/internal/x/prerequisite-imports as file:///D:/cocos_zml/zml-cocos2d-games/zml-cocos2d-AirplaneBattle/assets/Scripts/EventManager.ts.
23:16:46.103 debug: Resolve file:///D:/cocos_zml/zml-cocos2d-games/zml-cocos2d-AirplaneBattle/assets/Scripts/GameManage.ts from cce:/internal/x/prerequisite-imports as file:///D:/cocos_zml/zml-cocos2d-games/zml-cocos2d-AirplaneBattle/assets/Scripts/GameManage.ts.
23:16:46.104 debug: Resolve file:///D:/cocos_zml/zml-cocos2d-games/zml-cocos2d-AirplaneBattle/assets/Scripts/Player.ts from cce:/internal/x/prerequisite-imports as file:///D:/cocos_zml/zml-cocos2d-games/zml-cocos2d-AirplaneBattle/assets/Scripts/Player.ts.
23:16:46.104 debug: Detected change: file:///D:/cocos_zml/zml-cocos2d-games/zml-cocos2d-AirplaneBattle/assets/Scripts/Player.ts. Last mtime: Fri Apr 24 2026 23:16:17 GMT+0800 (中国标准时间)@25c4e26c-e0ac-4687-863e-168efe47eb38, Current mtime: Fri Apr 24 2026 23:16:44 GMT+0800 (中国标准时间)@25c4e26c-e0ac-4687-863e-168efe47eb38
23:16:46.104 debug: Inspect file:///D:/cocos_zml/zml-cocos2d-games/zml-cocos2d-AirplaneBattle/assets/Scripts/Player.ts
23:16:46.214 debug: transform url: 'file:///D:/cocos_zml/zml-cocos2d-games/zml-cocos2d-AirplaneBattle/assets/Scripts/Player.ts' costs: 110.00 ms
23:16:46.219 debug: Resolve file:///D:/cocos_zml/zml-cocos2d-games/zml-cocos2d-AirplaneBattle/assets/Scripts/StartGame.ts from cce:/internal/x/prerequisite-imports as file:///D:/cocos_zml/zml-cocos2d-games/zml-cocos2d-AirplaneBattle/assets/Scripts/StartGame.ts.
23:16:46.220 debug: Resolve file:///D:/cocos_zml/zml-cocos2d-games/zml-cocos2d-AirplaneBattle/assets/Scripts/Tool.ts from cce:/internal/x/prerequisite-imports as file:///D:/cocos_zml/zml-cocos2d-games/zml-cocos2d-AirplaneBattle/assets/Scripts/Tool.ts.
23:16:46.221 debug: Resolve file:///D:/cocos_zml/zml-cocos2d-games/zml-cocos2d-AirplaneBattle/assets/Scripts/ToolManage.ts from cce:/internal/x/prerequisite-imports as file:///D:/cocos_zml/zml-cocos2d-games/zml-cocos2d-AirplaneBattle/assets/Scripts/ToolManage.ts.
23:16:46.221 debug: Resolve cce:/internal/code-quality/cr.mjs from file:///D:/cocos_zml/zml-cocos2d-games/zml-cocos2d-AirplaneBattle/assets/Scripts/Player.ts as cce:/internal/code-quality/cr.mjs.
23:16:46.221 debug: Resolve cc from file:///D:/cocos_zml/zml-cocos2d-games/zml-cocos2d-AirplaneBattle/assets/Scripts/Player.ts as cce:/internal/x/cc.
23:16:46.221 debug: Resolve cc from file:///D:/cocos_zml/zml-cocos2d-games/zml-cocos2d-AirplaneBattle/assets/Scripts/Player.ts as cce:/internal/x/cc.
23:16:46.221 debug: Resolve cc from file:///D:/cocos_zml/zml-cocos2d-games/zml-cocos2d-AirplaneBattle/assets/Scripts/Player.ts as cce:/internal/x/cc.
23:16:46.222 debug: Resolve ./EventManager from file:///D:/cocos_zml/zml-cocos2d-games/zml-cocos2d-AirplaneBattle/assets/Scripts/Player.ts as file:///D:/cocos_zml/zml-cocos2d-games/zml-cocos2d-AirplaneBattle/assets/Scripts/EventManager.ts.
23:16:46.223 debug: Resolve ./Tool from file:///D:/cocos_zml/zml-cocos2d-games/zml-cocos2d-AirplaneBattle/assets/Scripts/Player.ts as file:///D:/cocos_zml/zml-cocos2d-games/zml-cocos2d-AirplaneBattle/assets/Scripts/Tool.ts.
23:16:46.255 debug: Target(preview) ends with cost 182.23359999991953ms.
23:18:02.033 debug: Dispatch build request for time accumulated 1 asset changes.
23:18:02.038 debug: Build iteration starts.
Number of accumulated asset changes: 1
Feature changed: false
23:18:02.039 debug: Target(editor) build started.
23:18:02.042 debug: Detected change: cce:/internal/x/prerequisite-imports. Last mtime: Thu Jan 01 1970 12:09:33 GMT+0800 (中国标准时间), Current mtime: Thu Jan 01 1970 12:10:49 GMT+0800 (中国标准时间)
23:18:02.042 debug: Inspect cce:/internal/x/prerequisite-imports
23:18:02.062 debug: transform url: 'cce:/internal/x/prerequisite-imports' costs: 20.40 ms
23:18:02.066 debug: Resolve file:///D:/cocos_editor/Creator/3.8.8/resources/resources/3d/engine/editor/assets/default_renderpipeline/builtin-dof-pass.ts from cce:/internal/x/prerequisite-imports as file:///D:/cocos_editor/Creator/3.8.8/resources/resources/3d/engine/editor/assets/default_renderpipeline/builtin-dof-pass.ts.
23:18:02.067 debug: Resolve file:///D:/cocos_editor/Creator/3.8.8/resources/resources/3d/engine/editor/assets/default_renderpipeline/builtin-pipeline-pass.ts from cce:/internal/x/prerequisite-imports as file:///D:/cocos_editor/Creator/3.8.8/resources/resources/3d/engine/editor/assets/default_renderpipeline/builtin-pipeline-pass.ts.
23:18:02.067 debug: Resolve file:///D:/cocos_editor/Creator/3.8.8/resources/resources/3d/engine/editor/assets/default_renderpipeline/builtin-pipeline-settings.ts from cce:/internal/x/prerequisite-imports as file:///D:/cocos_editor/Creator/3.8.8/resources/resources/3d/engine/editor/assets/default_renderpipeline/builtin-pipeline-settings.ts.
23:18:02.068 debug: Resolve file:///D:/cocos_editor/Creator/3.8.8/resources/resources/3d/engine/editor/assets/default_renderpipeline/builtin-pipeline-types.ts from cce:/internal/x/prerequisite-imports as file:///D:/cocos_editor/Creator/3.8.8/resources/resources/3d/engine/editor/assets/default_renderpipeline/builtin-pipeline-types.ts.
23:18:02.069 debug: Resolve file:///D:/cocos_editor/Creator/3.8.8/resources/resources/3d/engine/editor/assets/default_renderpipeline/builtin-pipeline.ts from cce:/internal/x/prerequisite-imports as file:///D:/cocos_editor/Creator/3.8.8/resources/resources/3d/engine/editor/assets/default_renderpipeline/builtin-pipeline.ts.
23:18:02.070 debug: Resolve file:///D:/cocos_editor/Creator/3.8.8/resources/resources/3d/engine/editor/assets/tools/debug-view-runtime-control.ts from cce:/internal/x/prerequisite-imports as file:///D:/cocos_editor/Creator/3.8.8/resources/resources/3d/engine/editor/assets/tools/debug-view-runtime-control.ts.
23:18:02.071 debug: Resolve file:///D:/cocos_zml/zml-cocos2d-games/zml-cocos2d-AirplaneBattle/assets/Scripts/Bg.ts from cce:/internal/x/prerequisite-imports as file:///D:/cocos_zml/zml-cocos2d-games/zml-cocos2d-AirplaneBattle/assets/Scripts/Bg.ts.
23:18:02.071 debug: Resolve file:///D:/cocos_zml/zml-cocos2d-games/zml-cocos2d-AirplaneBattle/assets/Scripts/Bullet.ts from cce:/internal/x/prerequisite-imports as file:///D:/cocos_zml/zml-cocos2d-games/zml-cocos2d-AirplaneBattle/assets/Scripts/Bullet.ts.
23:18:02.072 debug: Resolve file:///D:/cocos_zml/zml-cocos2d-games/zml-cocos2d-AirplaneBattle/assets/Scripts/Enemy.ts from cce:/internal/x/prerequisite-imports as file:///D:/cocos_zml/zml-cocos2d-games/zml-cocos2d-AirplaneBattle/assets/Scripts/Enemy.ts.
23:18:02.073 debug: Resolve file:///D:/cocos_zml/zml-cocos2d-games/zml-cocos2d-AirplaneBattle/assets/Scripts/EnemyManage.ts from cce:/internal/x/prerequisite-imports as file:///D:/cocos_zml/zml-cocos2d-games/zml-cocos2d-AirplaneBattle/assets/Scripts/EnemyManage.ts.
23:18:02.073 debug: Resolve file:///D:/cocos_zml/zml-cocos2d-games/zml-cocos2d-AirplaneBattle/assets/Scripts/EventManager.ts from cce:/internal/x/prerequisite-imports as file:///D:/cocos_zml/zml-cocos2d-games/zml-cocos2d-AirplaneBattle/assets/Scripts/EventManager.ts.
23:18:02.074 debug: Resolve file:///D:/cocos_zml/zml-cocos2d-games/zml-cocos2d-AirplaneBattle/assets/Scripts/GameManage.ts from cce:/internal/x/prerequisite-imports as file:///D:/cocos_zml/zml-cocos2d-games/zml-cocos2d-AirplaneBattle/assets/Scripts/GameManage.ts.
23:18:02.074 debug: Resolve file:///D:/cocos_zml/zml-cocos2d-games/zml-cocos2d-AirplaneBattle/assets/Scripts/Player.ts from cce:/internal/x/prerequisite-imports as file:///D:/cocos_zml/zml-cocos2d-games/zml-cocos2d-AirplaneBattle/assets/Scripts/Player.ts.
23:18:02.074 debug: Detected change: file:///D:/cocos_zml/zml-cocos2d-games/zml-cocos2d-AirplaneBattle/assets/Scripts/Player.ts. Last mtime: Fri Apr 24 2026 23:16:44 GMT+0800 (中国标准时间)@25c4e26c-e0ac-4687-863e-168efe47eb38, Current mtime: Fri Apr 24 2026 23:17:54 GMT+0800 (中国标准时间)@25c4e26c-e0ac-4687-863e-168efe47eb38
23:18:02.074 debug: Inspect file:///D:/cocos_zml/zml-cocos2d-games/zml-cocos2d-AirplaneBattle/assets/Scripts/Player.ts
23:18:02.238 debug: transform url: 'file:///D:/cocos_zml/zml-cocos2d-games/zml-cocos2d-AirplaneBattle/assets/Scripts/Player.ts' costs: 163.30 ms
23:18:02.241 debug: Resolve file:///D:/cocos_zml/zml-cocos2d-games/zml-cocos2d-AirplaneBattle/assets/Scripts/StartGame.ts from cce:/internal/x/prerequisite-imports as file:///D:/cocos_zml/zml-cocos2d-games/zml-cocos2d-AirplaneBattle/assets/Scripts/StartGame.ts.
23:18:02.242 debug: Resolve file:///D:/cocos_zml/zml-cocos2d-games/zml-cocos2d-AirplaneBattle/assets/Scripts/Tool.ts from cce:/internal/x/prerequisite-imports as file:///D:/cocos_zml/zml-cocos2d-games/zml-cocos2d-AirplaneBattle/assets/Scripts/Tool.ts.
23:18:02.242 debug: Resolve file:///D:/cocos_zml/zml-cocos2d-games/zml-cocos2d-AirplaneBattle/assets/Scripts/ToolManage.ts from cce:/internal/x/prerequisite-imports as file:///D:/cocos_zml/zml-cocos2d-games/zml-cocos2d-AirplaneBattle/assets/Scripts/ToolManage.ts.
23:18:02.243 debug: Resolve cce:/internal/code-quality/cr.mjs from file:///D:/cocos_zml/zml-cocos2d-games/zml-cocos2d-AirplaneBattle/assets/Scripts/Player.ts as cce:/internal/code-quality/cr.mjs.
23:18:02.243 debug: Resolve cc from file:///D:/cocos_zml/zml-cocos2d-games/zml-cocos2d-AirplaneBattle/assets/Scripts/Player.ts as cce:/internal/x/cc.
23:18:02.243 debug: Resolve cc from file:///D:/cocos_zml/zml-cocos2d-games/zml-cocos2d-AirplaneBattle/assets/Scripts/Player.ts as cce:/internal/x/cc.
23:18:02.243 debug: Resolve cc from file:///D:/cocos_zml/zml-cocos2d-games/zml-cocos2d-AirplaneBattle/assets/Scripts/Player.ts as cce:/internal/x/cc.
23:18:02.244 debug: Resolve ./EventManager from file:///D:/cocos_zml/zml-cocos2d-games/zml-cocos2d-AirplaneBattle/assets/Scripts/Player.ts as file:///D:/cocos_zml/zml-cocos2d-games/zml-cocos2d-AirplaneBattle/assets/Scripts/EventManager.ts.
23:18:02.244 debug: Resolve ./Tool from file:///D:/cocos_zml/zml-cocos2d-games/zml-cocos2d-AirplaneBattle/assets/Scripts/Player.ts as file:///D:/cocos_zml/zml-cocos2d-games/zml-cocos2d-AirplaneBattle/assets/Scripts/Tool.ts.
23:18:02.262 debug: Target(editor) ends with cost 223.41330000013113ms.
23:18:02.263 debug: Target(preview) build started.
23:18:02.265 debug: Detected change: cce:/internal/x/prerequisite-imports. Last mtime: Thu Jan 01 1970 12:09:33 GMT+0800 (中国标准时间), Current mtime: Thu Jan 01 1970 12:10:50 GMT+0800 (中国标准时间)
23:18:02.265 debug: Inspect cce:/internal/x/prerequisite-imports
23:18:02.286 debug: transform url: 'cce:/internal/x/prerequisite-imports' costs: 20.20 ms
23:18:02.290 debug: Resolve file:///D:/cocos_editor/Creator/3.8.8/resources/resources/3d/engine/editor/assets/default_renderpipeline/builtin-dof-pass.ts from cce:/internal/x/prerequisite-imports as file:///D:/cocos_editor/Creator/3.8.8/resources/resources/3d/engine/editor/assets/default_renderpipeline/builtin-dof-pass.ts.
23:18:02.291 debug: Resolve file:///D:/cocos_editor/Creator/3.8.8/resources/resources/3d/engine/editor/assets/default_renderpipeline/builtin-pipeline-pass.ts from cce:/internal/x/prerequisite-imports as file:///D:/cocos_editor/Creator/3.8.8/resources/resources/3d/engine/editor/assets/default_renderpipeline/builtin-pipeline-pass.ts.
23:18:02.292 debug: Resolve file:///D:/cocos_editor/Creator/3.8.8/resources/resources/3d/engine/editor/assets/default_renderpipeline/builtin-pipeline-settings.ts from cce:/internal/x/prerequisite-imports as file:///D:/cocos_editor/Creator/3.8.8/resources/resources/3d/engine/editor/assets/default_renderpipeline/builtin-pipeline-settings.ts.
23:18:02.292 debug: Resolve file:///D:/cocos_editor/Creator/3.8.8/resources/resources/3d/engine/editor/assets/default_renderpipeline/builtin-pipeline-types.ts from cce:/internal/x/prerequisite-imports as file:///D:/cocos_editor/Creator/3.8.8/resources/resources/3d/engine/editor/assets/default_renderpipeline/builtin-pipeline-types.ts.
23:18:02.293 debug: Resolve file:///D:/cocos_editor/Creator/3.8.8/resources/resources/3d/engine/editor/assets/default_renderpipeline/builtin-pipeline.ts from cce:/internal/x/prerequisite-imports as file:///D:/cocos_editor/Creator/3.8.8/resources/resources/3d/engine/editor/assets/default_renderpipeline/builtin-pipeline.ts.
23:18:02.294 debug: Resolve file:///D:/cocos_editor/Creator/3.8.8/resources/resources/3d/engine/editor/assets/tools/debug-view-runtime-control.ts from cce:/internal/x/prerequisite-imports as file:///D:/cocos_editor/Creator/3.8.8/resources/resources/3d/engine/editor/assets/tools/debug-view-runtime-control.ts.
23:18:02.295 debug: Resolve file:///D:/cocos_zml/zml-cocos2d-games/zml-cocos2d-AirplaneBattle/assets/Scripts/Bg.ts from cce:/internal/x/prerequisite-imports as file:///D:/cocos_zml/zml-cocos2d-games/zml-cocos2d-AirplaneBattle/assets/Scripts/Bg.ts.
23:18:02.296 debug: Resolve file:///D:/cocos_zml/zml-cocos2d-games/zml-cocos2d-AirplaneBattle/assets/Scripts/Bullet.ts from cce:/internal/x/prerequisite-imports as file:///D:/cocos_zml/zml-cocos2d-games/zml-cocos2d-AirplaneBattle/assets/Scripts/Bullet.ts.
23:18:02.296 debug: Resolve file:///D:/cocos_zml/zml-cocos2d-games/zml-cocos2d-AirplaneBattle/assets/Scripts/Enemy.ts from cce:/internal/x/prerequisite-imports as file:///D:/cocos_zml/zml-cocos2d-games/zml-cocos2d-AirplaneBattle/assets/Scripts/Enemy.ts.
23:18:02.297 debug: Resolve file:///D:/cocos_zml/zml-cocos2d-games/zml-cocos2d-AirplaneBattle/assets/Scripts/EnemyManage.ts from cce:/internal/x/prerequisite-imports as file:///D:/cocos_zml/zml-cocos2d-games/zml-cocos2d-AirplaneBattle/assets/Scripts/EnemyManage.ts.
23:18:02.298 debug: Resolve file:///D:/cocos_zml/zml-cocos2d-games/zml-cocos2d-AirplaneBattle/assets/Scripts/EventManager.ts from cce:/internal/x/prerequisite-imports as file:///D:/cocos_zml/zml-cocos2d-games/zml-cocos2d-AirplaneBattle/assets/Scripts/EventManager.ts.
23:18:02.298 debug: Resolve file:///D:/cocos_zml/zml-cocos2d-games/zml-cocos2d-AirplaneBattle/assets/Scripts/GameManage.ts from cce:/internal/x/prerequisite-imports as file:///D:/cocos_zml/zml-cocos2d-games/zml-cocos2d-AirplaneBattle/assets/Scripts/GameManage.ts.
23:18:02.299 debug: Resolve file:///D:/cocos_zml/zml-cocos2d-games/zml-cocos2d-AirplaneBattle/assets/Scripts/Player.ts from cce:/internal/x/prerequisite-imports as file:///D:/cocos_zml/zml-cocos2d-games/zml-cocos2d-AirplaneBattle/assets/Scripts/Player.ts.
23:18:02.299 debug: Detected change: file:///D:/cocos_zml/zml-cocos2d-games/zml-cocos2d-AirplaneBattle/assets/Scripts/Player.ts. Last mtime: Fri Apr 24 2026 23:16:44 GMT+0800 (中国标准时间)@25c4e26c-e0ac-4687-863e-168efe47eb38, Current mtime: Fri Apr 24 2026 23:17:54 GMT+0800 (中国标准时间)@25c4e26c-e0ac-4687-863e-168efe47eb38
23:18:02.299 debug: Inspect file:///D:/cocos_zml/zml-cocos2d-games/zml-cocos2d-AirplaneBattle/assets/Scripts/Player.ts
23:18:02.452 debug: transform url: 'file:///D:/cocos_zml/zml-cocos2d-games/zml-cocos2d-AirplaneBattle/assets/Scripts/Player.ts' costs: 152.50 ms
23:18:02.457 debug: Resolve file:///D:/cocos_zml/zml-cocos2d-games/zml-cocos2d-AirplaneBattle/assets/Scripts/StartGame.ts from cce:/internal/x/prerequisite-imports as file:///D:/cocos_zml/zml-cocos2d-games/zml-cocos2d-AirplaneBattle/assets/Scripts/StartGame.ts.
23:18:02.458 debug: Resolve file:///D:/cocos_zml/zml-cocos2d-games/zml-cocos2d-AirplaneBattle/assets/Scripts/Tool.ts from cce:/internal/x/prerequisite-imports as file:///D:/cocos_zml/zml-cocos2d-games/zml-cocos2d-AirplaneBattle/assets/Scripts/Tool.ts.
23:18:02.459 debug: Resolve file:///D:/cocos_zml/zml-cocos2d-games/zml-cocos2d-AirplaneBattle/assets/Scripts/ToolManage.ts from cce:/internal/x/prerequisite-imports as file:///D:/cocos_zml/zml-cocos2d-games/zml-cocos2d-AirplaneBattle/assets/Scripts/ToolManage.ts.
23:18:02.460 debug: Resolve cce:/internal/code-quality/cr.mjs from file:///D:/cocos_zml/zml-cocos2d-games/zml-cocos2d-AirplaneBattle/assets/Scripts/Player.ts as cce:/internal/code-quality/cr.mjs.
23:18:02.460 debug: Resolve cc from file:///D:/cocos_zml/zml-cocos2d-games/zml-cocos2d-AirplaneBattle/assets/Scripts/Player.ts as cce:/internal/x/cc.
23:18:02.460 debug: Resolve cc from file:///D:/cocos_zml/zml-cocos2d-games/zml-cocos2d-AirplaneBattle/assets/Scripts/Player.ts as cce:/internal/x/cc.
23:18:02.460 debug: Resolve cc from file:///D:/cocos_zml/zml-cocos2d-games/zml-cocos2d-AirplaneBattle/assets/Scripts/Player.ts as cce:/internal/x/cc.
23:18:02.462 debug: Resolve ./EventManager from file:///D:/cocos_zml/zml-cocos2d-games/zml-cocos2d-AirplaneBattle/assets/Scripts/Player.ts as file:///D:/cocos_zml/zml-cocos2d-games/zml-cocos2d-AirplaneBattle/assets/Scripts/EventManager.ts.
23:18:02.463 debug: Resolve ./Tool from file:///D:/cocos_zml/zml-cocos2d-games/zml-cocos2d-AirplaneBattle/assets/Scripts/Player.ts as file:///D:/cocos_zml/zml-cocos2d-games/zml-cocos2d-AirplaneBattle/assets/Scripts/Tool.ts.
23:18:02.486 debug: Target(preview) ends with cost 223.81919999979436ms.
23:19:19.709 debug: Dispatch build request for time accumulated 1 asset changes.
23:19:19.715 debug: Build iteration starts.
Number of accumulated asset changes: 1
Feature changed: false
23:19:19.715 debug: Target(editor) build started.
23:19:19.719 debug: Detected change: cce:/internal/x/prerequisite-imports. Last mtime: Thu Jan 01 1970 12:10:49 GMT+0800 (中国标准时间), Current mtime: Thu Jan 01 1970 12:12:07 GMT+0800 (中国标准时间)
23:19:19.719 debug: Inspect cce:/internal/x/prerequisite-imports
23:19:19.736 debug: transform url: 'cce:/internal/x/prerequisite-imports' costs: 16.80 ms
23:19:19.739 debug: Resolve file:///D:/cocos_editor/Creator/3.8.8/resources/resources/3d/engine/editor/assets/default_renderpipeline/builtin-dof-pass.ts from cce:/internal/x/prerequisite-imports as file:///D:/cocos_editor/Creator/3.8.8/resources/resources/3d/engine/editor/assets/default_renderpipeline/builtin-dof-pass.ts.
23:19:19.743 debug: Resolve file:///D:/cocos_editor/Creator/3.8.8/resources/resources/3d/engine/editor/assets/default_renderpipeline/builtin-pipeline-pass.ts from cce:/internal/x/prerequisite-imports as file:///D:/cocos_editor/Creator/3.8.8/resources/resources/3d/engine/editor/assets/default_renderpipeline/builtin-pipeline-pass.ts.
23:19:19.744 debug: Resolve file:///D:/cocos_editor/Creator/3.8.8/resources/resources/3d/engine/editor/assets/default_renderpipeline/builtin-pipeline-settings.ts from cce:/internal/x/prerequisite-imports as file:///D:/cocos_editor/Creator/3.8.8/resources/resources/3d/engine/editor/assets/default_renderpipeline/builtin-pipeline-settings.ts.
23:19:19.745 debug: Resolve file:///D:/cocos_editor/Creator/3.8.8/resources/resources/3d/engine/editor/assets/default_renderpipeline/builtin-pipeline-types.ts from cce:/internal/x/prerequisite-imports as file:///D:/cocos_editor/Creator/3.8.8/resources/resources/3d/engine/editor/assets/default_renderpipeline/builtin-pipeline-types.ts.
23:19:19.746 debug: Resolve file:///D:/cocos_editor/Creator/3.8.8/resources/resources/3d/engine/editor/assets/default_renderpipeline/builtin-pipeline.ts from cce:/internal/x/prerequisite-imports as file:///D:/cocos_editor/Creator/3.8.8/resources/resources/3d/engine/editor/assets/default_renderpipeline/builtin-pipeline.ts.
23:19:19.747 debug: Resolve file:///D:/cocos_editor/Creator/3.8.8/resources/resources/3d/engine/editor/assets/tools/debug-view-runtime-control.ts from cce:/internal/x/prerequisite-imports as file:///D:/cocos_editor/Creator/3.8.8/resources/resources/3d/engine/editor/assets/tools/debug-view-runtime-control.ts.
23:19:19.748 debug: Resolve file:///D:/cocos_zml/zml-cocos2d-games/zml-cocos2d-AirplaneBattle/assets/Scripts/Bg.ts from cce:/internal/x/prerequisite-imports as file:///D:/cocos_zml/zml-cocos2d-games/zml-cocos2d-AirplaneBattle/assets/Scripts/Bg.ts.
23:19:19.749 debug: Resolve file:///D:/cocos_zml/zml-cocos2d-games/zml-cocos2d-AirplaneBattle/assets/Scripts/Bullet.ts from cce:/internal/x/prerequisite-imports as file:///D:/cocos_zml/zml-cocos2d-games/zml-cocos2d-AirplaneBattle/assets/Scripts/Bullet.ts.
23:19:19.749 debug: Resolve file:///D:/cocos_zml/zml-cocos2d-games/zml-cocos2d-AirplaneBattle/assets/Scripts/Enemy.ts from cce:/internal/x/prerequisite-imports as file:///D:/cocos_zml/zml-cocos2d-games/zml-cocos2d-AirplaneBattle/assets/Scripts/Enemy.ts.
23:19:19.750 debug: Resolve file:///D:/cocos_zml/zml-cocos2d-games/zml-cocos2d-AirplaneBattle/assets/Scripts/EnemyManage.ts from cce:/internal/x/prerequisite-imports as file:///D:/cocos_zml/zml-cocos2d-games/zml-cocos2d-AirplaneBattle/assets/Scripts/EnemyManage.ts.
23:19:19.751 debug: Resolve file:///D:/cocos_zml/zml-cocos2d-games/zml-cocos2d-AirplaneBattle/assets/Scripts/EventManager.ts from cce:/internal/x/prerequisite-imports as file:///D:/cocos_zml/zml-cocos2d-games/zml-cocos2d-AirplaneBattle/assets/Scripts/EventManager.ts.
23:19:19.752 debug: Resolve file:///D:/cocos_zml/zml-cocos2d-games/zml-cocos2d-AirplaneBattle/assets/Scripts/GameManage.ts from cce:/internal/x/prerequisite-imports as file:///D:/cocos_zml/zml-cocos2d-games/zml-cocos2d-AirplaneBattle/assets/Scripts/GameManage.ts.
23:19:19.752 debug: Detected change: file:///D:/cocos_zml/zml-cocos2d-games/zml-cocos2d-AirplaneBattle/assets/Scripts/GameManage.ts. Last mtime: Fri Apr 24 2026 23:10:38 GMT+0800 (中国标准时间)@038a737b-618a-4ee3-8b12-71354364df3c, Current mtime: Fri Apr 24 2026 23:19:16 GMT+0800 (中国标准时间)@038a737b-618a-4ee3-8b12-71354364df3c
23:19:19.752 debug: Inspect file:///D:/cocos_zml/zml-cocos2d-games/zml-cocos2d-AirplaneBattle/assets/Scripts/GameManage.ts
23:19:19.791 debug: transform url: 'file:///D:/cocos_zml/zml-cocos2d-games/zml-cocos2d-AirplaneBattle/assets/Scripts/GameManage.ts' costs: 38.60 ms
23:19:19.794 debug: Resolve file:///D:/cocos_zml/zml-cocos2d-games/zml-cocos2d-AirplaneBattle/assets/Scripts/Player.ts from cce:/internal/x/prerequisite-imports as file:///D:/cocos_zml/zml-cocos2d-games/zml-cocos2d-AirplaneBattle/assets/Scripts/Player.ts.
23:19:19.795 debug: Resolve file:///D:/cocos_zml/zml-cocos2d-games/zml-cocos2d-AirplaneBattle/assets/Scripts/StartGame.ts from cce:/internal/x/prerequisite-imports as file:///D:/cocos_zml/zml-cocos2d-games/zml-cocos2d-AirplaneBattle/assets/Scripts/StartGame.ts.
23:19:19.796 debug: Resolve file:///D:/cocos_zml/zml-cocos2d-games/zml-cocos2d-AirplaneBattle/assets/Scripts/Tool.ts from cce:/internal/x/prerequisite-imports as file:///D:/cocos_zml/zml-cocos2d-games/zml-cocos2d-AirplaneBattle/assets/Scripts/Tool.ts.
23:19:19.797 debug: Resolve file:///D:/cocos_zml/zml-cocos2d-games/zml-cocos2d-AirplaneBattle/assets/Scripts/ToolManage.ts from cce:/internal/x/prerequisite-imports as file:///D:/cocos_zml/zml-cocos2d-games/zml-cocos2d-AirplaneBattle/assets/Scripts/ToolManage.ts.
23:19:19.797 debug: Resolve cce:/internal/code-quality/cr.mjs from file:///D:/cocos_zml/zml-cocos2d-games/zml-cocos2d-AirplaneBattle/assets/Scripts/GameManage.ts as cce:/internal/code-quality/cr.mjs.
23:19:19.797 debug: Resolve cc from file:///D:/cocos_zml/zml-cocos2d-games/zml-cocos2d-AirplaneBattle/assets/Scripts/GameManage.ts as cce:/internal/x/cc.
23:19:19.798 debug: Resolve cc from file:///D:/cocos_zml/zml-cocos2d-games/zml-cocos2d-AirplaneBattle/assets/Scripts/GameManage.ts as cce:/internal/x/cc.
23:19:19.798 debug: Resolve cc from file:///D:/cocos_zml/zml-cocos2d-games/zml-cocos2d-AirplaneBattle/assets/Scripts/GameManage.ts as cce:/internal/x/cc.
23:19:19.798 debug: Resolve ./EventManager from file:///D:/cocos_zml/zml-cocos2d-games/zml-cocos2d-AirplaneBattle/assets/Scripts/GameManage.ts as file:///D:/cocos_zml/zml-cocos2d-games/zml-cocos2d-AirplaneBattle/assets/Scripts/EventManager.ts.
23:19:19.818 debug: Target(editor) ends with cost 102.03340000100434ms.
23:19:19.818 debug: Target(preview) build started.
23:19:19.821 debug: Detected change: cce:/internal/x/prerequisite-imports. Last mtime: Thu Jan 01 1970 12:10:50 GMT+0800 (中国标准时间), Current mtime: Thu Jan 01 1970 12:12:07 GMT+0800 (中国标准时间)
23:19:19.821 debug: Inspect cce:/internal/x/prerequisite-imports
23:19:19.841 debug: transform url: 'cce:/internal/x/prerequisite-imports' costs: 19.90 ms
23:19:19.845 debug: Resolve file:///D:/cocos_editor/Creator/3.8.8/resources/resources/3d/engine/editor/assets/default_renderpipeline/builtin-dof-pass.ts from cce:/internal/x/prerequisite-imports as file:///D:/cocos_editor/Creator/3.8.8/resources/resources/3d/engine/editor/assets/default_renderpipeline/builtin-dof-pass.ts.
23:19:19.846 debug: Resolve file:///D:/cocos_editor/Creator/3.8.8/resources/resources/3d/engine/editor/assets/default_renderpipeline/builtin-pipeline-pass.ts from cce:/internal/x/prerequisite-imports as file:///D:/cocos_editor/Creator/3.8.8/resources/resources/3d/engine/editor/assets/default_renderpipeline/builtin-pipeline-pass.ts.
23:19:19.847 debug: Resolve file:///D:/cocos_editor/Creator/3.8.8/resources/resources/3d/engine/editor/assets/default_renderpipeline/builtin-pipeline-settings.ts from cce:/internal/x/prerequisite-imports as file:///D:/cocos_editor/Creator/3.8.8/resources/resources/3d/engine/editor/assets/default_renderpipeline/builtin-pipeline-settings.ts.
23:19:19.849 debug: Resolve file:///D:/cocos_editor/Creator/3.8.8/resources/resources/3d/engine/editor/assets/default_renderpipeline/builtin-pipeline-types.ts from cce:/internal/x/prerequisite-imports as file:///D:/cocos_editor/Creator/3.8.8/resources/resources/3d/engine/editor/assets/default_renderpipeline/builtin-pipeline-types.ts.
23:19:19.850 debug: Resolve file:///D:/cocos_editor/Creator/3.8.8/resources/resources/3d/engine/editor/assets/default_renderpipeline/builtin-pipeline.ts from cce:/internal/x/prerequisite-imports as file:///D:/cocos_editor/Creator/3.8.8/resources/resources/3d/engine/editor/assets/default_renderpipeline/builtin-pipeline.ts.
23:19:19.850 debug: Resolve file:///D:/cocos_editor/Creator/3.8.8/resources/resources/3d/engine/editor/assets/tools/debug-view-runtime-control.ts from cce:/internal/x/prerequisite-imports as file:///D:/cocos_editor/Creator/3.8.8/resources/resources/3d/engine/editor/assets/tools/debug-view-runtime-control.ts.
23:19:19.851 debug: Resolve file:///D:/cocos_zml/zml-cocos2d-games/zml-cocos2d-AirplaneBattle/assets/Scripts/Bg.ts from cce:/internal/x/prerequisite-imports as file:///D:/cocos_zml/zml-cocos2d-games/zml-cocos2d-AirplaneBattle/assets/Scripts/Bg.ts.
23:19:19.852 debug: Resolve file:///D:/cocos_zml/zml-cocos2d-games/zml-cocos2d-AirplaneBattle/assets/Scripts/Bullet.ts from cce:/internal/x/prerequisite-imports as file:///D:/cocos_zml/zml-cocos2d-games/zml-cocos2d-AirplaneBattle/assets/Scripts/Bullet.ts.
23:19:19.853 debug: Resolve file:///D:/cocos_zml/zml-cocos2d-games/zml-cocos2d-AirplaneBattle/assets/Scripts/Enemy.ts from cce:/internal/x/prerequisite-imports as file:///D:/cocos_zml/zml-cocos2d-games/zml-cocos2d-AirplaneBattle/assets/Scripts/Enemy.ts.
23:19:19.853 debug: Resolve file:///D:/cocos_zml/zml-cocos2d-games/zml-cocos2d-AirplaneBattle/assets/Scripts/EnemyManage.ts from cce:/internal/x/prerequisite-imports as file:///D:/cocos_zml/zml-cocos2d-games/zml-cocos2d-AirplaneBattle/assets/Scripts/EnemyManage.ts.
23:19:19.854 debug: Resolve file:///D:/cocos_zml/zml-cocos2d-games/zml-cocos2d-AirplaneBattle/assets/Scripts/EventManager.ts from cce:/internal/x/prerequisite-imports as file:///D:/cocos_zml/zml-cocos2d-games/zml-cocos2d-AirplaneBattle/assets/Scripts/EventManager.ts.
23:19:19.854 debug: Resolve file:///D:/cocos_zml/zml-cocos2d-games/zml-cocos2d-AirplaneBattle/assets/Scripts/GameManage.ts from cce:/internal/x/prerequisite-imports as file:///D:/cocos_zml/zml-cocos2d-games/zml-cocos2d-AirplaneBattle/assets/Scripts/GameManage.ts.
23:19:19.855 debug: Detected change: file:///D:/cocos_zml/zml-cocos2d-games/zml-cocos2d-AirplaneBattle/assets/Scripts/GameManage.ts. Last mtime: Fri Apr 24 2026 23:10:38 GMT+0800 (中国标准时间)@038a737b-618a-4ee3-8b12-71354364df3c, Current mtime: Fri Apr 24 2026 23:19:16 GMT+0800 (中国标准时间)@038a737b-618a-4ee3-8b12-71354364df3c
23:19:19.855 debug: Inspect file:///D:/cocos_zml/zml-cocos2d-games/zml-cocos2d-AirplaneBattle/assets/Scripts/GameManage.ts
23:19:19.915 debug: transform url: 'file:///D:/cocos_zml/zml-cocos2d-games/zml-cocos2d-AirplaneBattle/assets/Scripts/GameManage.ts' costs: 60.50 ms
23:19:19.919 debug: Resolve file:///D:/cocos_zml/zml-cocos2d-games/zml-cocos2d-AirplaneBattle/assets/Scripts/Player.ts from cce:/internal/x/prerequisite-imports as file:///D:/cocos_zml/zml-cocos2d-games/zml-cocos2d-AirplaneBattle/assets/Scripts/Player.ts.
23:19:19.920 debug: Resolve file:///D:/cocos_zml/zml-cocos2d-games/zml-cocos2d-AirplaneBattle/assets/Scripts/StartGame.ts from cce:/internal/x/prerequisite-imports as file:///D:/cocos_zml/zml-cocos2d-games/zml-cocos2d-AirplaneBattle/assets/Scripts/StartGame.ts.
23:19:19.921 debug: Resolve file:///D:/cocos_zml/zml-cocos2d-games/zml-cocos2d-AirplaneBattle/assets/Scripts/Tool.ts from cce:/internal/x/prerequisite-imports as file:///D:/cocos_zml/zml-cocos2d-games/zml-cocos2d-AirplaneBattle/assets/Scripts/Tool.ts.
23:19:19.922 debug: Resolve file:///D:/cocos_zml/zml-cocos2d-games/zml-cocos2d-AirplaneBattle/assets/Scripts/ToolManage.ts from cce:/internal/x/prerequisite-imports as file:///D:/cocos_zml/zml-cocos2d-games/zml-cocos2d-AirplaneBattle/assets/Scripts/ToolManage.ts.
23:19:19.922 debug: Resolve cce:/internal/code-quality/cr.mjs from file:///D:/cocos_zml/zml-cocos2d-games/zml-cocos2d-AirplaneBattle/assets/Scripts/GameManage.ts as cce:/internal/code-quality/cr.mjs.
23:19:19.922 debug: Resolve cc from file:///D:/cocos_zml/zml-cocos2d-games/zml-cocos2d-AirplaneBattle/assets/Scripts/GameManage.ts as cce:/internal/x/cc.
23:19:19.922 debug: Resolve cc from file:///D:/cocos_zml/zml-cocos2d-games/zml-cocos2d-AirplaneBattle/assets/Scripts/GameManage.ts as cce:/internal/x/cc.
23:19:19.923 debug: Resolve cc from file:///D:/cocos_zml/zml-cocos2d-games/zml-cocos2d-AirplaneBattle/assets/Scripts/GameManage.ts as cce:/internal/x/cc.
23:19:19.924 debug: Resolve ./EventManager from file:///D:/cocos_zml/zml-cocos2d-games/zml-cocos2d-AirplaneBattle/assets/Scripts/GameManage.ts as file:///D:/cocos_zml/zml-cocos2d-games/zml-cocos2d-AirplaneBattle/assets/Scripts/EventManager.ts.
23:19:19.950 debug: Target(preview) ends with cost 132.10459999926388ms.
23:20:17.990 debug: Dispatch build request for time accumulated 1 asset changes.
23:20:17.993 debug: Build iteration starts.
Number of accumulated asset changes: 1
Feature changed: false
23:20:17.993 debug: Target(editor) build started.
23:20:17.996 debug: Detected change: cce:/internal/x/prerequisite-imports. Last mtime: Thu Jan 01 1970 12:12:07 GMT+0800 (中国标准时间), Current mtime: Thu Jan 01 1970 12:13:05 GMT+0800 (中国标准时间)
23:20:17.996 debug: Inspect cce:/internal/x/prerequisite-imports
23:20:18.008 debug: transform url: 'cce:/internal/x/prerequisite-imports' costs: 12.10 ms
23:20:18.011 debug: Resolve file:///D:/cocos_editor/Creator/3.8.8/resources/resources/3d/engine/editor/assets/default_renderpipeline/builtin-dof-pass.ts from cce:/internal/x/prerequisite-imports as file:///D:/cocos_editor/Creator/3.8.8/resources/resources/3d/engine/editor/assets/default_renderpipeline/builtin-dof-pass.ts.
23:20:18.012 debug: Resolve file:///D:/cocos_editor/Creator/3.8.8/resources/resources/3d/engine/editor/assets/default_renderpipeline/builtin-pipeline-pass.ts from cce:/internal/x/prerequisite-imports as file:///D:/cocos_editor/Creator/3.8.8/resources/resources/3d/engine/editor/assets/default_renderpipeline/builtin-pipeline-pass.ts.
23:20:18.012 debug: Resolve file:///D:/cocos_editor/Creator/3.8.8/resources/resources/3d/engine/editor/assets/default_renderpipeline/builtin-pipeline-settings.ts from cce:/internal/x/prerequisite-imports as file:///D:/cocos_editor/Creator/3.8.8/resources/resources/3d/engine/editor/assets/default_renderpipeline/builtin-pipeline-settings.ts.
23:20:18.013 debug: Resolve file:///D:/cocos_editor/Creator/3.8.8/resources/resources/3d/engine/editor/assets/default_renderpipeline/builtin-pipeline-types.ts from cce:/internal/x/prerequisite-imports as file:///D:/cocos_editor/Creator/3.8.8/resources/resources/3d/engine/editor/assets/default_renderpipeline/builtin-pipeline-types.ts.
23:20:18.014 debug: Resolve file:///D:/cocos_editor/Creator/3.8.8/resources/resources/3d/engine/editor/assets/default_renderpipeline/builtin-pipeline.ts from cce:/internal/x/prerequisite-imports as file:///D:/cocos_editor/Creator/3.8.8/resources/resources/3d/engine/editor/assets/default_renderpipeline/builtin-pipeline.ts.
23:20:18.014 debug: Resolve file:///D:/cocos_editor/Creator/3.8.8/resources/resources/3d/engine/editor/assets/tools/debug-view-runtime-control.ts from cce:/internal/x/prerequisite-imports as file:///D:/cocos_editor/Creator/3.8.8/resources/resources/3d/engine/editor/assets/tools/debug-view-runtime-control.ts.
23:20:18.015 debug: Resolve file:///D:/cocos_zml/zml-cocos2d-games/zml-cocos2d-AirplaneBattle/assets/Scripts/Bg.ts from cce:/internal/x/prerequisite-imports as file:///D:/cocos_zml/zml-cocos2d-games/zml-cocos2d-AirplaneBattle/assets/Scripts/Bg.ts.
23:20:18.015 debug: Resolve file:///D:/cocos_zml/zml-cocos2d-games/zml-cocos2d-AirplaneBattle/assets/Scripts/Bullet.ts from cce:/internal/x/prerequisite-imports as file:///D:/cocos_zml/zml-cocos2d-games/zml-cocos2d-AirplaneBattle/assets/Scripts/Bullet.ts.
23:20:18.016 debug: Resolve file:///D:/cocos_zml/zml-cocos2d-games/zml-cocos2d-AirplaneBattle/assets/Scripts/Enemy.ts from cce:/internal/x/prerequisite-imports as file:///D:/cocos_zml/zml-cocos2d-games/zml-cocos2d-AirplaneBattle/assets/Scripts/Enemy.ts.
23:20:18.016 debug: Resolve file:///D:/cocos_zml/zml-cocos2d-games/zml-cocos2d-AirplaneBattle/assets/Scripts/EnemyManage.ts from cce:/internal/x/prerequisite-imports as file:///D:/cocos_zml/zml-cocos2d-games/zml-cocos2d-AirplaneBattle/assets/Scripts/EnemyManage.ts.
23:20:18.017 debug: Resolve file:///D:/cocos_zml/zml-cocos2d-games/zml-cocos2d-AirplaneBattle/assets/Scripts/EventManager.ts from cce:/internal/x/prerequisite-imports as file:///D:/cocos_zml/zml-cocos2d-games/zml-cocos2d-AirplaneBattle/assets/Scripts/EventManager.ts.
23:20:18.017 debug: Resolve file:///D:/cocos_zml/zml-cocos2d-games/zml-cocos2d-AirplaneBattle/assets/Scripts/GameManage.ts from cce:/internal/x/prerequisite-imports as file:///D:/cocos_zml/zml-cocos2d-games/zml-cocos2d-AirplaneBattle/assets/Scripts/GameManage.ts.
23:20:18.017 debug: Detected change: file:///D:/cocos_zml/zml-cocos2d-games/zml-cocos2d-AirplaneBattle/assets/Scripts/GameManage.ts. Last mtime: Fri Apr 24 2026 23:19:16 GMT+0800 (中国标准时间)@038a737b-618a-4ee3-8b12-71354364df3c, Current mtime: Fri Apr 24 2026 23:20:16 GMT+0800 (中国标准时间)@038a737b-618a-4ee3-8b12-71354364df3c
23:20:18.017 debug: Inspect file:///D:/cocos_zml/zml-cocos2d-games/zml-cocos2d-AirplaneBattle/assets/Scripts/GameManage.ts
23:20:18.055 debug: transform url: 'file:///D:/cocos_zml/zml-cocos2d-games/zml-cocos2d-AirplaneBattle/assets/Scripts/GameManage.ts' costs: 37.40 ms
23:20:18.057 debug: Resolve file:///D:/cocos_zml/zml-cocos2d-games/zml-cocos2d-AirplaneBattle/assets/Scripts/Player.ts from cce:/internal/x/prerequisite-imports as file:///D:/cocos_zml/zml-cocos2d-games/zml-cocos2d-AirplaneBattle/assets/Scripts/Player.ts.
23:20:18.058 debug: Resolve file:///D:/cocos_zml/zml-cocos2d-games/zml-cocos2d-AirplaneBattle/assets/Scripts/StartGame.ts from cce:/internal/x/prerequisite-imports as file:///D:/cocos_zml/zml-cocos2d-games/zml-cocos2d-AirplaneBattle/assets/Scripts/StartGame.ts.
23:20:18.058 debug: Resolve file:///D:/cocos_zml/zml-cocos2d-games/zml-cocos2d-AirplaneBattle/assets/Scripts/Tool.ts from cce:/internal/x/prerequisite-imports as file:///D:/cocos_zml/zml-cocos2d-games/zml-cocos2d-AirplaneBattle/assets/Scripts/Tool.ts.
23:20:18.059 debug: Resolve file:///D:/cocos_zml/zml-cocos2d-games/zml-cocos2d-AirplaneBattle/assets/Scripts/ToolManage.ts from cce:/internal/x/prerequisite-imports as file:///D:/cocos_zml/zml-cocos2d-games/zml-cocos2d-AirplaneBattle/assets/Scripts/ToolManage.ts.
23:20:18.059 debug: Resolve cce:/internal/code-quality/cr.mjs from file:///D:/cocos_zml/zml-cocos2d-games/zml-cocos2d-AirplaneBattle/assets/Scripts/GameManage.ts as cce:/internal/code-quality/cr.mjs.
23:20:18.060 debug: Resolve cc from file:///D:/cocos_zml/zml-cocos2d-games/zml-cocos2d-AirplaneBattle/assets/Scripts/GameManage.ts as cce:/internal/x/cc.
23:20:18.060 debug: Resolve cc from file:///D:/cocos_zml/zml-cocos2d-games/zml-cocos2d-AirplaneBattle/assets/Scripts/GameManage.ts as cce:/internal/x/cc.
23:20:18.060 debug: Resolve cc from file:///D:/cocos_zml/zml-cocos2d-games/zml-cocos2d-AirplaneBattle/assets/Scripts/GameManage.ts as cce:/internal/x/cc.
23:20:18.060 debug: Resolve ./EventManager from file:///D:/cocos_zml/zml-cocos2d-games/zml-cocos2d-AirplaneBattle/assets/Scripts/GameManage.ts as file:///D:/cocos_zml/zml-cocos2d-games/zml-cocos2d-AirplaneBattle/assets/Scripts/EventManager.ts.
23:20:18.078 debug: Target(editor) ends with cost 84.66650000028312ms.
23:20:18.078 debug: Target(preview) build started.
23:20:18.080 debug: Detected change: cce:/internal/x/prerequisite-imports. Last mtime: Thu Jan 01 1970 12:12:07 GMT+0800 (中国标准时间), Current mtime: Thu Jan 01 1970 12:13:05 GMT+0800 (中国标准时间)
23:20:18.081 debug: Inspect cce:/internal/x/prerequisite-imports
23:20:18.094 debug: transform url: 'cce:/internal/x/prerequisite-imports' costs: 13.60 ms
23:20:18.097 debug: Resolve file:///D:/cocos_editor/Creator/3.8.8/resources/resources/3d/engine/editor/assets/default_renderpipeline/builtin-dof-pass.ts from cce:/internal/x/prerequisite-imports as file:///D:/cocos_editor/Creator/3.8.8/resources/resources/3d/engine/editor/assets/default_renderpipeline/builtin-dof-pass.ts.
23:20:18.098 debug: Resolve file:///D:/cocos_editor/Creator/3.8.8/resources/resources/3d/engine/editor/assets/default_renderpipeline/builtin-pipeline-pass.ts from cce:/internal/x/prerequisite-imports as file:///D:/cocos_editor/Creator/3.8.8/resources/resources/3d/engine/editor/assets/default_renderpipeline/builtin-pipeline-pass.ts.
23:20:18.099 debug: Resolve file:///D:/cocos_editor/Creator/3.8.8/resources/resources/3d/engine/editor/assets/default_renderpipeline/builtin-pipeline-settings.ts from cce:/internal/x/prerequisite-imports as file:///D:/cocos_editor/Creator/3.8.8/resources/resources/3d/engine/editor/assets/default_renderpipeline/builtin-pipeline-settings.ts.
23:20:18.100 debug: Resolve file:///D:/cocos_editor/Creator/3.8.8/resources/resources/3d/engine/editor/assets/default_renderpipeline/builtin-pipeline-types.ts from cce:/internal/x/prerequisite-imports as file:///D:/cocos_editor/Creator/3.8.8/resources/resources/3d/engine/editor/assets/default_renderpipeline/builtin-pipeline-types.ts.
23:20:18.101 debug: Resolve file:///D:/cocos_editor/Creator/3.8.8/resources/resources/3d/engine/editor/assets/default_renderpipeline/builtin-pipeline.ts from cce:/internal/x/prerequisite-imports as file:///D:/cocos_editor/Creator/3.8.8/resources/resources/3d/engine/editor/assets/default_renderpipeline/builtin-pipeline.ts.
23:20:18.102 debug: Resolve file:///D:/cocos_editor/Creator/3.8.8/resources/resources/3d/engine/editor/assets/tools/debug-view-runtime-control.ts from cce:/internal/x/prerequisite-imports as file:///D:/cocos_editor/Creator/3.8.8/resources/resources/3d/engine/editor/assets/tools/debug-view-runtime-control.ts.
23:20:18.103 debug: Resolve file:///D:/cocos_zml/zml-cocos2d-games/zml-cocos2d-AirplaneBattle/assets/Scripts/Bg.ts from cce:/internal/x/prerequisite-imports as file:///D:/cocos_zml/zml-cocos2d-games/zml-cocos2d-AirplaneBattle/assets/Scripts/Bg.ts.
23:20:18.103 debug: Resolve file:///D:/cocos_zml/zml-cocos2d-games/zml-cocos2d-AirplaneBattle/assets/Scripts/Bullet.ts from cce:/internal/x/prerequisite-imports as file:///D:/cocos_zml/zml-cocos2d-games/zml-cocos2d-AirplaneBattle/assets/Scripts/Bullet.ts.
23:20:18.104 debug: Resolve file:///D:/cocos_zml/zml-cocos2d-games/zml-cocos2d-AirplaneBattle/assets/Scripts/Enemy.ts from cce:/internal/x/prerequisite-imports as file:///D:/cocos_zml/zml-cocos2d-games/zml-cocos2d-AirplaneBattle/assets/Scripts/Enemy.ts.
23:20:18.104 debug: Resolve file:///D:/cocos_zml/zml-cocos2d-games/zml-cocos2d-AirplaneBattle/assets/Scripts/EnemyManage.ts from cce:/internal/x/prerequisite-imports as file:///D:/cocos_zml/zml-cocos2d-games/zml-cocos2d-AirplaneBattle/assets/Scripts/EnemyManage.ts.
23:20:18.105 debug: Resolve file:///D:/cocos_zml/zml-cocos2d-games/zml-cocos2d-AirplaneBattle/assets/Scripts/EventManager.ts from cce:/internal/x/prerequisite-imports as file:///D:/cocos_zml/zml-cocos2d-games/zml-cocos2d-AirplaneBattle/assets/Scripts/EventManager.ts.
23:20:18.106 debug: Resolve file:///D:/cocos_zml/zml-cocos2d-games/zml-cocos2d-AirplaneBattle/assets/Scripts/GameManage.ts from cce:/internal/x/prerequisite-imports as file:///D:/cocos_zml/zml-cocos2d-games/zml-cocos2d-AirplaneBattle/assets/Scripts/GameManage.ts.
23:20:18.106 debug: Detected change: file:///D:/cocos_zml/zml-cocos2d-games/zml-cocos2d-AirplaneBattle/assets/Scripts/GameManage.ts. Last mtime: Fri Apr 24 2026 23:19:16 GMT+0800 (中国标准时间)@038a737b-618a-4ee3-8b12-71354364df3c, Current mtime: Fri Apr 24 2026 23:20:16 GMT+0800 (中国标准时间)@038a737b-618a-4ee3-8b12-71354364df3c
23:20:18.106 debug: Inspect file:///D:/cocos_zml/zml-cocos2d-games/zml-cocos2d-AirplaneBattle/assets/Scripts/GameManage.ts
23:20:18.155 debug: transform url: 'file:///D:/cocos_zml/zml-cocos2d-games/zml-cocos2d-AirplaneBattle/assets/Scripts/GameManage.ts' costs: 48.60 ms
23:20:18.158 debug: Resolve file:///D:/cocos_zml/zml-cocos2d-games/zml-cocos2d-AirplaneBattle/assets/Scripts/Player.ts from cce:/internal/x/prerequisite-imports as file:///D:/cocos_zml/zml-cocos2d-games/zml-cocos2d-AirplaneBattle/assets/Scripts/Player.ts.
23:20:18.159 debug: Resolve file:///D:/cocos_zml/zml-cocos2d-games/zml-cocos2d-AirplaneBattle/assets/Scripts/StartGame.ts from cce:/internal/x/prerequisite-imports as file:///D:/cocos_zml/zml-cocos2d-games/zml-cocos2d-AirplaneBattle/assets/Scripts/StartGame.ts.
23:20:18.160 debug: Resolve file:///D:/cocos_zml/zml-cocos2d-games/zml-cocos2d-AirplaneBattle/assets/Scripts/Tool.ts from cce:/internal/x/prerequisite-imports as file:///D:/cocos_zml/zml-cocos2d-games/zml-cocos2d-AirplaneBattle/assets/Scripts/Tool.ts.
23:20:18.160 debug: Resolve file:///D:/cocos_zml/zml-cocos2d-games/zml-cocos2d-AirplaneBattle/assets/Scripts/ToolManage.ts from cce:/internal/x/prerequisite-imports as file:///D:/cocos_zml/zml-cocos2d-games/zml-cocos2d-AirplaneBattle/assets/Scripts/ToolManage.ts.
23:20:18.161 debug: Resolve cce:/internal/code-quality/cr.mjs from file:///D:/cocos_zml/zml-cocos2d-games/zml-cocos2d-AirplaneBattle/assets/Scripts/GameManage.ts as cce:/internal/code-quality/cr.mjs.
23:20:18.161 debug: Resolve cc from file:///D:/cocos_zml/zml-cocos2d-games/zml-cocos2d-AirplaneBattle/assets/Scripts/GameManage.ts as cce:/internal/x/cc.
23:20:18.161 debug: Resolve cc from file:///D:/cocos_zml/zml-cocos2d-games/zml-cocos2d-AirplaneBattle/assets/Scripts/GameManage.ts as cce:/internal/x/cc.
23:20:18.161 debug: Resolve cc from file:///D:/cocos_zml/zml-cocos2d-games/zml-cocos2d-AirplaneBattle/assets/Scripts/GameManage.ts as cce:/internal/x/cc.
23:20:18.162 debug: Resolve ./EventManager from file:///D:/cocos_zml/zml-cocos2d-games/zml-cocos2d-AirplaneBattle/assets/Scripts/GameManage.ts as file:///D:/cocos_zml/zml-cocos2d-games/zml-cocos2d-AirplaneBattle/assets/Scripts/EventManager.ts.
23:20:18.183 debug: Target(preview) ends with cost 104.76039999909699ms.
23:22:42.521 debug: Dispatch build request for time accumulated 1 asset changes.
23:22:42.524 debug: Build iteration starts.
Number of accumulated asset changes: 1
Feature changed: false
23:22:42.524 debug: Target(editor) build started.
23:22:42.527 debug: Detected change: cce:/internal/x/prerequisite-imports. Last mtime: Thu Jan 01 1970 12:13:05 GMT+0800 (中国标准时间), Current mtime: Thu Jan 01 1970 12:15:30 GMT+0800 (中国标准时间)
23:22:42.528 debug: Inspect cce:/internal/x/prerequisite-imports
23:22:42.542 debug: transform url: 'cce:/internal/x/prerequisite-imports' costs: 14.70 ms
23:22:42.545 debug: Resolve file:///D:/cocos_editor/Creator/3.8.8/resources/resources/3d/engine/editor/assets/default_renderpipeline/builtin-dof-pass.ts from cce:/internal/x/prerequisite-imports as file:///D:/cocos_editor/Creator/3.8.8/resources/resources/3d/engine/editor/assets/default_renderpipeline/builtin-dof-pass.ts.
23:22:42.547 debug: Resolve file:///D:/cocos_editor/Creator/3.8.8/resources/resources/3d/engine/editor/assets/default_renderpipeline/builtin-pipeline-pass.ts from cce:/internal/x/prerequisite-imports as file:///D:/cocos_editor/Creator/3.8.8/resources/resources/3d/engine/editor/assets/default_renderpipeline/builtin-pipeline-pass.ts.
23:22:42.547 debug: Resolve file:///D:/cocos_editor/Creator/3.8.8/resources/resources/3d/engine/editor/assets/default_renderpipeline/builtin-pipeline-settings.ts from cce:/internal/x/prerequisite-imports as file:///D:/cocos_editor/Creator/3.8.8/resources/resources/3d/engine/editor/assets/default_renderpipeline/builtin-pipeline-settings.ts.
23:22:42.548 debug: Resolve file:///D:/cocos_editor/Creator/3.8.8/resources/resources/3d/engine/editor/assets/default_renderpipeline/builtin-pipeline-types.ts from cce:/internal/x/prerequisite-imports as file:///D:/cocos_editor/Creator/3.8.8/resources/resources/3d/engine/editor/assets/default_renderpipeline/builtin-pipeline-types.ts.
23:22:42.549 debug: Resolve file:///D:/cocos_editor/Creator/3.8.8/resources/resources/3d/engine/editor/assets/default_renderpipeline/builtin-pipeline.ts from cce:/internal/x/prerequisite-imports as file:///D:/cocos_editor/Creator/3.8.8/resources/resources/3d/engine/editor/assets/default_renderpipeline/builtin-pipeline.ts.
23:22:42.550 debug: Resolve file:///D:/cocos_editor/Creator/3.8.8/resources/resources/3d/engine/editor/assets/tools/debug-view-runtime-control.ts from cce:/internal/x/prerequisite-imports as file:///D:/cocos_editor/Creator/3.8.8/resources/resources/3d/engine/editor/assets/tools/debug-view-runtime-control.ts.
23:22:42.551 debug: Resolve file:///D:/cocos_zml/zml-cocos2d-games/zml-cocos2d-AirplaneBattle/assets/Scripts/Bg.ts from cce:/internal/x/prerequisite-imports as file:///D:/cocos_zml/zml-cocos2d-games/zml-cocos2d-AirplaneBattle/assets/Scripts/Bg.ts.
23:22:42.552 debug: Resolve file:///D:/cocos_zml/zml-cocos2d-games/zml-cocos2d-AirplaneBattle/assets/Scripts/Bullet.ts from cce:/internal/x/prerequisite-imports as file:///D:/cocos_zml/zml-cocos2d-games/zml-cocos2d-AirplaneBattle/assets/Scripts/Bullet.ts.
23:22:42.553 debug: Resolve file:///D:/cocos_zml/zml-cocos2d-games/zml-cocos2d-AirplaneBattle/assets/Scripts/Enemy.ts from cce:/internal/x/prerequisite-imports as file:///D:/cocos_zml/zml-cocos2d-games/zml-cocos2d-AirplaneBattle/assets/Scripts/Enemy.ts.
23:22:42.554 debug: Resolve file:///D:/cocos_zml/zml-cocos2d-games/zml-cocos2d-AirplaneBattle/assets/Scripts/EnemyManage.ts from cce:/internal/x/prerequisite-imports as file:///D:/cocos_zml/zml-cocos2d-games/zml-cocos2d-AirplaneBattle/assets/Scripts/EnemyManage.ts.
23:22:42.554 debug: Resolve file:///D:/cocos_zml/zml-cocos2d-games/zml-cocos2d-AirplaneBattle/assets/Scripts/EventManager.ts from cce:/internal/x/prerequisite-imports as file:///D:/cocos_zml/zml-cocos2d-games/zml-cocos2d-AirplaneBattle/assets/Scripts/EventManager.ts.
23:22:42.555 debug: Resolve file:///D:/cocos_zml/zml-cocos2d-games/zml-cocos2d-AirplaneBattle/assets/Scripts/GameManage.ts from cce:/internal/x/prerequisite-imports as file:///D:/cocos_zml/zml-cocos2d-games/zml-cocos2d-AirplaneBattle/assets/Scripts/GameManage.ts.
23:22:42.555 debug: Detected change: file:///D:/cocos_zml/zml-cocos2d-games/zml-cocos2d-AirplaneBattle/assets/Scripts/GameManage.ts. Last mtime: Fri Apr 24 2026 23:20:16 GMT+0800 (中国标准时间)@038a737b-618a-4ee3-8b12-71354364df3c, Current mtime: Fri Apr 24 2026 23:22:38 GMT+0800 (中国标准时间)@038a737b-618a-4ee3-8b12-71354364df3c
23:22:42.555 debug: Inspect file:///D:/cocos_zml/zml-cocos2d-games/zml-cocos2d-AirplaneBattle/assets/Scripts/GameManage.ts
23:22:42.596 debug: transform url: 'file:///D:/cocos_zml/zml-cocos2d-games/zml-cocos2d-AirplaneBattle/assets/Scripts/GameManage.ts' costs: 40.80 ms
23:22:42.600 debug: Resolve file:///D:/cocos_zml/zml-cocos2d-games/zml-cocos2d-AirplaneBattle/assets/Scripts/Player.ts from cce:/internal/x/prerequisite-imports as file:///D:/cocos_zml/zml-cocos2d-games/zml-cocos2d-AirplaneBattle/assets/Scripts/Player.ts.
23:22:42.601 debug: Resolve file:///D:/cocos_zml/zml-cocos2d-games/zml-cocos2d-AirplaneBattle/assets/Scripts/StartGame.ts from cce:/internal/x/prerequisite-imports as file:///D:/cocos_zml/zml-cocos2d-games/zml-cocos2d-AirplaneBattle/assets/Scripts/StartGame.ts.
23:22:42.601 debug: Resolve file:///D:/cocos_zml/zml-cocos2d-games/zml-cocos2d-AirplaneBattle/assets/Scripts/Tool.ts from cce:/internal/x/prerequisite-imports as file:///D:/cocos_zml/zml-cocos2d-games/zml-cocos2d-AirplaneBattle/assets/Scripts/Tool.ts.
23:22:42.602 debug: Resolve file:///D:/cocos_zml/zml-cocos2d-games/zml-cocos2d-AirplaneBattle/assets/Scripts/ToolManage.ts from cce:/internal/x/prerequisite-imports as file:///D:/cocos_zml/zml-cocos2d-games/zml-cocos2d-AirplaneBattle/assets/Scripts/ToolManage.ts.
23:22:42.603 debug: Resolve cce:/internal/code-quality/cr.mjs from file:///D:/cocos_zml/zml-cocos2d-games/zml-cocos2d-AirplaneBattle/assets/Scripts/GameManage.ts as cce:/internal/code-quality/cr.mjs.
23:22:42.603 debug: Resolve cc from file:///D:/cocos_zml/zml-cocos2d-games/zml-cocos2d-AirplaneBattle/assets/Scripts/GameManage.ts as cce:/internal/x/cc.
23:22:42.603 debug: Resolve cc from file:///D:/cocos_zml/zml-cocos2d-games/zml-cocos2d-AirplaneBattle/assets/Scripts/GameManage.ts as cce:/internal/x/cc.
23:22:42.603 debug: Resolve cc from file:///D:/cocos_zml/zml-cocos2d-games/zml-cocos2d-AirplaneBattle/assets/Scripts/GameManage.ts as cce:/internal/x/cc.
23:22:42.604 debug: Resolve ./EventManager from file:///D:/cocos_zml/zml-cocos2d-games/zml-cocos2d-AirplaneBattle/assets/Scripts/GameManage.ts as file:///D:/cocos_zml/zml-cocos2d-games/zml-cocos2d-AirplaneBattle/assets/Scripts/EventManager.ts.
23:22:42.624 debug: Target(editor) ends with cost 99.47709999978542ms.
23:22:42.624 debug: Target(preview) build started.
23:22:42.627 debug: Detected change: cce:/internal/x/prerequisite-imports. Last mtime: Thu Jan 01 1970 12:13:05 GMT+0800 (中国标准时间), Current mtime: Thu Jan 01 1970 12:15:30 GMT+0800 (中国标准时间)
23:22:42.627 debug: Inspect cce:/internal/x/prerequisite-imports
23:22:42.647 debug: transform url: 'cce:/internal/x/prerequisite-imports' costs: 19.50 ms
23:22:42.651 debug: Resolve file:///D:/cocos_editor/Creator/3.8.8/resources/resources/3d/engine/editor/assets/default_renderpipeline/builtin-dof-pass.ts from cce:/internal/x/prerequisite-imports as file:///D:/cocos_editor/Creator/3.8.8/resources/resources/3d/engine/editor/assets/default_renderpipeline/builtin-dof-pass.ts.
23:22:42.652 debug: Resolve file:///D:/cocos_editor/Creator/3.8.8/resources/resources/3d/engine/editor/assets/default_renderpipeline/builtin-pipeline-pass.ts from cce:/internal/x/prerequisite-imports as file:///D:/cocos_editor/Creator/3.8.8/resources/resources/3d/engine/editor/assets/default_renderpipeline/builtin-pipeline-pass.ts.
23:22:42.654 debug: Resolve file:///D:/cocos_editor/Creator/3.8.8/resources/resources/3d/engine/editor/assets/default_renderpipeline/builtin-pipeline-settings.ts from cce:/internal/x/prerequisite-imports as file:///D:/cocos_editor/Creator/3.8.8/resources/resources/3d/engine/editor/assets/default_renderpipeline/builtin-pipeline-settings.ts.
23:22:42.655 debug: Resolve file:///D:/cocos_editor/Creator/3.8.8/resources/resources/3d/engine/editor/assets/default_renderpipeline/builtin-pipeline-types.ts from cce:/internal/x/prerequisite-imports as file:///D:/cocos_editor/Creator/3.8.8/resources/resources/3d/engine/editor/assets/default_renderpipeline/builtin-pipeline-types.ts.
23:22:42.656 debug: Resolve file:///D:/cocos_editor/Creator/3.8.8/resources/resources/3d/engine/editor/assets/default_renderpipeline/builtin-pipeline.ts from cce:/internal/x/prerequisite-imports as file:///D:/cocos_editor/Creator/3.8.8/resources/resources/3d/engine/editor/assets/default_renderpipeline/builtin-pipeline.ts.
23:22:42.658 debug: Resolve file:///D:/cocos_editor/Creator/3.8.8/resources/resources/3d/engine/editor/assets/tools/debug-view-runtime-control.ts from cce:/internal/x/prerequisite-imports as file:///D:/cocos_editor/Creator/3.8.8/resources/resources/3d/engine/editor/assets/tools/debug-view-runtime-control.ts.
23:22:42.659 debug: Resolve file:///D:/cocos_zml/zml-cocos2d-games/zml-cocos2d-AirplaneBattle/assets/Scripts/Bg.ts from cce:/internal/x/prerequisite-imports as file:///D:/cocos_zml/zml-cocos2d-games/zml-cocos2d-AirplaneBattle/assets/Scripts/Bg.ts.
23:22:42.660 debug: Resolve file:///D:/cocos_zml/zml-cocos2d-games/zml-cocos2d-AirplaneBattle/assets/Scripts/Bullet.ts from cce:/internal/x/prerequisite-imports as file:///D:/cocos_zml/zml-cocos2d-games/zml-cocos2d-AirplaneBattle/assets/Scripts/Bullet.ts.
23:22:42.661 debug: Resolve file:///D:/cocos_zml/zml-cocos2d-games/zml-cocos2d-AirplaneBattle/assets/Scripts/Enemy.ts from cce:/internal/x/prerequisite-imports as file:///D:/cocos_zml/zml-cocos2d-games/zml-cocos2d-AirplaneBattle/assets/Scripts/Enemy.ts.
23:22:42.661 debug: Resolve file:///D:/cocos_zml/zml-cocos2d-games/zml-cocos2d-AirplaneBattle/assets/Scripts/EnemyManage.ts from cce:/internal/x/prerequisite-imports as file:///D:/cocos_zml/zml-cocos2d-games/zml-cocos2d-AirplaneBattle/assets/Scripts/EnemyManage.ts.
23:22:42.662 debug: Resolve file:///D:/cocos_zml/zml-cocos2d-games/zml-cocos2d-AirplaneBattle/assets/Scripts/EventManager.ts from cce:/internal/x/prerequisite-imports as file:///D:/cocos_zml/zml-cocos2d-games/zml-cocos2d-AirplaneBattle/assets/Scripts/EventManager.ts.
23:22:42.663 debug: Resolve file:///D:/cocos_zml/zml-cocos2d-games/zml-cocos2d-AirplaneBattle/assets/Scripts/GameManage.ts from cce:/internal/x/prerequisite-imports as file:///D:/cocos_zml/zml-cocos2d-games/zml-cocos2d-AirplaneBattle/assets/Scripts/GameManage.ts.
23:22:42.663 debug: Detected change: file:///D:/cocos_zml/zml-cocos2d-games/zml-cocos2d-AirplaneBattle/assets/Scripts/GameManage.ts. Last mtime: Fri Apr 24 2026 23:20:16 GMT+0800 (中国标准时间)@038a737b-618a-4ee3-8b12-71354364df3c, Current mtime: Fri Apr 24 2026 23:22:38 GMT+0800 (中国标准时间)@038a737b-618a-4ee3-8b12-71354364df3c
23:22:42.663 debug: Inspect file:///D:/cocos_zml/zml-cocos2d-games/zml-cocos2d-AirplaneBattle/assets/Scripts/GameManage.ts
23:22:42.717 debug: transform url: 'file:///D:/cocos_zml/zml-cocos2d-games/zml-cocos2d-AirplaneBattle/assets/Scripts/GameManage.ts' costs: 53.30 ms
23:22:42.720 debug: Resolve file:///D:/cocos_zml/zml-cocos2d-games/zml-cocos2d-AirplaneBattle/assets/Scripts/Player.ts from cce:/internal/x/prerequisite-imports as file:///D:/cocos_zml/zml-cocos2d-games/zml-cocos2d-AirplaneBattle/assets/Scripts/Player.ts.
23:22:42.721 debug: Resolve file:///D:/cocos_zml/zml-cocos2d-games/zml-cocos2d-AirplaneBattle/assets/Scripts/StartGame.ts from cce:/internal/x/prerequisite-imports as file:///D:/cocos_zml/zml-cocos2d-games/zml-cocos2d-AirplaneBattle/assets/Scripts/StartGame.ts.
23:22:42.721 debug: Resolve file:///D:/cocos_zml/zml-cocos2d-games/zml-cocos2d-AirplaneBattle/assets/Scripts/Tool.ts from cce:/internal/x/prerequisite-imports as file:///D:/cocos_zml/zml-cocos2d-games/zml-cocos2d-AirplaneBattle/assets/Scripts/Tool.ts.
23:22:42.722 debug: Resolve file:///D:/cocos_zml/zml-cocos2d-games/zml-cocos2d-AirplaneBattle/assets/Scripts/ToolManage.ts from cce:/internal/x/prerequisite-imports as file:///D:/cocos_zml/zml-cocos2d-games/zml-cocos2d-AirplaneBattle/assets/Scripts/ToolManage.ts.
23:22:42.723 debug: Resolve cce:/internal/code-quality/cr.mjs from file:///D:/cocos_zml/zml-cocos2d-games/zml-cocos2d-AirplaneBattle/assets/Scripts/GameManage.ts as cce:/internal/code-quality/cr.mjs.
23:22:42.723 debug: Resolve cc from file:///D:/cocos_zml/zml-cocos2d-games/zml-cocos2d-AirplaneBattle/assets/Scripts/GameManage.ts as cce:/internal/x/cc.
23:22:42.723 debug: Resolve cc from file:///D:/cocos_zml/zml-cocos2d-games/zml-cocos2d-AirplaneBattle/assets/Scripts/GameManage.ts as cce:/internal/x/cc.
23:22:42.723 debug: Resolve cc from file:///D:/cocos_zml/zml-cocos2d-games/zml-cocos2d-AirplaneBattle/assets/Scripts/GameManage.ts as cce:/internal/x/cc.
23:22:42.724 debug: Resolve ./EventManager from file:///D:/cocos_zml/zml-cocos2d-games/zml-cocos2d-AirplaneBattle/assets/Scripts/GameManage.ts as file:///D:/cocos_zml/zml-cocos2d-games/zml-cocos2d-AirplaneBattle/assets/Scripts/EventManager.ts.
23:22:42.747 debug: Target(preview) ends with cost 122.37759999930859ms.
23:26:31.467 debug: Dispatch build request for time accumulated 2 asset changes.
23:26:31.471 debug: Build iteration starts.
Number of accumulated asset changes: 2
Feature changed: false
23:26:31.471 debug: Target(editor) build started.
23:26:31.475 debug: Detected change: cce:/internal/x/prerequisite-imports. Last mtime: Thu Jan 01 1970 12:15:30 GMT+0800 (中国标准时间), Current mtime: Thu Jan 01 1970 12:19:19 GMT+0800 (中国标准时间)
23:26:31.475 debug: Inspect cce:/internal/x/prerequisite-imports
23:26:31.497 debug: transform url: 'cce:/internal/x/prerequisite-imports' costs: 21.90 ms
23:26:31.501 debug: Resolve file:///D:/cocos_editor/Creator/3.8.8/resources/resources/3d/engine/editor/assets/default_renderpipeline/builtin-dof-pass.ts from cce:/internal/x/prerequisite-imports as file:///D:/cocos_editor/Creator/3.8.8/resources/resources/3d/engine/editor/assets/default_renderpipeline/builtin-dof-pass.ts.
23:26:31.503 debug: Resolve file:///D:/cocos_editor/Creator/3.8.8/resources/resources/3d/engine/editor/assets/default_renderpipeline/builtin-pipeline-pass.ts from cce:/internal/x/prerequisite-imports as file:///D:/cocos_editor/Creator/3.8.8/resources/resources/3d/engine/editor/assets/default_renderpipeline/builtin-pipeline-pass.ts.
23:26:31.504 debug: Resolve file:///D:/cocos_editor/Creator/3.8.8/resources/resources/3d/engine/editor/assets/default_renderpipeline/builtin-pipeline-settings.ts from cce:/internal/x/prerequisite-imports as file:///D:/cocos_editor/Creator/3.8.8/resources/resources/3d/engine/editor/assets/default_renderpipeline/builtin-pipeline-settings.ts.
23:26:31.505 debug: Resolve file:///D:/cocos_editor/Creator/3.8.8/resources/resources/3d/engine/editor/assets/default_renderpipeline/builtin-pipeline-types.ts from cce:/internal/x/prerequisite-imports as file:///D:/cocos_editor/Creator/3.8.8/resources/resources/3d/engine/editor/assets/default_renderpipeline/builtin-pipeline-types.ts.
23:26:31.507 debug: Resolve file:///D:/cocos_editor/Creator/3.8.8/resources/resources/3d/engine/editor/assets/default_renderpipeline/builtin-pipeline.ts from cce:/internal/x/prerequisite-imports as file:///D:/cocos_editor/Creator/3.8.8/resources/resources/3d/engine/editor/assets/default_renderpipeline/builtin-pipeline.ts.
23:26:31.508 debug: Resolve file:///D:/cocos_editor/Creator/3.8.8/resources/resources/3d/engine/editor/assets/tools/debug-view-runtime-control.ts from cce:/internal/x/prerequisite-imports as file:///D:/cocos_editor/Creator/3.8.8/resources/resources/3d/engine/editor/assets/tools/debug-view-runtime-control.ts.
23:26:31.508 debug: Resolve file:///D:/cocos_zml/zml-cocos2d-games/zml-cocos2d-AirplaneBattle/assets/Scripts/Bg.ts from cce:/internal/x/prerequisite-imports as file:///D:/cocos_zml/zml-cocos2d-games/zml-cocos2d-AirplaneBattle/assets/Scripts/Bg.ts.
23:26:31.509 debug: Resolve file:///D:/cocos_zml/zml-cocos2d-games/zml-cocos2d-AirplaneBattle/assets/Scripts/Bullet.ts from cce:/internal/x/prerequisite-imports as file:///D:/cocos_zml/zml-cocos2d-games/zml-cocos2d-AirplaneBattle/assets/Scripts/Bullet.ts.
23:26:31.510 debug: Resolve file:///D:/cocos_zml/zml-cocos2d-games/zml-cocos2d-AirplaneBattle/assets/Scripts/Enemy.ts from cce:/internal/x/prerequisite-imports as file:///D:/cocos_zml/zml-cocos2d-games/zml-cocos2d-AirplaneBattle/assets/Scripts/Enemy.ts.
23:26:31.510 debug: Resolve file:///D:/cocos_zml/zml-cocos2d-games/zml-cocos2d-AirplaneBattle/assets/Scripts/EnemyManage.ts from cce:/internal/x/prerequisite-imports as file:///D:/cocos_zml/zml-cocos2d-games/zml-cocos2d-AirplaneBattle/assets/Scripts/EnemyManage.ts.
23:26:31.511 debug: Resolve file:///D:/cocos_zml/zml-cocos2d-games/zml-cocos2d-AirplaneBattle/assets/Scripts/EventManager.ts from cce:/internal/x/prerequisite-imports as file:///D:/cocos_zml/zml-cocos2d-games/zml-cocos2d-AirplaneBattle/assets/Scripts/EventManager.ts.
23:26:31.511 debug: Resolve file:///D:/cocos_zml/zml-cocos2d-games/zml-cocos2d-AirplaneBattle/assets/Scripts/GameManage.ts from cce:/internal/x/prerequisite-imports as file:///D:/cocos_zml/zml-cocos2d-games/zml-cocos2d-AirplaneBattle/assets/Scripts/GameManage.ts.
23:26:31.512 debug: Detected change: file:///D:/cocos_zml/zml-cocos2d-games/zml-cocos2d-AirplaneBattle/assets/Scripts/GameManage.ts. Last mtime: Fri Apr 24 2026 23:22:38 GMT+0800 (中国标准时间)@038a737b-618a-4ee3-8b12-71354364df3c, Current mtime: Fri Apr 24 2026 23:25:23 GMT+0800 (中国标准时间)@038a737b-618a-4ee3-8b12-71354364df3c
23:26:31.512 debug: Inspect file:///D:/cocos_zml/zml-cocos2d-games/zml-cocos2d-AirplaneBattle/assets/Scripts/GameManage.ts
23:26:31.553 debug: transform url: 'file:///D:/cocos_zml/zml-cocos2d-games/zml-cocos2d-AirplaneBattle/assets/Scripts/GameManage.ts' costs: 41.10 ms
23:26:31.556 debug: Resolve file:///D:/cocos_zml/zml-cocos2d-games/zml-cocos2d-AirplaneBattle/assets/Scripts/Player.ts from cce:/internal/x/prerequisite-imports as file:///D:/cocos_zml/zml-cocos2d-games/zml-cocos2d-AirplaneBattle/assets/Scripts/Player.ts.
23:26:31.557 debug: Detected change: file:///D:/cocos_zml/zml-cocos2d-games/zml-cocos2d-AirplaneBattle/assets/Scripts/Player.ts. Last mtime: Fri Apr 24 2026 23:17:54 GMT+0800 (中国标准时间)@25c4e26c-e0ac-4687-863e-168efe47eb38, Current mtime: Fri Apr 24 2026 23:26:29 GMT+0800 (中国标准时间)@25c4e26c-e0ac-4687-863e-168efe47eb38
23:26:31.557 debug: Inspect file:///D:/cocos_zml/zml-cocos2d-games/zml-cocos2d-AirplaneBattle/assets/Scripts/Player.ts
23:26:31.696 debug: transform url: 'file:///D:/cocos_zml/zml-cocos2d-games/zml-cocos2d-AirplaneBattle/assets/Scripts/Player.ts' costs: 139.80 ms
23:26:31.701 debug: Resolve file:///D:/cocos_zml/zml-cocos2d-games/zml-cocos2d-AirplaneBattle/assets/Scripts/StartGame.ts from cce:/internal/x/prerequisite-imports as file:///D:/cocos_zml/zml-cocos2d-games/zml-cocos2d-AirplaneBattle/assets/Scripts/StartGame.ts.
23:26:31.702 debug: Resolve file:///D:/cocos_zml/zml-cocos2d-games/zml-cocos2d-AirplaneBattle/assets/Scripts/Tool.ts from cce:/internal/x/prerequisite-imports as file:///D:/cocos_zml/zml-cocos2d-games/zml-cocos2d-AirplaneBattle/assets/Scripts/Tool.ts.
23:26:31.704 debug: Resolve file:///D:/cocos_zml/zml-cocos2d-games/zml-cocos2d-AirplaneBattle/assets/Scripts/ToolManage.ts from cce:/internal/x/prerequisite-imports as file:///D:/cocos_zml/zml-cocos2d-games/zml-cocos2d-AirplaneBattle/assets/Scripts/ToolManage.ts.
23:26:31.704 debug: Resolve cce:/internal/code-quality/cr.mjs from file:///D:/cocos_zml/zml-cocos2d-games/zml-cocos2d-AirplaneBattle/assets/Scripts/GameManage.ts as cce:/internal/code-quality/cr.mjs.
23:26:31.705 debug: Resolve cc from file:///D:/cocos_zml/zml-cocos2d-games/zml-cocos2d-AirplaneBattle/assets/Scripts/GameManage.ts as cce:/internal/x/cc.
23:26:31.705 debug: Resolve cc from file:///D:/cocos_zml/zml-cocos2d-games/zml-cocos2d-AirplaneBattle/assets/Scripts/GameManage.ts as cce:/internal/x/cc.
23:26:31.705 debug: Resolve cc from file:///D:/cocos_zml/zml-cocos2d-games/zml-cocos2d-AirplaneBattle/assets/Scripts/GameManage.ts as cce:/internal/x/cc.
23:26:31.706 debug: Resolve ./EventManager from file:///D:/cocos_zml/zml-cocos2d-games/zml-cocos2d-AirplaneBattle/assets/Scripts/GameManage.ts as file:///D:/cocos_zml/zml-cocos2d-games/zml-cocos2d-AirplaneBattle/assets/Scripts/EventManager.ts.
23:26:31.706 debug: Resolve cce:/internal/code-quality/cr.mjs from file:///D:/cocos_zml/zml-cocos2d-games/zml-cocos2d-AirplaneBattle/assets/Scripts/Player.ts as cce:/internal/code-quality/cr.mjs.
23:26:31.706 debug: Resolve cc from file:///D:/cocos_zml/zml-cocos2d-games/zml-cocos2d-AirplaneBattle/assets/Scripts/Player.ts as cce:/internal/x/cc.
23:26:31.706 debug: Resolve cc from file:///D:/cocos_zml/zml-cocos2d-games/zml-cocos2d-AirplaneBattle/assets/Scripts/Player.ts as cce:/internal/x/cc.
23:26:31.706 debug: Resolve cc from file:///D:/cocos_zml/zml-cocos2d-games/zml-cocos2d-AirplaneBattle/assets/Scripts/Player.ts as cce:/internal/x/cc.
23:26:31.707 debug: Resolve ./EventManager from file:///D:/cocos_zml/zml-cocos2d-games/zml-cocos2d-AirplaneBattle/assets/Scripts/Player.ts as file:///D:/cocos_zml/zml-cocos2d-games/zml-cocos2d-AirplaneBattle/assets/Scripts/EventManager.ts.
23:26:31.708 debug: Resolve ./Tool from file:///D:/cocos_zml/zml-cocos2d-games/zml-cocos2d-AirplaneBattle/assets/Scripts/Player.ts as file:///D:/cocos_zml/zml-cocos2d-games/zml-cocos2d-AirplaneBattle/assets/Scripts/Tool.ts.
23:26:31.766 debug: Target(editor) ends with cost 294.64690000005066ms.
23:26:31.766 debug: Target(preview) build started.
23:26:31.771 debug: Detected change: cce:/internal/x/prerequisite-imports. Last mtime: Thu Jan 01 1970 12:15:30 GMT+0800 (中国标准时间), Current mtime: Thu Jan 01 1970 12:19:19 GMT+0800 (中国标准时间)
23:26:31.771 debug: Inspect cce:/internal/x/prerequisite-imports
23:26:31.809 debug: transform url: 'cce:/internal/x/prerequisite-imports' costs: 37.90 ms
23:26:31.816 debug: Resolve file:///D:/cocos_editor/Creator/3.8.8/resources/resources/3d/engine/editor/assets/default_renderpipeline/builtin-dof-pass.ts from cce:/internal/x/prerequisite-imports as file:///D:/cocos_editor/Creator/3.8.8/resources/resources/3d/engine/editor/assets/default_renderpipeline/builtin-dof-pass.ts.
23:26:31.817 debug: Resolve file:///D:/cocos_editor/Creator/3.8.8/resources/resources/3d/engine/editor/assets/default_renderpipeline/builtin-pipeline-pass.ts from cce:/internal/x/prerequisite-imports as file:///D:/cocos_editor/Creator/3.8.8/resources/resources/3d/engine/editor/assets/default_renderpipeline/builtin-pipeline-pass.ts.
23:26:31.819 debug: Resolve file:///D:/cocos_editor/Creator/3.8.8/resources/resources/3d/engine/editor/assets/default_renderpipeline/builtin-pipeline-settings.ts from cce:/internal/x/prerequisite-imports as file:///D:/cocos_editor/Creator/3.8.8/resources/resources/3d/engine/editor/assets/default_renderpipeline/builtin-pipeline-settings.ts.
23:26:31.821 debug: Resolve file:///D:/cocos_editor/Creator/3.8.8/resources/resources/3d/engine/editor/assets/default_renderpipeline/builtin-pipeline-types.ts from cce:/internal/x/prerequisite-imports as file:///D:/cocos_editor/Creator/3.8.8/resources/resources/3d/engine/editor/assets/default_renderpipeline/builtin-pipeline-types.ts.
23:26:31.822 debug: Resolve file:///D:/cocos_editor/Creator/3.8.8/resources/resources/3d/engine/editor/assets/default_renderpipeline/builtin-pipeline.ts from cce:/internal/x/prerequisite-imports as file:///D:/cocos_editor/Creator/3.8.8/resources/resources/3d/engine/editor/assets/default_renderpipeline/builtin-pipeline.ts.
23:26:31.824 debug: Resolve file:///D:/cocos_editor/Creator/3.8.8/resources/resources/3d/engine/editor/assets/tools/debug-view-runtime-control.ts from cce:/internal/x/prerequisite-imports as file:///D:/cocos_editor/Creator/3.8.8/resources/resources/3d/engine/editor/assets/tools/debug-view-runtime-control.ts.
23:26:31.825 debug: Resolve file:///D:/cocos_zml/zml-cocos2d-games/zml-cocos2d-AirplaneBattle/assets/Scripts/Bg.ts from cce:/internal/x/prerequisite-imports as file:///D:/cocos_zml/zml-cocos2d-games/zml-cocos2d-AirplaneBattle/assets/Scripts/Bg.ts.
23:26:31.827 debug: Resolve file:///D:/cocos_zml/zml-cocos2d-games/zml-cocos2d-AirplaneBattle/assets/Scripts/Bullet.ts from cce:/internal/x/prerequisite-imports as file:///D:/cocos_zml/zml-cocos2d-games/zml-cocos2d-AirplaneBattle/assets/Scripts/Bullet.ts.
23:26:31.828 debug: Resolve file:///D:/cocos_zml/zml-cocos2d-games/zml-cocos2d-AirplaneBattle/assets/Scripts/Enemy.ts from cce:/internal/x/prerequisite-imports as file:///D:/cocos_zml/zml-cocos2d-games/zml-cocos2d-AirplaneBattle/assets/Scripts/Enemy.ts.
23:26:31.830 debug: Resolve file:///D:/cocos_zml/zml-cocos2d-games/zml-cocos2d-AirplaneBattle/assets/Scripts/EnemyManage.ts from cce:/internal/x/prerequisite-imports as file:///D:/cocos_zml/zml-cocos2d-games/zml-cocos2d-AirplaneBattle/assets/Scripts/EnemyManage.ts.
23:26:31.831 debug: Resolve file:///D:/cocos_zml/zml-cocos2d-games/zml-cocos2d-AirplaneBattle/assets/Scripts/EventManager.ts from cce:/internal/x/prerequisite-imports as file:///D:/cocos_zml/zml-cocos2d-games/zml-cocos2d-AirplaneBattle/assets/Scripts/EventManager.ts.
23:26:31.832 debug: Resolve file:///D:/cocos_zml/zml-cocos2d-games/zml-cocos2d-AirplaneBattle/assets/Scripts/GameManage.ts from cce:/internal/x/prerequisite-imports as file:///D:/cocos_zml/zml-cocos2d-games/zml-cocos2d-AirplaneBattle/assets/Scripts/GameManage.ts.
23:26:31.832 debug: Detected change: file:///D:/cocos_zml/zml-cocos2d-games/zml-cocos2d-AirplaneBattle/assets/Scripts/GameManage.ts. Last mtime: Fri Apr 24 2026 23:22:38 GMT+0800 (中国标准时间)@038a737b-618a-4ee3-8b12-71354364df3c, Current mtime: Fri Apr 24 2026 23:25:23 GMT+0800 (中国标准时间)@038a737b-618a-4ee3-8b12-71354364df3c
23:26:31.832 debug: Inspect file:///D:/cocos_zml/zml-cocos2d-games/zml-cocos2d-AirplaneBattle/assets/Scripts/GameManage.ts
23:26:31.917 debug: transform url: 'file:///D:/cocos_zml/zml-cocos2d-games/zml-cocos2d-AirplaneBattle/assets/Scripts/GameManage.ts' costs: 85.20 ms
23:26:31.922 debug: Resolve file:///D:/cocos_zml/zml-cocos2d-games/zml-cocos2d-AirplaneBattle/assets/Scripts/Player.ts from cce:/internal/x/prerequisite-imports as file:///D:/cocos_zml/zml-cocos2d-games/zml-cocos2d-AirplaneBattle/assets/Scripts/Player.ts.
23:26:31.922 debug: Detected change: file:///D:/cocos_zml/zml-cocos2d-games/zml-cocos2d-AirplaneBattle/assets/Scripts/Player.ts. Last mtime: Fri Apr 24 2026 23:17:54 GMT+0800 (中国标准时间)@25c4e26c-e0ac-4687-863e-168efe47eb38, Current mtime: Fri Apr 24 2026 23:26:29 GMT+0800 (中国标准时间)@25c4e26c-e0ac-4687-863e-168efe47eb38
23:26:31.922 debug: Inspect file:///D:/cocos_zml/zml-cocos2d-games/zml-cocos2d-AirplaneBattle/assets/Scripts/Player.ts
23:26:32.146 debug: transform url: 'file:///D:/cocos_zml/zml-cocos2d-games/zml-cocos2d-AirplaneBattle/assets/Scripts/Player.ts' costs: 223.90 ms
23:26:32.151 debug: Resolve file:///D:/cocos_zml/zml-cocos2d-games/zml-cocos2d-AirplaneBattle/assets/Scripts/StartGame.ts from cce:/internal/x/prerequisite-imports as file:///D:/cocos_zml/zml-cocos2d-games/zml-cocos2d-AirplaneBattle/assets/Scripts/StartGame.ts.
23:26:32.152 debug: Resolve file:///D:/cocos_zml/zml-cocos2d-games/zml-cocos2d-AirplaneBattle/assets/Scripts/Tool.ts from cce:/internal/x/prerequisite-imports as file:///D:/cocos_zml/zml-cocos2d-games/zml-cocos2d-AirplaneBattle/assets/Scripts/Tool.ts.
23:26:32.153 debug: Resolve file:///D:/cocos_zml/zml-cocos2d-games/zml-cocos2d-AirplaneBattle/assets/Scripts/ToolManage.ts from cce:/internal/x/prerequisite-imports as file:///D:/cocos_zml/zml-cocos2d-games/zml-cocos2d-AirplaneBattle/assets/Scripts/ToolManage.ts.
23:26:32.155 debug: Resolve cce:/internal/code-quality/cr.mjs from file:///D:/cocos_zml/zml-cocos2d-games/zml-cocos2d-AirplaneBattle/assets/Scripts/GameManage.ts as cce:/internal/code-quality/cr.mjs.
23:26:32.155 debug: Resolve cc from file:///D:/cocos_zml/zml-cocos2d-games/zml-cocos2d-AirplaneBattle/assets/Scripts/GameManage.ts as cce:/internal/x/cc.
23:26:32.156 debug: Resolve cc from file:///D:/cocos_zml/zml-cocos2d-games/zml-cocos2d-AirplaneBattle/assets/Scripts/GameManage.ts as cce:/internal/x/cc.
23:26:32.156 debug: Resolve cc from file:///D:/cocos_zml/zml-cocos2d-games/zml-cocos2d-AirplaneBattle/assets/Scripts/GameManage.ts as cce:/internal/x/cc.
23:26:32.158 debug: Resolve ./EventManager from file:///D:/cocos_zml/zml-cocos2d-games/zml-cocos2d-AirplaneBattle/assets/Scripts/GameManage.ts as file:///D:/cocos_zml/zml-cocos2d-games/zml-cocos2d-AirplaneBattle/assets/Scripts/EventManager.ts.
23:26:32.158 debug: Resolve cce:/internal/code-quality/cr.mjs from file:///D:/cocos_zml/zml-cocos2d-games/zml-cocos2d-AirplaneBattle/assets/Scripts/Player.ts as cce:/internal/code-quality/cr.mjs.
23:26:32.158 debug: Resolve cc from file:///D:/cocos_zml/zml-cocos2d-games/zml-cocos2d-AirplaneBattle/assets/Scripts/Player.ts as cce:/internal/x/cc.
23:26:32.159 debug: Resolve cc from file:///D:/cocos_zml/zml-cocos2d-games/zml-cocos2d-AirplaneBattle/assets/Scripts/Player.ts as cce:/internal/x/cc.
23:26:32.159 debug: Resolve cc from file:///D:/cocos_zml/zml-cocos2d-games/zml-cocos2d-AirplaneBattle/assets/Scripts/Player.ts as cce:/internal/x/cc.
23:26:32.160 debug: Resolve ./EventManager from file:///D:/cocos_zml/zml-cocos2d-games/zml-cocos2d-AirplaneBattle/assets/Scripts/Player.ts as file:///D:/cocos_zml/zml-cocos2d-games/zml-cocos2d-AirplaneBattle/assets/Scripts/EventManager.ts.
23:26:32.162 debug: Resolve ./Tool from file:///D:/cocos_zml/zml-cocos2d-games/zml-cocos2d-AirplaneBattle/assets/Scripts/Player.ts as file:///D:/cocos_zml/zml-cocos2d-games/zml-cocos2d-AirplaneBattle/assets/Scripts/Tool.ts.
23:26:32.188 debug: Target(preview) ends with cost 422.0849999990314ms.
00:53:31.618 debug: Dispatch build request for time accumulated 1 asset changes.
00:53:31.620 debug: Build iteration starts.
Number of accumulated asset changes: 1
Feature changed: false
00:53:31.621 debug: Target(editor) build started.
00:53:31.625 debug: Detected change: cce:/internal/x/prerequisite-imports. Last mtime: Thu Jan 01 1970 12:19:19 GMT+0800 (中国标准时间), Current mtime: Thu Jan 01 1970 13:46:19 GMT+0800 (中国标准时间)
00:53:31.625 debug: Inspect cce:/internal/x/prerequisite-imports
00:53:31.640 debug: transform url: 'cce:/internal/x/prerequisite-imports' costs: 14.90 ms
00:53:31.642 debug: Resolve file:///D:/cocos_editor/Creator/3.8.8/resources/resources/3d/engine/editor/assets/default_renderpipeline/builtin-dof-pass.ts from cce:/internal/x/prerequisite-imports as file:///D:/cocos_editor/Creator/3.8.8/resources/resources/3d/engine/editor/assets/default_renderpipeline/builtin-dof-pass.ts.
00:53:31.643 debug: Resolve file:///D:/cocos_editor/Creator/3.8.8/resources/resources/3d/engine/editor/assets/default_renderpipeline/builtin-pipeline-pass.ts from cce:/internal/x/prerequisite-imports as file:///D:/cocos_editor/Creator/3.8.8/resources/resources/3d/engine/editor/assets/default_renderpipeline/builtin-pipeline-pass.ts.
00:53:31.644 debug: Resolve file:///D:/cocos_editor/Creator/3.8.8/resources/resources/3d/engine/editor/assets/default_renderpipeline/builtin-pipeline-settings.ts from cce:/internal/x/prerequisite-imports as file:///D:/cocos_editor/Creator/3.8.8/resources/resources/3d/engine/editor/assets/default_renderpipeline/builtin-pipeline-settings.ts.
00:53:31.645 debug: Resolve file:///D:/cocos_editor/Creator/3.8.8/resources/resources/3d/engine/editor/assets/default_renderpipeline/builtin-pipeline-types.ts from cce:/internal/x/prerequisite-imports as file:///D:/cocos_editor/Creator/3.8.8/resources/resources/3d/engine/editor/assets/default_renderpipeline/builtin-pipeline-types.ts.
00:53:31.646 debug: Resolve file:///D:/cocos_editor/Creator/3.8.8/resources/resources/3d/engine/editor/assets/default_renderpipeline/builtin-pipeline.ts from cce:/internal/x/prerequisite-imports as file:///D:/cocos_editor/Creator/3.8.8/resources/resources/3d/engine/editor/assets/default_renderpipeline/builtin-pipeline.ts.
00:53:31.646 debug: Resolve file:///D:/cocos_editor/Creator/3.8.8/resources/resources/3d/engine/editor/assets/tools/debug-view-runtime-control.ts from cce:/internal/x/prerequisite-imports as file:///D:/cocos_editor/Creator/3.8.8/resources/resources/3d/engine/editor/assets/tools/debug-view-runtime-control.ts.
00:53:31.647 debug: Resolve file:///D:/cocos_zml/zml-cocos2d-games/zml-cocos2d-AirplaneBattle/assets/Scripts/Bg.ts from cce:/internal/x/prerequisite-imports as file:///D:/cocos_zml/zml-cocos2d-games/zml-cocos2d-AirplaneBattle/assets/Scripts/Bg.ts.
00:53:31.648 debug: Resolve file:///D:/cocos_zml/zml-cocos2d-games/zml-cocos2d-AirplaneBattle/assets/Scripts/Bullet.ts from cce:/internal/x/prerequisite-imports as file:///D:/cocos_zml/zml-cocos2d-games/zml-cocos2d-AirplaneBattle/assets/Scripts/Bullet.ts.
00:53:31.648 debug: Resolve file:///D:/cocos_zml/zml-cocos2d-games/zml-cocos2d-AirplaneBattle/assets/Scripts/Enemy.ts from cce:/internal/x/prerequisite-imports as file:///D:/cocos_zml/zml-cocos2d-games/zml-cocos2d-AirplaneBattle/assets/Scripts/Enemy.ts.
00:53:31.649 debug: Resolve file:///D:/cocos_zml/zml-cocos2d-games/zml-cocos2d-AirplaneBattle/assets/Scripts/EnemyManage.ts from cce:/internal/x/prerequisite-imports as file:///D:/cocos_zml/zml-cocos2d-games/zml-cocos2d-AirplaneBattle/assets/Scripts/EnemyManage.ts.
00:53:31.650 debug: Resolve file:///D:/cocos_zml/zml-cocos2d-games/zml-cocos2d-AirplaneBattle/assets/Scripts/EventManager.ts from cce:/internal/x/prerequisite-imports as file:///D:/cocos_zml/zml-cocos2d-games/zml-cocos2d-AirplaneBattle/assets/Scripts/EventManager.ts.
00:53:31.650 debug: Resolve file:///D:/cocos_zml/zml-cocos2d-games/zml-cocos2d-AirplaneBattle/assets/Scripts/GameManage.ts from cce:/internal/x/prerequisite-imports as file:///D:/cocos_zml/zml-cocos2d-games/zml-cocos2d-AirplaneBattle/assets/Scripts/GameManage.ts.
00:53:31.650 debug: Detected change: file:///D:/cocos_zml/zml-cocos2d-games/zml-cocos2d-AirplaneBattle/assets/Scripts/GameManage.ts. Last mtime: Fri Apr 24 2026 23:25:23 GMT+0800 (中国标准时间)@038a737b-618a-4ee3-8b12-71354364df3c, Current mtime: Sat Apr 25 2026 00:53:30 GMT+0800 (中国标准时间)@038a737b-618a-4ee3-8b12-71354364df3c
00:53:31.650 debug: Inspect file:///D:/cocos_zml/zml-cocos2d-games/zml-cocos2d-AirplaneBattle/assets/Scripts/GameManage.ts
00:53:31.679 debug: transform url: 'file:///D:/cocos_zml/zml-cocos2d-games/zml-cocos2d-AirplaneBattle/assets/Scripts/GameManage.ts' costs: 28.90 ms
00:53:31.681 debug: Resolve file:///D:/cocos_zml/zml-cocos2d-games/zml-cocos2d-AirplaneBattle/assets/Scripts/Player.ts from cce:/internal/x/prerequisite-imports as file:///D:/cocos_zml/zml-cocos2d-games/zml-cocos2d-AirplaneBattle/assets/Scripts/Player.ts.
00:53:31.682 debug: Resolve file:///D:/cocos_zml/zml-cocos2d-games/zml-cocos2d-AirplaneBattle/assets/Scripts/StartGame.ts from cce:/internal/x/prerequisite-imports as file:///D:/cocos_zml/zml-cocos2d-games/zml-cocos2d-AirplaneBattle/assets/Scripts/StartGame.ts.
00:53:31.683 debug: Resolve file:///D:/cocos_zml/zml-cocos2d-games/zml-cocos2d-AirplaneBattle/assets/Scripts/Tool.ts from cce:/internal/x/prerequisite-imports as file:///D:/cocos_zml/zml-cocos2d-games/zml-cocos2d-AirplaneBattle/assets/Scripts/Tool.ts.
00:53:31.683 debug: Resolve file:///D:/cocos_zml/zml-cocos2d-games/zml-cocos2d-AirplaneBattle/assets/Scripts/ToolManage.ts from cce:/internal/x/prerequisite-imports as file:///D:/cocos_zml/zml-cocos2d-games/zml-cocos2d-AirplaneBattle/assets/Scripts/ToolManage.ts.
00:53:31.683 debug: Resolve cce:/internal/code-quality/cr.mjs from file:///D:/cocos_zml/zml-cocos2d-games/zml-cocos2d-AirplaneBattle/assets/Scripts/GameManage.ts as cce:/internal/code-quality/cr.mjs.
00:53:31.683 debug: Resolve cc from file:///D:/cocos_zml/zml-cocos2d-games/zml-cocos2d-AirplaneBattle/assets/Scripts/GameManage.ts as cce:/internal/x/cc.
00:53:31.684 debug: Resolve cc from file:///D:/cocos_zml/zml-cocos2d-games/zml-cocos2d-AirplaneBattle/assets/Scripts/GameManage.ts as cce:/internal/x/cc.
00:53:31.684 debug: Resolve cc from file:///D:/cocos_zml/zml-cocos2d-games/zml-cocos2d-AirplaneBattle/assets/Scripts/GameManage.ts as cce:/internal/x/cc.
00:53:31.684 debug: Resolve ./EventManager from file:///D:/cocos_zml/zml-cocos2d-games/zml-cocos2d-AirplaneBattle/assets/Scripts/GameManage.ts as file:///D:/cocos_zml/zml-cocos2d-games/zml-cocos2d-AirplaneBattle/assets/Scripts/EventManager.ts.
00:53:31.699 debug: Target(editor) ends with cost 78.13480000197887ms.
00:53:31.699 debug: Target(preview) build started.
00:53:31.702 debug: Detected change: cce:/internal/x/prerequisite-imports. Last mtime: Thu Jan 01 1970 12:19:19 GMT+0800 (中国标准时间), Current mtime: Thu Jan 01 1970 13:46:19 GMT+0800 (中国标准时间)
00:53:31.702 debug: Inspect cce:/internal/x/prerequisite-imports
00:53:31.720 debug: transform url: 'cce:/internal/x/prerequisite-imports' costs: 17.20 ms
00:53:31.723 debug: Resolve file:///D:/cocos_editor/Creator/3.8.8/resources/resources/3d/engine/editor/assets/default_renderpipeline/builtin-dof-pass.ts from cce:/internal/x/prerequisite-imports as file:///D:/cocos_editor/Creator/3.8.8/resources/resources/3d/engine/editor/assets/default_renderpipeline/builtin-dof-pass.ts.
00:53:31.724 debug: Resolve file:///D:/cocos_editor/Creator/3.8.8/resources/resources/3d/engine/editor/assets/default_renderpipeline/builtin-pipeline-pass.ts from cce:/internal/x/prerequisite-imports as file:///D:/cocos_editor/Creator/3.8.8/resources/resources/3d/engine/editor/assets/default_renderpipeline/builtin-pipeline-pass.ts.
00:53:31.725 debug: Resolve file:///D:/cocos_editor/Creator/3.8.8/resources/resources/3d/engine/editor/assets/default_renderpipeline/builtin-pipeline-settings.ts from cce:/internal/x/prerequisite-imports as file:///D:/cocos_editor/Creator/3.8.8/resources/resources/3d/engine/editor/assets/default_renderpipeline/builtin-pipeline-settings.ts.
00:53:31.725 debug: Resolve file:///D:/cocos_editor/Creator/3.8.8/resources/resources/3d/engine/editor/assets/default_renderpipeline/builtin-pipeline-types.ts from cce:/internal/x/prerequisite-imports as file:///D:/cocos_editor/Creator/3.8.8/resources/resources/3d/engine/editor/assets/default_renderpipeline/builtin-pipeline-types.ts.
00:53:31.726 debug: Resolve file:///D:/cocos_editor/Creator/3.8.8/resources/resources/3d/engine/editor/assets/default_renderpipeline/builtin-pipeline.ts from cce:/internal/x/prerequisite-imports as file:///D:/cocos_editor/Creator/3.8.8/resources/resources/3d/engine/editor/assets/default_renderpipeline/builtin-pipeline.ts.
00:53:31.727 debug: Resolve file:///D:/cocos_editor/Creator/3.8.8/resources/resources/3d/engine/editor/assets/tools/debug-view-runtime-control.ts from cce:/internal/x/prerequisite-imports as file:///D:/cocos_editor/Creator/3.8.8/resources/resources/3d/engine/editor/assets/tools/debug-view-runtime-control.ts.
00:53:31.728 debug: Resolve file:///D:/cocos_zml/zml-cocos2d-games/zml-cocos2d-AirplaneBattle/assets/Scripts/Bg.ts from cce:/internal/x/prerequisite-imports as file:///D:/cocos_zml/zml-cocos2d-games/zml-cocos2d-AirplaneBattle/assets/Scripts/Bg.ts.
00:53:31.728 debug: Resolve file:///D:/cocos_zml/zml-cocos2d-games/zml-cocos2d-AirplaneBattle/assets/Scripts/Bullet.ts from cce:/internal/x/prerequisite-imports as file:///D:/cocos_zml/zml-cocos2d-games/zml-cocos2d-AirplaneBattle/assets/Scripts/Bullet.ts.
00:53:31.729 debug: Resolve file:///D:/cocos_zml/zml-cocos2d-games/zml-cocos2d-AirplaneBattle/assets/Scripts/Enemy.ts from cce:/internal/x/prerequisite-imports as file:///D:/cocos_zml/zml-cocos2d-games/zml-cocos2d-AirplaneBattle/assets/Scripts/Enemy.ts.
00:53:31.730 debug: Resolve file:///D:/cocos_zml/zml-cocos2d-games/zml-cocos2d-AirplaneBattle/assets/Scripts/EnemyManage.ts from cce:/internal/x/prerequisite-imports as file:///D:/cocos_zml/zml-cocos2d-games/zml-cocos2d-AirplaneBattle/assets/Scripts/EnemyManage.ts.
00:53:31.731 debug: Resolve file:///D:/cocos_zml/zml-cocos2d-games/zml-cocos2d-AirplaneBattle/assets/Scripts/EventManager.ts from cce:/internal/x/prerequisite-imports as file:///D:/cocos_zml/zml-cocos2d-games/zml-cocos2d-AirplaneBattle/assets/Scripts/EventManager.ts.
00:53:31.732 debug: Resolve file:///D:/cocos_zml/zml-cocos2d-games/zml-cocos2d-AirplaneBattle/assets/Scripts/GameManage.ts from cce:/internal/x/prerequisite-imports as file:///D:/cocos_zml/zml-cocos2d-games/zml-cocos2d-AirplaneBattle/assets/Scripts/GameManage.ts.
00:53:31.732 debug: Detected change: file:///D:/cocos_zml/zml-cocos2d-games/zml-cocos2d-AirplaneBattle/assets/Scripts/GameManage.ts. Last mtime: Fri Apr 24 2026 23:25:23 GMT+0800 (中国标准时间)@038a737b-618a-4ee3-8b12-71354364df3c, Current mtime: Sat Apr 25 2026 00:53:30 GMT+0800 (中国标准时间)@038a737b-618a-4ee3-8b12-71354364df3c
00:53:31.732 debug: Inspect file:///D:/cocos_zml/zml-cocos2d-games/zml-cocos2d-AirplaneBattle/assets/Scripts/GameManage.ts
00:53:31.776 debug: transform url: 'file:///D:/cocos_zml/zml-cocos2d-games/zml-cocos2d-AirplaneBattle/assets/Scripts/GameManage.ts' costs: 44.20 ms
00:53:31.779 debug: Resolve file:///D:/cocos_zml/zml-cocos2d-games/zml-cocos2d-AirplaneBattle/assets/Scripts/Player.ts from cce:/internal/x/prerequisite-imports as file:///D:/cocos_zml/zml-cocos2d-games/zml-cocos2d-AirplaneBattle/assets/Scripts/Player.ts.
00:53:31.780 debug: Resolve file:///D:/cocos_zml/zml-cocos2d-games/zml-cocos2d-AirplaneBattle/assets/Scripts/StartGame.ts from cce:/internal/x/prerequisite-imports as file:///D:/cocos_zml/zml-cocos2d-games/zml-cocos2d-AirplaneBattle/assets/Scripts/StartGame.ts.
00:53:31.780 debug: Resolve file:///D:/cocos_zml/zml-cocos2d-games/zml-cocos2d-AirplaneBattle/assets/Scripts/Tool.ts from cce:/internal/x/prerequisite-imports as file:///D:/cocos_zml/zml-cocos2d-games/zml-cocos2d-AirplaneBattle/assets/Scripts/Tool.ts.
00:53:31.781 debug: Resolve file:///D:/cocos_zml/zml-cocos2d-games/zml-cocos2d-AirplaneBattle/assets/Scripts/ToolManage.ts from cce:/internal/x/prerequisite-imports as file:///D:/cocos_zml/zml-cocos2d-games/zml-cocos2d-AirplaneBattle/assets/Scripts/ToolManage.ts.
00:53:31.781 debug: Resolve cce:/internal/code-quality/cr.mjs from file:///D:/cocos_zml/zml-cocos2d-games/zml-cocos2d-AirplaneBattle/assets/Scripts/GameManage.ts as cce:/internal/code-quality/cr.mjs.
00:53:31.781 debug: Resolve cc from file:///D:/cocos_zml/zml-cocos2d-games/zml-cocos2d-AirplaneBattle/assets/Scripts/GameManage.ts as cce:/internal/x/cc.
00:53:31.782 debug: Resolve cc from file:///D:/cocos_zml/zml-cocos2d-games/zml-cocos2d-AirplaneBattle/assets/Scripts/GameManage.ts as cce:/internal/x/cc.
00:53:31.782 debug: Resolve cc from file:///D:/cocos_zml/zml-cocos2d-games/zml-cocos2d-AirplaneBattle/assets/Scripts/GameManage.ts as cce:/internal/x/cc.
00:53:31.782 debug: Resolve ./EventManager from file:///D:/cocos_zml/zml-cocos2d-games/zml-cocos2d-AirplaneBattle/assets/Scripts/GameManage.ts as file:///D:/cocos_zml/zml-cocos2d-games/zml-cocos2d-AirplaneBattle/assets/Scripts/EventManager.ts.
00:53:31.801 debug: Target(preview) ends with cost 102.0249000005424ms.
00:53:53.110 debug: Dispatch build request for time accumulated 1 asset changes.
00:53:53.112 debug: Build iteration starts.
Number of accumulated asset changes: 1
Feature changed: false
00:53:53.112 debug: Target(editor) build started.
00:53:53.114 debug: Detected change: cce:/internal/x/prerequisite-imports. Last mtime: Thu Jan 01 1970 13:46:19 GMT+0800 (中国标准时间), Current mtime: Thu Jan 01 1970 13:46:40 GMT+0800 (中国标准时间)
00:53:53.114 debug: Inspect cce:/internal/x/prerequisite-imports
00:53:53.125 debug: transform url: 'cce:/internal/x/prerequisite-imports' costs: 11.40 ms
00:53:53.128 debug: Resolve file:///D:/cocos_editor/Creator/3.8.8/resources/resources/3d/engine/editor/assets/default_renderpipeline/builtin-dof-pass.ts from cce:/internal/x/prerequisite-imports as file:///D:/cocos_editor/Creator/3.8.8/resources/resources/3d/engine/editor/assets/default_renderpipeline/builtin-dof-pass.ts.
00:53:53.129 debug: Resolve file:///D:/cocos_editor/Creator/3.8.8/resources/resources/3d/engine/editor/assets/default_renderpipeline/builtin-pipeline-pass.ts from cce:/internal/x/prerequisite-imports as file:///D:/cocos_editor/Creator/3.8.8/resources/resources/3d/engine/editor/assets/default_renderpipeline/builtin-pipeline-pass.ts.
00:53:53.130 debug: Resolve file:///D:/cocos_editor/Creator/3.8.8/resources/resources/3d/engine/editor/assets/default_renderpipeline/builtin-pipeline-settings.ts from cce:/internal/x/prerequisite-imports as file:///D:/cocos_editor/Creator/3.8.8/resources/resources/3d/engine/editor/assets/default_renderpipeline/builtin-pipeline-settings.ts.
00:53:53.130 debug: Resolve file:///D:/cocos_editor/Creator/3.8.8/resources/resources/3d/engine/editor/assets/default_renderpipeline/builtin-pipeline-types.ts from cce:/internal/x/prerequisite-imports as file:///D:/cocos_editor/Creator/3.8.8/resources/resources/3d/engine/editor/assets/default_renderpipeline/builtin-pipeline-types.ts.
00:53:53.131 debug: Resolve file:///D:/cocos_editor/Creator/3.8.8/resources/resources/3d/engine/editor/assets/default_renderpipeline/builtin-pipeline.ts from cce:/internal/x/prerequisite-imports as file:///D:/cocos_editor/Creator/3.8.8/resources/resources/3d/engine/editor/assets/default_renderpipeline/builtin-pipeline.ts.
00:53:53.131 debug: Resolve file:///D:/cocos_editor/Creator/3.8.8/resources/resources/3d/engine/editor/assets/tools/debug-view-runtime-control.ts from cce:/internal/x/prerequisite-imports as file:///D:/cocos_editor/Creator/3.8.8/resources/resources/3d/engine/editor/assets/tools/debug-view-runtime-control.ts.
00:53:53.132 debug: Resolve file:///D:/cocos_zml/zml-cocos2d-games/zml-cocos2d-AirplaneBattle/assets/Scripts/Bg.ts from cce:/internal/x/prerequisite-imports as file:///D:/cocos_zml/zml-cocos2d-games/zml-cocos2d-AirplaneBattle/assets/Scripts/Bg.ts.
00:53:53.132 debug: Resolve file:///D:/cocos_zml/zml-cocos2d-games/zml-cocos2d-AirplaneBattle/assets/Scripts/Bullet.ts from cce:/internal/x/prerequisite-imports as file:///D:/cocos_zml/zml-cocos2d-games/zml-cocos2d-AirplaneBattle/assets/Scripts/Bullet.ts.
00:53:53.132 debug: Resolve file:///D:/cocos_zml/zml-cocos2d-games/zml-cocos2d-AirplaneBattle/assets/Scripts/Enemy.ts from cce:/internal/x/prerequisite-imports as file:///D:/cocos_zml/zml-cocos2d-games/zml-cocos2d-AirplaneBattle/assets/Scripts/Enemy.ts.
00:53:53.133 debug: Resolve file:///D:/cocos_zml/zml-cocos2d-games/zml-cocos2d-AirplaneBattle/assets/Scripts/EnemyManage.ts from cce:/internal/x/prerequisite-imports as file:///D:/cocos_zml/zml-cocos2d-games/zml-cocos2d-AirplaneBattle/assets/Scripts/EnemyManage.ts.
00:53:53.133 debug: Resolve file:///D:/cocos_zml/zml-cocos2d-games/zml-cocos2d-AirplaneBattle/assets/Scripts/EventManager.ts from cce:/internal/x/prerequisite-imports as file:///D:/cocos_zml/zml-cocos2d-games/zml-cocos2d-AirplaneBattle/assets/Scripts/EventManager.ts.
00:53:53.133 debug: Resolve file:///D:/cocos_zml/zml-cocos2d-games/zml-cocos2d-AirplaneBattle/assets/Scripts/GameManage.ts from cce:/internal/x/prerequisite-imports as file:///D:/cocos_zml/zml-cocos2d-games/zml-cocos2d-AirplaneBattle/assets/Scripts/GameManage.ts.
00:53:53.134 debug: Detected change: file:///D:/cocos_zml/zml-cocos2d-games/zml-cocos2d-AirplaneBattle/assets/Scripts/GameManage.ts. Last mtime: Sat Apr 25 2026 00:53:30 GMT+0800 (中国标准时间)@038a737b-618a-4ee3-8b12-71354364df3c, Current mtime: Sat Apr 25 2026 00:53:52 GMT+0800 (中国标准时间)@038a737b-618a-4ee3-8b12-71354364df3c
00:53:53.134 debug: Inspect file:///D:/cocos_zml/zml-cocos2d-games/zml-cocos2d-AirplaneBattle/assets/Scripts/GameManage.ts
00:53:53.165 debug: transform url: 'file:///D:/cocos_zml/zml-cocos2d-games/zml-cocos2d-AirplaneBattle/assets/Scripts/GameManage.ts' costs: 31.40 ms
00:53:53.167 debug: Resolve file:///D:/cocos_zml/zml-cocos2d-games/zml-cocos2d-AirplaneBattle/assets/Scripts/Player.ts from cce:/internal/x/prerequisite-imports as file:///D:/cocos_zml/zml-cocos2d-games/zml-cocos2d-AirplaneBattle/assets/Scripts/Player.ts.
00:53:53.168 debug: Resolve file:///D:/cocos_zml/zml-cocos2d-games/zml-cocos2d-AirplaneBattle/assets/Scripts/StartGame.ts from cce:/internal/x/prerequisite-imports as file:///D:/cocos_zml/zml-cocos2d-games/zml-cocos2d-AirplaneBattle/assets/Scripts/StartGame.ts.
00:53:53.169 debug: Resolve file:///D:/cocos_zml/zml-cocos2d-games/zml-cocos2d-AirplaneBattle/assets/Scripts/Tool.ts from cce:/internal/x/prerequisite-imports as file:///D:/cocos_zml/zml-cocos2d-games/zml-cocos2d-AirplaneBattle/assets/Scripts/Tool.ts.
00:53:53.170 debug: Resolve file:///D:/cocos_zml/zml-cocos2d-games/zml-cocos2d-AirplaneBattle/assets/Scripts/ToolManage.ts from cce:/internal/x/prerequisite-imports as file:///D:/cocos_zml/zml-cocos2d-games/zml-cocos2d-AirplaneBattle/assets/Scripts/ToolManage.ts.
00:53:53.170 debug: Resolve cce:/internal/code-quality/cr.mjs from file:///D:/cocos_zml/zml-cocos2d-games/zml-cocos2d-AirplaneBattle/assets/Scripts/GameManage.ts as cce:/internal/code-quality/cr.mjs.
00:53:53.170 debug: Resolve cc from file:///D:/cocos_zml/zml-cocos2d-games/zml-cocos2d-AirplaneBattle/assets/Scripts/GameManage.ts as cce:/internal/x/cc.
00:53:53.170 debug: Resolve cc from file:///D:/cocos_zml/zml-cocos2d-games/zml-cocos2d-AirplaneBattle/assets/Scripts/GameManage.ts as cce:/internal/x/cc.
00:53:53.170 debug: Resolve cc from file:///D:/cocos_zml/zml-cocos2d-games/zml-cocos2d-AirplaneBattle/assets/Scripts/GameManage.ts as cce:/internal/x/cc.
00:53:53.171 debug: Resolve ./EventManager from file:///D:/cocos_zml/zml-cocos2d-games/zml-cocos2d-AirplaneBattle/assets/Scripts/GameManage.ts as file:///D:/cocos_zml/zml-cocos2d-games/zml-cocos2d-AirplaneBattle/assets/Scripts/EventManager.ts.
00:53:53.184 debug: Target(editor) ends with cost 72.54490000009537ms.
00:53:53.185 debug: Target(preview) build started.
00:53:53.188 debug: Detected change: cce:/internal/x/prerequisite-imports. Last mtime: Thu Jan 01 1970 13:46:19 GMT+0800 (中国标准时间), Current mtime: Thu Jan 01 1970 13:46:40 GMT+0800 (中国标准时间)
00:53:53.188 debug: Inspect cce:/internal/x/prerequisite-imports
00:53:53.200 debug: transform url: 'cce:/internal/x/prerequisite-imports' costs: 12.20 ms
00:53:53.202 debug: Resolve file:///D:/cocos_editor/Creator/3.8.8/resources/resources/3d/engine/editor/assets/default_renderpipeline/builtin-dof-pass.ts from cce:/internal/x/prerequisite-imports as file:///D:/cocos_editor/Creator/3.8.8/resources/resources/3d/engine/editor/assets/default_renderpipeline/builtin-dof-pass.ts.
00:53:53.203 debug: Resolve file:///D:/cocos_editor/Creator/3.8.8/resources/resources/3d/engine/editor/assets/default_renderpipeline/builtin-pipeline-pass.ts from cce:/internal/x/prerequisite-imports as file:///D:/cocos_editor/Creator/3.8.8/resources/resources/3d/engine/editor/assets/default_renderpipeline/builtin-pipeline-pass.ts.
00:53:53.204 debug: Resolve file:///D:/cocos_editor/Creator/3.8.8/resources/resources/3d/engine/editor/assets/default_renderpipeline/builtin-pipeline-settings.ts from cce:/internal/x/prerequisite-imports as file:///D:/cocos_editor/Creator/3.8.8/resources/resources/3d/engine/editor/assets/default_renderpipeline/builtin-pipeline-settings.ts.
00:53:53.205 debug: Resolve file:///D:/cocos_editor/Creator/3.8.8/resources/resources/3d/engine/editor/assets/default_renderpipeline/builtin-pipeline-types.ts from cce:/internal/x/prerequisite-imports as file:///D:/cocos_editor/Creator/3.8.8/resources/resources/3d/engine/editor/assets/default_renderpipeline/builtin-pipeline-types.ts.
00:53:53.206 debug: Resolve file:///D:/cocos_editor/Creator/3.8.8/resources/resources/3d/engine/editor/assets/default_renderpipeline/builtin-pipeline.ts from cce:/internal/x/prerequisite-imports as file:///D:/cocos_editor/Creator/3.8.8/resources/resources/3d/engine/editor/assets/default_renderpipeline/builtin-pipeline.ts.
00:53:53.206 debug: Resolve file:///D:/cocos_editor/Creator/3.8.8/resources/resources/3d/engine/editor/assets/tools/debug-view-runtime-control.ts from cce:/internal/x/prerequisite-imports as file:///D:/cocos_editor/Creator/3.8.8/resources/resources/3d/engine/editor/assets/tools/debug-view-runtime-control.ts.
00:53:53.207 debug: Resolve file:///D:/cocos_zml/zml-cocos2d-games/zml-cocos2d-AirplaneBattle/assets/Scripts/Bg.ts from cce:/internal/x/prerequisite-imports as file:///D:/cocos_zml/zml-cocos2d-games/zml-cocos2d-AirplaneBattle/assets/Scripts/Bg.ts.
00:53:53.207 debug: Resolve file:///D:/cocos_zml/zml-cocos2d-games/zml-cocos2d-AirplaneBattle/assets/Scripts/Bullet.ts from cce:/internal/x/prerequisite-imports as file:///D:/cocos_zml/zml-cocos2d-games/zml-cocos2d-AirplaneBattle/assets/Scripts/Bullet.ts.
00:53:53.208 debug: Resolve file:///D:/cocos_zml/zml-cocos2d-games/zml-cocos2d-AirplaneBattle/assets/Scripts/Enemy.ts from cce:/internal/x/prerequisite-imports as file:///D:/cocos_zml/zml-cocos2d-games/zml-cocos2d-AirplaneBattle/assets/Scripts/Enemy.ts.
00:53:53.208 debug: Resolve file:///D:/cocos_zml/zml-cocos2d-games/zml-cocos2d-AirplaneBattle/assets/Scripts/EnemyManage.ts from cce:/internal/x/prerequisite-imports as file:///D:/cocos_zml/zml-cocos2d-games/zml-cocos2d-AirplaneBattle/assets/Scripts/EnemyManage.ts.
00:53:53.209 debug: Resolve file:///D:/cocos_zml/zml-cocos2d-games/zml-cocos2d-AirplaneBattle/assets/Scripts/EventManager.ts from cce:/internal/x/prerequisite-imports as file:///D:/cocos_zml/zml-cocos2d-games/zml-cocos2d-AirplaneBattle/assets/Scripts/EventManager.ts.
00:53:53.209 debug: Resolve file:///D:/cocos_zml/zml-cocos2d-games/zml-cocos2d-AirplaneBattle/assets/Scripts/GameManage.ts from cce:/internal/x/prerequisite-imports as file:///D:/cocos_zml/zml-cocos2d-games/zml-cocos2d-AirplaneBattle/assets/Scripts/GameManage.ts.
00:53:53.209 debug: Detected change: file:///D:/cocos_zml/zml-cocos2d-games/zml-cocos2d-AirplaneBattle/assets/Scripts/GameManage.ts. Last mtime: Sat Apr 25 2026 00:53:30 GMT+0800 (中国标准时间)@038a737b-618a-4ee3-8b12-71354364df3c, Current mtime: Sat Apr 25 2026 00:53:52 GMT+0800 (中国标准时间)@038a737b-618a-4ee3-8b12-71354364df3c
00:53:53.209 debug: Inspect file:///D:/cocos_zml/zml-cocos2d-games/zml-cocos2d-AirplaneBattle/assets/Scripts/GameManage.ts
00:53:53.243 debug: transform url: 'file:///D:/cocos_zml/zml-cocos2d-games/zml-cocos2d-AirplaneBattle/assets/Scripts/GameManage.ts' costs: 33.50 ms
00:53:53.245 debug: Resolve file:///D:/cocos_zml/zml-cocos2d-games/zml-cocos2d-AirplaneBattle/assets/Scripts/Player.ts from cce:/internal/x/prerequisite-imports as file:///D:/cocos_zml/zml-cocos2d-games/zml-cocos2d-AirplaneBattle/assets/Scripts/Player.ts.
00:53:53.245 debug: Resolve file:///D:/cocos_zml/zml-cocos2d-games/zml-cocos2d-AirplaneBattle/assets/Scripts/StartGame.ts from cce:/internal/x/prerequisite-imports as file:///D:/cocos_zml/zml-cocos2d-games/zml-cocos2d-AirplaneBattle/assets/Scripts/StartGame.ts.
00:53:53.246 debug: Resolve file:///D:/cocos_zml/zml-cocos2d-games/zml-cocos2d-AirplaneBattle/assets/Scripts/Tool.ts from cce:/internal/x/prerequisite-imports as file:///D:/cocos_zml/zml-cocos2d-games/zml-cocos2d-AirplaneBattle/assets/Scripts/Tool.ts.
00:53:53.246 debug: Resolve file:///D:/cocos_zml/zml-cocos2d-games/zml-cocos2d-AirplaneBattle/assets/Scripts/ToolManage.ts from cce:/internal/x/prerequisite-imports as file:///D:/cocos_zml/zml-cocos2d-games/zml-cocos2d-AirplaneBattle/assets/Scripts/ToolManage.ts.
00:53:53.247 debug: Resolve cce:/internal/code-quality/cr.mjs from file:///D:/cocos_zml/zml-cocos2d-games/zml-cocos2d-AirplaneBattle/assets/Scripts/GameManage.ts as cce:/internal/code-quality/cr.mjs.
00:53:53.247 debug: Resolve cc from file:///D:/cocos_zml/zml-cocos2d-games/zml-cocos2d-AirplaneBattle/assets/Scripts/GameManage.ts as cce:/internal/x/cc.
00:53:53.247 debug: Resolve cc from file:///D:/cocos_zml/zml-cocos2d-games/zml-cocos2d-AirplaneBattle/assets/Scripts/GameManage.ts as cce:/internal/x/cc.
00:53:53.247 debug: Resolve cc from file:///D:/cocos_zml/zml-cocos2d-games/zml-cocos2d-AirplaneBattle/assets/Scripts/GameManage.ts as cce:/internal/x/cc.
00:53:53.247 debug: Resolve ./EventManager from file:///D:/cocos_zml/zml-cocos2d-games/zml-cocos2d-AirplaneBattle/assets/Scripts/GameManage.ts as file:///D:/cocos_zml/zml-cocos2d-games/zml-cocos2d-AirplaneBattle/assets/Scripts/EventManager.ts.
00:53:53.262 debug: Target(preview) ends with cost 76.91939999908209ms.
00:55:36.653 debug: Dispatch build request for time accumulated 1 asset changes.
00:55:36.655 debug: Build iteration starts.
Number of accumulated asset changes: 1
Feature changed: false
00:55:36.656 debug: Target(editor) build started.
00:55:36.658 debug: Detected change: cce:/internal/x/prerequisite-imports. Last mtime: Thu Jan 01 1970 13:46:40 GMT+0800 (中国标准时间), Current mtime: Thu Jan 01 1970 13:48:24 GMT+0800 (中国标准时间)
00:55:36.658 debug: Inspect cce:/internal/x/prerequisite-imports
00:55:36.671 debug: transform url: 'cce:/internal/x/prerequisite-imports' costs: 12.90 ms
00:55:36.674 debug: Resolve file:///D:/cocos_editor/Creator/3.8.8/resources/resources/3d/engine/editor/assets/default_renderpipeline/builtin-dof-pass.ts from cce:/internal/x/prerequisite-imports as file:///D:/cocos_editor/Creator/3.8.8/resources/resources/3d/engine/editor/assets/default_renderpipeline/builtin-dof-pass.ts.
00:55:36.675 debug: Resolve file:///D:/cocos_editor/Creator/3.8.8/resources/resources/3d/engine/editor/assets/default_renderpipeline/builtin-pipeline-pass.ts from cce:/internal/x/prerequisite-imports as file:///D:/cocos_editor/Creator/3.8.8/resources/resources/3d/engine/editor/assets/default_renderpipeline/builtin-pipeline-pass.ts.
00:55:36.675 debug: Resolve file:///D:/cocos_editor/Creator/3.8.8/resources/resources/3d/engine/editor/assets/default_renderpipeline/builtin-pipeline-settings.ts from cce:/internal/x/prerequisite-imports as file:///D:/cocos_editor/Creator/3.8.8/resources/resources/3d/engine/editor/assets/default_renderpipeline/builtin-pipeline-settings.ts.
00:55:36.676 debug: Resolve file:///D:/cocos_editor/Creator/3.8.8/resources/resources/3d/engine/editor/assets/default_renderpipeline/builtin-pipeline-types.ts from cce:/internal/x/prerequisite-imports as file:///D:/cocos_editor/Creator/3.8.8/resources/resources/3d/engine/editor/assets/default_renderpipeline/builtin-pipeline-types.ts.
00:55:36.677 debug: Resolve file:///D:/cocos_editor/Creator/3.8.8/resources/resources/3d/engine/editor/assets/default_renderpipeline/builtin-pipeline.ts from cce:/internal/x/prerequisite-imports as file:///D:/cocos_editor/Creator/3.8.8/resources/resources/3d/engine/editor/assets/default_renderpipeline/builtin-pipeline.ts.
00:55:36.677 debug: Resolve file:///D:/cocos_editor/Creator/3.8.8/resources/resources/3d/engine/editor/assets/tools/debug-view-runtime-control.ts from cce:/internal/x/prerequisite-imports as file:///D:/cocos_editor/Creator/3.8.8/resources/resources/3d/engine/editor/assets/tools/debug-view-runtime-control.ts.
00:55:36.678 debug: Resolve file:///D:/cocos_zml/zml-cocos2d-games/zml-cocos2d-AirplaneBattle/assets/Scripts/Bg.ts from cce:/internal/x/prerequisite-imports as file:///D:/cocos_zml/zml-cocos2d-games/zml-cocos2d-AirplaneBattle/assets/Scripts/Bg.ts.
00:55:36.678 debug: Resolve file:///D:/cocos_zml/zml-cocos2d-games/zml-cocos2d-AirplaneBattle/assets/Scripts/Bullet.ts from cce:/internal/x/prerequisite-imports as file:///D:/cocos_zml/zml-cocos2d-games/zml-cocos2d-AirplaneBattle/assets/Scripts/Bullet.ts.
00:55:36.679 debug: Resolve file:///D:/cocos_zml/zml-cocos2d-games/zml-cocos2d-AirplaneBattle/assets/Scripts/Enemy.ts from cce:/internal/x/prerequisite-imports as file:///D:/cocos_zml/zml-cocos2d-games/zml-cocos2d-AirplaneBattle/assets/Scripts/Enemy.ts.
00:55:36.679 debug: Resolve file:///D:/cocos_zml/zml-cocos2d-games/zml-cocos2d-AirplaneBattle/assets/Scripts/EnemyManage.ts from cce:/internal/x/prerequisite-imports as file:///D:/cocos_zml/zml-cocos2d-games/zml-cocos2d-AirplaneBattle/assets/Scripts/EnemyManage.ts.
00:55:36.680 debug: Resolve file:///D:/cocos_zml/zml-cocos2d-games/zml-cocos2d-AirplaneBattle/assets/Scripts/EventManager.ts from cce:/internal/x/prerequisite-imports as file:///D:/cocos_zml/zml-cocos2d-games/zml-cocos2d-AirplaneBattle/assets/Scripts/EventManager.ts.
00:55:36.680 debug: Resolve file:///D:/cocos_zml/zml-cocos2d-games/zml-cocos2d-AirplaneBattle/assets/Scripts/GameManage.ts from cce:/internal/x/prerequisite-imports as file:///D:/cocos_zml/zml-cocos2d-games/zml-cocos2d-AirplaneBattle/assets/Scripts/GameManage.ts.
00:55:36.680 debug: Resolve file:///D:/cocos_zml/zml-cocos2d-games/zml-cocos2d-AirplaneBattle/assets/Scripts/Player.ts from cce:/internal/x/prerequisite-imports as file:///D:/cocos_zml/zml-cocos2d-games/zml-cocos2d-AirplaneBattle/assets/Scripts/Player.ts.
00:55:36.680 debug: Detected change: file:///D:/cocos_zml/zml-cocos2d-games/zml-cocos2d-AirplaneBattle/assets/Scripts/Player.ts. Last mtime: Fri Apr 24 2026 23:26:29 GMT+0800 (中国标准时间)@25c4e26c-e0ac-4687-863e-168efe47eb38, Current mtime: Sat Apr 25 2026 00:55:34 GMT+0800 (中国标准时间)@25c4e26c-e0ac-4687-863e-168efe47eb38
00:55:36.681 debug: Inspect file:///D:/cocos_zml/zml-cocos2d-games/zml-cocos2d-AirplaneBattle/assets/Scripts/Player.ts
00:55:36.761 debug: transform url: 'file:///D:/cocos_zml/zml-cocos2d-games/zml-cocos2d-AirplaneBattle/assets/Scripts/Player.ts' costs: 80.60 ms
00:55:36.765 debug: Resolve file:///D:/cocos_zml/zml-cocos2d-games/zml-cocos2d-AirplaneBattle/assets/Scripts/StartGame.ts from cce:/internal/x/prerequisite-imports as file:///D:/cocos_zml/zml-cocos2d-games/zml-cocos2d-AirplaneBattle/assets/Scripts/StartGame.ts.
00:55:36.765 debug: Resolve file:///D:/cocos_zml/zml-cocos2d-games/zml-cocos2d-AirplaneBattle/assets/Scripts/Tool.ts from cce:/internal/x/prerequisite-imports as file:///D:/cocos_zml/zml-cocos2d-games/zml-cocos2d-AirplaneBattle/assets/Scripts/Tool.ts.
00:55:36.766 debug: Resolve file:///D:/cocos_zml/zml-cocos2d-games/zml-cocos2d-AirplaneBattle/assets/Scripts/ToolManage.ts from cce:/internal/x/prerequisite-imports as file:///D:/cocos_zml/zml-cocos2d-games/zml-cocos2d-AirplaneBattle/assets/Scripts/ToolManage.ts.
00:55:36.766 debug: Resolve cce:/internal/code-quality/cr.mjs from file:///D:/cocos_zml/zml-cocos2d-games/zml-cocos2d-AirplaneBattle/assets/Scripts/Player.ts as cce:/internal/code-quality/cr.mjs.
00:55:36.766 debug: Resolve cc from file:///D:/cocos_zml/zml-cocos2d-games/zml-cocos2d-AirplaneBattle/assets/Scripts/Player.ts as cce:/internal/x/cc.
00:55:36.766 debug: Resolve cc from file:///D:/cocos_zml/zml-cocos2d-games/zml-cocos2d-AirplaneBattle/assets/Scripts/Player.ts as cce:/internal/x/cc.
00:55:36.766 debug: Resolve cc from file:///D:/cocos_zml/zml-cocos2d-games/zml-cocos2d-AirplaneBattle/assets/Scripts/Player.ts as cce:/internal/x/cc.
00:55:36.767 debug: Resolve ./EventManager from file:///D:/cocos_zml/zml-cocos2d-games/zml-cocos2d-AirplaneBattle/assets/Scripts/Player.ts as file:///D:/cocos_zml/zml-cocos2d-games/zml-cocos2d-AirplaneBattle/assets/Scripts/EventManager.ts.
00:55:36.767 debug: Resolve ./Tool from file:///D:/cocos_zml/zml-cocos2d-games/zml-cocos2d-AirplaneBattle/assets/Scripts/Player.ts as file:///D:/cocos_zml/zml-cocos2d-games/zml-cocos2d-AirplaneBattle/assets/Scripts/Tool.ts.
00:55:36.784 debug: Target(editor) ends with cost 128.0362999998033ms.
00:55:36.784 debug: Target(preview) build started.
00:55:36.786 debug: Detected change: cce:/internal/x/prerequisite-imports. Last mtime: Thu Jan 01 1970 13:46:40 GMT+0800 (中国标准时间), Current mtime: Thu Jan 01 1970 13:48:24 GMT+0800 (中国标准时间)
00:55:36.786 debug: Inspect cce:/internal/x/prerequisite-imports
00:55:36.800 debug: transform url: 'cce:/internal/x/prerequisite-imports' costs: 13.30 ms
00:55:36.803 debug: Resolve file:///D:/cocos_editor/Creator/3.8.8/resources/resources/3d/engine/editor/assets/default_renderpipeline/builtin-dof-pass.ts from cce:/internal/x/prerequisite-imports as file:///D:/cocos_editor/Creator/3.8.8/resources/resources/3d/engine/editor/assets/default_renderpipeline/builtin-dof-pass.ts.
00:55:36.804 debug: Resolve file:///D:/cocos_editor/Creator/3.8.8/resources/resources/3d/engine/editor/assets/default_renderpipeline/builtin-pipeline-pass.ts from cce:/internal/x/prerequisite-imports as file:///D:/cocos_editor/Creator/3.8.8/resources/resources/3d/engine/editor/assets/default_renderpipeline/builtin-pipeline-pass.ts.
00:55:36.805 debug: Resolve file:///D:/cocos_editor/Creator/3.8.8/resources/resources/3d/engine/editor/assets/default_renderpipeline/builtin-pipeline-settings.ts from cce:/internal/x/prerequisite-imports as file:///D:/cocos_editor/Creator/3.8.8/resources/resources/3d/engine/editor/assets/default_renderpipeline/builtin-pipeline-settings.ts.
00:55:36.806 debug: Resolve file:///D:/cocos_editor/Creator/3.8.8/resources/resources/3d/engine/editor/assets/default_renderpipeline/builtin-pipeline-types.ts from cce:/internal/x/prerequisite-imports as file:///D:/cocos_editor/Creator/3.8.8/resources/resources/3d/engine/editor/assets/default_renderpipeline/builtin-pipeline-types.ts.
00:55:36.807 debug: Resolve file:///D:/cocos_editor/Creator/3.8.8/resources/resources/3d/engine/editor/assets/default_renderpipeline/builtin-pipeline.ts from cce:/internal/x/prerequisite-imports as file:///D:/cocos_editor/Creator/3.8.8/resources/resources/3d/engine/editor/assets/default_renderpipeline/builtin-pipeline.ts.
00:55:36.807 debug: Resolve file:///D:/cocos_editor/Creator/3.8.8/resources/resources/3d/engine/editor/assets/tools/debug-view-runtime-control.ts from cce:/internal/x/prerequisite-imports as file:///D:/cocos_editor/Creator/3.8.8/resources/resources/3d/engine/editor/assets/tools/debug-view-runtime-control.ts.
00:55:36.808 debug: Resolve file:///D:/cocos_zml/zml-cocos2d-games/zml-cocos2d-AirplaneBattle/assets/Scripts/Bg.ts from cce:/internal/x/prerequisite-imports as file:///D:/cocos_zml/zml-cocos2d-games/zml-cocos2d-AirplaneBattle/assets/Scripts/Bg.ts.
00:55:36.809 debug: Resolve file:///D:/cocos_zml/zml-cocos2d-games/zml-cocos2d-AirplaneBattle/assets/Scripts/Bullet.ts from cce:/internal/x/prerequisite-imports as file:///D:/cocos_zml/zml-cocos2d-games/zml-cocos2d-AirplaneBattle/assets/Scripts/Bullet.ts.
00:55:36.809 debug: Resolve file:///D:/cocos_zml/zml-cocos2d-games/zml-cocos2d-AirplaneBattle/assets/Scripts/Enemy.ts from cce:/internal/x/prerequisite-imports as file:///D:/cocos_zml/zml-cocos2d-games/zml-cocos2d-AirplaneBattle/assets/Scripts/Enemy.ts.
00:55:36.810 debug: Resolve file:///D:/cocos_zml/zml-cocos2d-games/zml-cocos2d-AirplaneBattle/assets/Scripts/EnemyManage.ts from cce:/internal/x/prerequisite-imports as file:///D:/cocos_zml/zml-cocos2d-games/zml-cocos2d-AirplaneBattle/assets/Scripts/EnemyManage.ts.
00:55:36.811 debug: Resolve file:///D:/cocos_zml/zml-cocos2d-games/zml-cocos2d-AirplaneBattle/assets/Scripts/EventManager.ts from cce:/internal/x/prerequisite-imports as file:///D:/cocos_zml/zml-cocos2d-games/zml-cocos2d-AirplaneBattle/assets/Scripts/EventManager.ts.
00:55:36.811 debug: Resolve file:///D:/cocos_zml/zml-cocos2d-games/zml-cocos2d-AirplaneBattle/assets/Scripts/GameManage.ts from cce:/internal/x/prerequisite-imports as file:///D:/cocos_zml/zml-cocos2d-games/zml-cocos2d-AirplaneBattle/assets/Scripts/GameManage.ts.
00:55:36.812 debug: Resolve file:///D:/cocos_zml/zml-cocos2d-games/zml-cocos2d-AirplaneBattle/assets/Scripts/Player.ts from cce:/internal/x/prerequisite-imports as file:///D:/cocos_zml/zml-cocos2d-games/zml-cocos2d-AirplaneBattle/assets/Scripts/Player.ts.
00:55:36.812 debug: Detected change: file:///D:/cocos_zml/zml-cocos2d-games/zml-cocos2d-AirplaneBattle/assets/Scripts/Player.ts. Last mtime: Fri Apr 24 2026 23:26:29 GMT+0800 (中国标准时间)@25c4e26c-e0ac-4687-863e-168efe47eb38, Current mtime: Sat Apr 25 2026 00:55:34 GMT+0800 (中国标准时间)@25c4e26c-e0ac-4687-863e-168efe47eb38
00:55:36.812 debug: Inspect file:///D:/cocos_zml/zml-cocos2d-games/zml-cocos2d-AirplaneBattle/assets/Scripts/Player.ts
00:55:36.918 debug: transform url: 'file:///D:/cocos_zml/zml-cocos2d-games/zml-cocos2d-AirplaneBattle/assets/Scripts/Player.ts' costs: 105.80 ms
00:55:36.921 debug: Resolve file:///D:/cocos_zml/zml-cocos2d-games/zml-cocos2d-AirplaneBattle/assets/Scripts/StartGame.ts from cce:/internal/x/prerequisite-imports as file:///D:/cocos_zml/zml-cocos2d-games/zml-cocos2d-AirplaneBattle/assets/Scripts/StartGame.ts.
00:55:36.922 debug: Resolve file:///D:/cocos_zml/zml-cocos2d-games/zml-cocos2d-AirplaneBattle/assets/Scripts/Tool.ts from cce:/internal/x/prerequisite-imports as file:///D:/cocos_zml/zml-cocos2d-games/zml-cocos2d-AirplaneBattle/assets/Scripts/Tool.ts.
00:55:36.923 debug: Resolve file:///D:/cocos_zml/zml-cocos2d-games/zml-cocos2d-AirplaneBattle/assets/Scripts/ToolManage.ts from cce:/internal/x/prerequisite-imports as file:///D:/cocos_zml/zml-cocos2d-games/zml-cocos2d-AirplaneBattle/assets/Scripts/ToolManage.ts.
00:55:36.923 debug: Resolve cce:/internal/code-quality/cr.mjs from file:///D:/cocos_zml/zml-cocos2d-games/zml-cocos2d-AirplaneBattle/assets/Scripts/Player.ts as cce:/internal/code-quality/cr.mjs.
00:55:36.923 debug: Resolve cc from file:///D:/cocos_zml/zml-cocos2d-games/zml-cocos2d-AirplaneBattle/assets/Scripts/Player.ts as cce:/internal/x/cc.
00:55:36.923 debug: Resolve cc from file:///D:/cocos_zml/zml-cocos2d-games/zml-cocos2d-AirplaneBattle/assets/Scripts/Player.ts as cce:/internal/x/cc.
00:55:36.923 debug: Resolve cc from file:///D:/cocos_zml/zml-cocos2d-games/zml-cocos2d-AirplaneBattle/assets/Scripts/Player.ts as cce:/internal/x/cc.
00:55:36.924 debug: Resolve ./EventManager from file:///D:/cocos_zml/zml-cocos2d-games/zml-cocos2d-AirplaneBattle/assets/Scripts/Player.ts as file:///D:/cocos_zml/zml-cocos2d-games/zml-cocos2d-AirplaneBattle/assets/Scripts/EventManager.ts.
00:55:36.925 debug: Resolve ./Tool from file:///D:/cocos_zml/zml-cocos2d-games/zml-cocos2d-AirplaneBattle/assets/Scripts/Player.ts as file:///D:/cocos_zml/zml-cocos2d-games/zml-cocos2d-AirplaneBattle/assets/Scripts/Tool.ts.
00:55:36.943 debug: Target(preview) ends with cost 159.11560000106692ms.
