2026-4-24 19:07:16-log: Cannot access game frame or container.
2026-4-24 19:07:17-debug: asset-db:require-engine-code (1611ms)
2026-4-24 19:07:17-log: meshopt wasm decoder initialized
2026-4-24 19:07:17-log: [box2d]:box2d wasm lib loaded.
2026-4-24 19:07:17-log: [bullet]:bullet wasm lib loaded.
2026-4-24 19:07:17-log: Using legacy pipeline
2026-4-24 19:07:17-log: Forward render pipeline initialized.
2026-4-24 19:07:17-log: Cocos Creator v3.8.8
2026-4-24 19:07:17-debug: [Assets Memory track]: asset-db:worker-init: initEngine start:27.52MB, end 79.13MB, increase: 51.61MB
2026-4-24 19:07:19-debug: [Assets Memory track]: asset-db:worker-init: initPlugin start:79.18MB, end 273.31MB, increase: 194.14MB
2026-4-24 19:07:19-debug: asset-db:worker-init: initPlugin (2244ms)
2026-4-24 19:07:19-debug: [Assets Memory track]: asset-db:worker-init start:27.51MB, end 273.43MB, increase: 245.92MB
2026-4-24 19:07:19-debug: Run asset db hook programming:beforePreStart ...
2026-4-24 19:07:19-debug: Run asset db hook programming:beforePreStart success!
2026-4-24 19:07:19-debug: Run asset db hook engine-extends:beforePreStart success!
2026-4-24 19:07:19-debug: Run asset db hook engine-extends:beforePreStart ...
2026-4-24 19:07:19-debug: asset-db-hook-programming-beforePreStart (196ms)
2026-4-24 19:07:19-debug: asset-db:worker-init (4168ms)
2026-4-24 19:07:19-debug: asset-db-hook-engine-extends-beforePreStart (196ms)
2026-4-24 19:07:20-debug: Preimport db internal success
2026-4-24 19:07:20-debug: Preimport db assets success
2026-4-24 19:07:20-debug: Run asset db hook programming:afterPreStart ...
2026-4-24 19:07:20-debug: starting packer-driver...
2026-4-24 19:07:20-debug: initialize scripting environment...
2026-4-24 19:07:20-debug: [[Executor]] prepare before lock
2026-4-24 19:07:20-debug: Set detail map pack:///resolution-detail-map.json: {}
2026-4-24 19:07:20-debug: [[Executor]] prepare after unlock
2026-4-24 19:07:20-debug: Run asset db hook programming:afterPreStart success!
2026-4-24 19:07:20-debug: Run asset db hook engine-extends:afterPreStart ...
2026-4-24 19:07:20-debug: [Assets Memory track]: asset-db:worker-init: preStart start:273.45MB, end 278.18MB, increase: 4.73MB
2026-4-24 19:07:20-debug: Run asset db hook engine-extends:afterPreStart success!
2026-4-24 19:07:20-debug: Start up the 'internal' database...
2026-4-24 19:07:20-debug: asset-db-hook-programming-afterPreStart (836ms)
2026-4-24 19:07:20-debug: asset-db-hook-engine-extends-afterPreStart (411ms)
2026-4-24 19:07:20-debug: asset-db:worker-effect-data-processing (410ms)
2026-4-24 19:07:20-debug: Run asset db hook engine-extends:afterStartDB ...
2026-4-24 19:07:21-debug: Run asset db hook engine-extends:afterStartDB success!
2026-4-24 19:07:21-debug: Start up the 'assets' database...
2026-4-24 19:07:21-debug: recompile effect.bin success
2026-4-24 19:07:21-debug: asset-db:worker-effect-data-processing (389ms)
2026-4-24 19:07:21-debug: asset-db-hook-engine-extends-afterStartDB (390ms)
2026-4-24 19:07:21-debug: Run asset db hook engine-extends:afterStartDB ...
2026-4-24 19:07:21-debug: recompile effect.bin success
2026-4-24 19:07:21-debug: Run asset db hook engine-extends:afterStartDB success!
2026-4-24 19:07:21-debug: lazy register asset handler directory
2026-4-24 19:07:21-debug: lazy register asset handler *
2026-4-24 19:07:21-debug: lazy register asset handler text
2026-4-24 19:07:21-debug: lazy register asset handler json
2026-4-24 19:07:21-debug: lazy register asset handler spine-data
2026-4-24 19:07:21-debug: lazy register asset handler dragonbones-atlas
2026-4-24 19:07:21-debug: lazy register asset handler dragonbones
2026-4-24 19:07:21-debug: lazy register asset handler terrain
2026-4-24 19:07:21-debug: lazy register asset handler javascript
2026-4-24 19:07:21-debug: lazy register asset handler typescript
2026-4-24 19:07:21-debug: lazy register asset handler prefab
2026-4-24 19:07:21-debug: lazy register asset handler sprite-frame
2026-4-24 19:07:21-debug: lazy register asset handler scene
2026-4-24 19:07:21-debug: lazy register asset handler tiled-map
2026-4-24 19:07:21-debug: lazy register asset handler sign-image
2026-4-24 19:07:21-debug: lazy register asset handler buffer
2026-4-24 19:07:21-debug: lazy register asset handler image
2026-4-24 19:07:21-debug: lazy register asset handler alpha-image
2026-4-24 19:07:21-debug: lazy register asset handler texture-cube
2026-4-24 19:07:21-debug: lazy register asset handler texture
2026-4-24 19:07:21-debug: lazy register asset handler erp-texture-cube
2026-4-24 19:07:21-debug: lazy register asset handler texture-cube-face
2026-4-24 19:07:21-debug: lazy register asset handler render-texture
2026-4-24 19:07:21-debug: lazy register asset handler rt-sprite-frame
2026-4-24 19:07:21-debug: lazy register asset handler gltf
2026-4-24 19:07:21-debug: lazy register asset handler gltf-mesh
2026-4-24 19:07:21-debug: lazy register asset handler gltf-animation
2026-4-24 19:07:21-debug: lazy register asset handler gltf-skeleton
2026-4-24 19:07:21-debug: lazy register asset handler gltf-material
2026-4-24 19:07:21-debug: lazy register asset handler gltf-scene
2026-4-24 19:07:21-debug: lazy register asset handler gltf-embeded-image
2026-4-24 19:07:21-debug: lazy register asset handler material
2026-4-24 19:07:21-debug: lazy register asset handler fbx
2026-4-24 19:07:21-debug: lazy register asset handler physics-material
2026-4-24 19:07:21-debug: lazy register asset handler effect
2026-4-24 19:07:21-debug: lazy register asset handler effect-header
2026-4-24 19:07:21-debug: lazy register asset handler audio-clip
2026-4-24 19:07:21-debug: lazy register asset handler animation-clip
2026-4-24 19:07:21-debug: lazy register asset handler animation-graph
2026-4-24 19:07:21-debug: lazy register asset handler animation-graph-variant
2026-4-24 19:07:21-debug: lazy register asset handler animation-mask
2026-4-24 19:07:21-debug: lazy register asset handler ttf-font
2026-4-24 19:07:21-debug: lazy register asset handler bitmap-font
2026-4-24 19:07:21-debug: lazy register asset handler auto-atlas
2026-4-24 19:07:21-debug: lazy register asset handler sprite-atlas
2026-4-24 19:07:21-debug: lazy register asset handler label-atlas
2026-4-24 19:07:21-debug: lazy register asset handler particle
2026-4-24 19:07:21-debug: lazy register asset handler render-pipeline
2026-4-24 19:07:21-debug: lazy register asset handler render-stage
2026-4-24 19:07:21-debug: lazy register asset handler render-flow
2026-4-24 19:07:21-debug: lazy register asset handler instantiation-mesh
2026-4-24 19:07:21-debug: lazy register asset handler instantiation-material
2026-4-24 19:07:21-debug: lazy register asset handler instantiation-animation
2026-4-24 19:07:21-debug: lazy register asset handler instantiation-skeleton
2026-4-24 19:07:21-debug: lazy register asset handler video-clip
2026-4-24 19:07:21-debug: asset-db:worker-effect-data-processing (283ms)
2026-4-24 19:07:21-debug: asset-db-hook-engine-extends-afterStartDB (284ms)
2026-4-24 19:07:21-debug: asset-db:ready (8777ms)
2026-4-24 19:07:21-debug: asset-db:start-database (1890ms)
2026-4-24 19:07:21-debug: init worker message success
2026-4-24 19:07:21-debug: programming:execute-script (2ms)
2026-4-24 19:07:22-debug: [Build Memory track]: builder:worker-init start:221.26MB, end 232.59MB, increase: 11.33MB
2026-4-24 19:07:22-debug: builder:worker-init (447ms)
2026-4-24 20:11:05-debug: refresh db internal success
2026-4-24 20:11:05-debug: Run asset db hook engine-extends:afterRefresh ...
2026-4-24 20:11:05-debug: Run asset db hook engine-extends:afterRefresh success!
2026-4-24 20:11:05-debug: refresh db assets success
2026-4-24 20:11:05-debug: asset-db:refresh-all-database (120ms)
2026-4-24 20:11:05-debug: asset-db-hook-engine-extends-afterRefresh (1ms)
2026-4-24 20:34:13-debug: refresh db internal success
2026-4-24 20:34:13-debug: %cImport%c: D:\cocos_zml\zml-cocos2d-games\zml-cocos2d-AirplaneBattle\assets\Scripts\Player.tsbackground: #aaff85; color: #000;color: #000;
2026-4-24 20:34:13-debug: refresh db assets success
2026-4-24 20:34:13-debug: Run asset db hook engine-extends:afterRefresh ...
2026-4-24 20:34:13-debug: Run asset db hook engine-extends:afterRefresh success!
2026-4-24 20:34:13-debug: asset-db:refresh-all-database (120ms)
2026-4-24 20:34:13-debug: asset-db:worker-effect-data-processing (2ms)
2026-4-24 20:34:13-debug: asset-db-hook-engine-extends-afterRefresh (2ms)
2026-4-24 20:35:31-debug: Query all assets info in project
2026-4-24 20:35:31-debug: Skip compress image, progress: 0%
2026-4-24 20:35:31-debug: init custom config: keepNodeUuid: false, useCache: true
2026-4-24 20:35:31-debug: Init all bundles start..., progress: 0%
2026-4-24 20:35:31-debug: 查询 Asset Bundle start, progress: 0%
2026-4-24 20:35:31-debug: Num of bundles: 2..., progress: 0%
2026-4-24 20:35:31-debug: // ---- build task 查询 Asset Bundle ----
2026-4-24 20:35:31-debug: Init bundle root assets start..., progress: 0%
2026-4-24 20:35:31-debug:   Number of all scenes: 2
2026-4-24 20:35:31-debug: Query preload assets/scripts from cc.config.json: 60f7195c-ec2a-45eb-ba94-8955f60e81d0,1c02ae6f-4492-4915-b8f8-7492a3b1e4cd,810e96e4-e456-4468-9b59-f4e8f39732c0,efe8e2a3-eace-427b-b4f1-cb8a937ec77d,e9aa9a3e-5b2b-4ac7-a2c7-073de2b2b24f,8bbdbcdd-5cd4-4100-b6d5-b7c9625b6107,50f4348b-c883-4e2f-8f11-ce233b859fa1,fda095cb-831d-4601-ad94-846013963de8,f92806d7-1768-443f-afe8-12bcde84d0f0,dd3a144d-ab7f-41f0-82b8-2e43a090d496,f0416e68-0200-4b77-a926-4f9d16e494da,970b0598-bcb0-4714-91fb-2e81440dccd8,bcd64cc6-2dd9-43f6-abbe-66318d332032,d930590d-bb92-4cc8-8bd1-23cd027f9edf,a3cd009f-0ab0-420d-9278-b9fdab939bbc,6a2d0734-bd9e-4ddf-946e-caa52498cb75,c27215d8-6835-4b68-bfbb-bdeac6100c04,b5d6115f-0370-4d7c-aad3-c194cc71cf98,871c3b6c-7379-419d-bda3-794b239ab90d,ff9b0199-ce04-4cfe-86cc-6c719f08d6e4,de1c2107-70c8-4021-8459-6399f24d01c6,cbf30902-517f-40dc-af90-a550bac27cf1,5c601d96-e4c7-4698-991b-7ee674b11079
2026-4-24 20:35:31-debug:   Number of all scripts: 15
2026-4-24 20:35:31-debug:   Number of other assets: 457
2026-4-24 20:35:31-debug: Init bundle root assets success..., progress: 0%
2026-4-24 20:35:31-debug: // ---- build task 查询 Asset Bundle ---- (6ms)
2026-4-24 20:35:31-log: run build task 查询 Asset Bundle success in 6 ms√, progress: 5%
2026-4-24 20:35:31-debug: [Build Memory track]: 查询 Asset Bundle start:223.67MB, end 223.63MB, increase: -31.68KB
2026-4-24 20:35:31-debug: 查询 Asset Bundle start, progress: 5%
2026-4-24 20:35:31-debug: // ---- build task 查询 Asset Bundle ----
2026-4-24 20:35:31-debug: // ---- build task 查询 Asset Bundle ---- (2ms)
2026-4-24 20:35:31-debug: [Build Memory track]: 查询 Asset Bundle start:223.68MB, end 224.43MB, increase: 768.89KB
2026-4-24 20:35:31-log: run build task 查询 Asset Bundle success in 2 ms√, progress: 10%
2026-4-24 20:35:31-debug: 整理部分构建选项内数据到 settings.json start, progress: 10%
2026-4-24 20:35:31-debug: // ---- build task 整理部分构建选项内数据到 settings.json ----
2026-4-24 20:35:31-debug: // ---- build task 整理部分构建选项内数据到 settings.json ---- (1ms)
2026-4-24 20:35:31-debug: [Build Memory track]: 整理部分构建选项内数据到 settings.json start:223.88MB, end 223.92MB, increase: 35.20KB
2026-4-24 20:35:31-log: run build task 整理部分构建选项内数据到 settings.json success in 1 ms√, progress: 12%
2026-4-24 20:35:31-debug: 填充脚本数据到 settings.json start, progress: 12%
2026-4-24 20:35:31-debug: // ---- build task 填充脚本数据到 settings.json ----
2026-4-24 20:35:31-log: run build task 填充脚本数据到 settings.json success in √, progress: 13%
2026-4-24 20:35:31-debug: [Build Memory track]: 填充脚本数据到 settings.json start:223.96MB, end 223.98MB, increase: 21.26KB
2026-4-24 20:35:31-debug: 整理部分构建选项内数据到 settings.json start, progress: 13%
2026-4-24 20:35:31-debug: // ---- build task 整理部分构建选项内数据到 settings.json ----
2026-4-24 20:35:31-log: run build task 整理部分构建选项内数据到 settings.json success in 4 ms√, progress: 15%
2026-4-24 20:35:31-debug: [Build Memory track]: 整理部分构建选项内数据到 settings.json start:224.03MB, end 224.17MB, increase: 145.38KB
2026-4-24 20:35:31-debug: // ---- build task 整理部分构建选项内数据到 settings.json ---- (4ms)
2026-4-24 20:36:16-debug: Query all assets info in project
2026-4-24 20:36:16-debug: init custom config: keepNodeUuid: false, useCache: true
2026-4-24 20:36:16-debug: Skip compress image, progress: 0%
2026-4-24 20:36:16-debug: 查询 Asset Bundle start, progress: 0%
2026-4-24 20:36:16-debug: // ---- build task 查询 Asset Bundle ----
2026-4-24 20:36:16-debug: Init all bundles start..., progress: 0%
2026-4-24 20:36:16-debug: Num of bundles: 2..., progress: 0%
2026-4-24 20:36:16-debug: Init bundle root assets start..., progress: 0%
2026-4-24 20:36:16-debug:   Number of all scripts: 15
2026-4-24 20:36:16-debug: Query preload assets/scripts from cc.config.json: 60f7195c-ec2a-45eb-ba94-8955f60e81d0,1c02ae6f-4492-4915-b8f8-7492a3b1e4cd,810e96e4-e456-4468-9b59-f4e8f39732c0,efe8e2a3-eace-427b-b4f1-cb8a937ec77d,e9aa9a3e-5b2b-4ac7-a2c7-073de2b2b24f,8bbdbcdd-5cd4-4100-b6d5-b7c9625b6107,50f4348b-c883-4e2f-8f11-ce233b859fa1,fda095cb-831d-4601-ad94-846013963de8,f92806d7-1768-443f-afe8-12bcde84d0f0,dd3a144d-ab7f-41f0-82b8-2e43a090d496,f0416e68-0200-4b77-a926-4f9d16e494da,970b0598-bcb0-4714-91fb-2e81440dccd8,bcd64cc6-2dd9-43f6-abbe-66318d332032,d930590d-bb92-4cc8-8bd1-23cd027f9edf,a3cd009f-0ab0-420d-9278-b9fdab939bbc,6a2d0734-bd9e-4ddf-946e-caa52498cb75,c27215d8-6835-4b68-bfbb-bdeac6100c04,b5d6115f-0370-4d7c-aad3-c194cc71cf98,871c3b6c-7379-419d-bda3-794b239ab90d,ff9b0199-ce04-4cfe-86cc-6c719f08d6e4,de1c2107-70c8-4021-8459-6399f24d01c6,cbf30902-517f-40dc-af90-a550bac27cf1,5c601d96-e4c7-4698-991b-7ee674b11079
2026-4-24 20:36:16-debug:   Number of other assets: 457
2026-4-24 20:36:16-debug: Init bundle root assets success..., progress: 0%
2026-4-24 20:36:16-debug:   Number of all scenes: 2
2026-4-24 20:36:16-debug: // ---- build task 查询 Asset Bundle ---- (6ms)
2026-4-24 20:36:16-log: run build task 查询 Asset Bundle success in 6 ms√, progress: 5%
2026-4-24 20:36:16-debug: [Build Memory track]: 查询 Asset Bundle start:224.51MB, end 224.47MB, increase: -43.95KB
2026-4-24 20:36:16-debug: 查询 Asset Bundle start, progress: 5%
2026-4-24 20:36:16-debug: // ---- build task 查询 Asset Bundle ----
2026-4-24 20:36:16-debug: [Build Memory track]: 查询 Asset Bundle start:224.51MB, end 223.91MB, increase: -612.82KB
2026-4-24 20:36:16-debug: 整理部分构建选项内数据到 settings.json start, progress: 10%
2026-4-24 20:36:16-debug: // ---- build task 查询 Asset Bundle ---- (3ms)
2026-4-24 20:36:16-log: run build task 查询 Asset Bundle success in 3 ms√, progress: 10%
2026-4-24 20:36:16-debug: // ---- build task 整理部分构建选项内数据到 settings.json ----
2026-4-24 20:36:16-debug: // ---- build task 整理部分构建选项内数据到 settings.json ---- (1ms)
2026-4-24 20:36:16-log: run build task 整理部分构建选项内数据到 settings.json success in 1 ms√, progress: 12%
2026-4-24 20:36:16-debug: [Build Memory track]: 整理部分构建选项内数据到 settings.json start:223.96MB, end 224.00MB, increase: 35.14KB
2026-4-24 20:36:16-debug: 填充脚本数据到 settings.json start, progress: 12%
2026-4-24 20:36:16-debug: // ---- build task 填充脚本数据到 settings.json ----
2026-4-24 20:36:16-log: run build task 填充脚本数据到 settings.json success in √, progress: 13%
2026-4-24 20:36:16-debug: [Build Memory track]: 填充脚本数据到 settings.json start:224.04MB, end 224.07MB, increase: 24.79KB
2026-4-24 20:36:16-debug: 整理部分构建选项内数据到 settings.json start, progress: 13%
2026-4-24 20:36:16-debug: // ---- build task 整理部分构建选项内数据到 settings.json ----
2026-4-24 20:36:16-log: run build task 整理部分构建选项内数据到 settings.json success in 4 ms√, progress: 15%
2026-4-24 20:36:16-debug: [Build Memory track]: 整理部分构建选项内数据到 settings.json start:224.11MB, end 224.25MB, increase: 139.60KB
2026-4-24 20:36:16-debug: // ---- build task 整理部分构建选项内数据到 settings.json ---- (4ms)
2026-4-24 20:40:49-debug: refresh db internal success
2026-4-24 20:40:49-debug: refresh db assets success
2026-4-24 20:40:49-debug: Run asset db hook engine-extends:afterRefresh ...
2026-4-24 20:40:49-debug: Run asset db hook engine-extends:afterRefresh success!
2026-4-24 20:40:49-debug: asset-db:refresh-all-database (103ms)
2026-4-24 20:41:17-debug: refresh db internal success
2026-4-24 20:41:17-debug: refresh db assets success
2026-4-24 20:41:17-debug: Run asset db hook engine-extends:afterRefresh ...
2026-4-24 20:41:17-debug: Run asset db hook engine-extends:afterRefresh success!
2026-4-24 20:41:17-debug: asset-db:refresh-all-database (105ms)
2026-4-24 20:41:17-debug: asset-db:worker-effect-data-processing (2ms)
2026-4-24 20:41:17-debug: asset-db-hook-engine-extends-afterRefresh (2ms)
2026-4-24 20:43:24-debug: Query all assets info in project
2026-4-24 20:43:24-debug: init custom config: keepNodeUuid: false, useCache: true
2026-4-24 20:43:24-debug: Skip compress image, progress: 0%
2026-4-24 20:43:24-debug: Init all bundles start..., progress: 0%
2026-4-24 20:43:24-debug: 查询 Asset Bundle start, progress: 0%
2026-4-24 20:43:24-debug: Num of bundles: 2..., progress: 0%
2026-4-24 20:43:24-debug: // ---- build task 查询 Asset Bundle ----
2026-4-24 20:43:24-debug: Init bundle root assets start..., progress: 0%
2026-4-24 20:43:24-debug:   Number of all scenes: 2
2026-4-24 20:43:24-debug:   Number of other assets: 457
2026-4-24 20:43:24-debug: Query preload assets/scripts from cc.config.json: 60f7195c-ec2a-45eb-ba94-8955f60e81d0,1c02ae6f-4492-4915-b8f8-7492a3b1e4cd,810e96e4-e456-4468-9b59-f4e8f39732c0,efe8e2a3-eace-427b-b4f1-cb8a937ec77d,e9aa9a3e-5b2b-4ac7-a2c7-073de2b2b24f,8bbdbcdd-5cd4-4100-b6d5-b7c9625b6107,50f4348b-c883-4e2f-8f11-ce233b859fa1,fda095cb-831d-4601-ad94-846013963de8,f92806d7-1768-443f-afe8-12bcde84d0f0,dd3a144d-ab7f-41f0-82b8-2e43a090d496,f0416e68-0200-4b77-a926-4f9d16e494da,970b0598-bcb0-4714-91fb-2e81440dccd8,bcd64cc6-2dd9-43f6-abbe-66318d332032,d930590d-bb92-4cc8-8bd1-23cd027f9edf,a3cd009f-0ab0-420d-9278-b9fdab939bbc,6a2d0734-bd9e-4ddf-946e-caa52498cb75,c27215d8-6835-4b68-bfbb-bdeac6100c04,b5d6115f-0370-4d7c-aad3-c194cc71cf98,871c3b6c-7379-419d-bda3-794b239ab90d,ff9b0199-ce04-4cfe-86cc-6c719f08d6e4,de1c2107-70c8-4021-8459-6399f24d01c6,cbf30902-517f-40dc-af90-a550bac27cf1,5c601d96-e4c7-4698-991b-7ee674b11079
2026-4-24 20:43:24-debug: Init bundle root assets success..., progress: 0%
2026-4-24 20:43:24-debug:   Number of all scripts: 15
2026-4-24 20:43:24-log: run build task 查询 Asset Bundle success in 5 ms√, progress: 5%
2026-4-24 20:43:24-debug: [Build Memory track]: 查询 Asset Bundle start:227.52MB, end 227.31MB, increase: -223.56KB
2026-4-24 20:43:24-debug: 查询 Asset Bundle start, progress: 5%
2026-4-24 20:43:24-debug: // ---- build task 查询 Asset Bundle ---- (5ms)
2026-4-24 20:43:24-debug: // ---- build task 查询 Asset Bundle ----
2026-4-24 20:43:24-debug: // ---- build task 查询 Asset Bundle ---- (1ms)
2026-4-24 20:43:24-log: run build task 查询 Asset Bundle success in 1 ms√, progress: 10%
2026-4-24 20:43:24-debug: [Build Memory track]: 查询 Asset Bundle start:227.35MB, end 227.48MB, increase: 136.48KB
2026-4-24 20:43:24-debug: 整理部分构建选项内数据到 settings.json start, progress: 10%
2026-4-24 20:43:24-debug: // ---- build task 整理部分构建选项内数据到 settings.json ----
2026-4-24 20:43:24-debug: // ---- build task 整理部分构建选项内数据到 settings.json ---- (-1ms)
2026-4-24 20:43:24-log: run build task 整理部分构建选项内数据到 settings.json success in -1 h -1 min -1 s√, progress: 12%
2026-4-24 20:43:24-debug: [Build Memory track]: 整理部分构建选项内数据到 settings.json start:227.52MB, end 227.56MB, increase: 34.56KB
2026-4-24 20:43:24-debug: 填充脚本数据到 settings.json start, progress: 12%
2026-4-24 20:43:24-debug: // ---- build task 填充脚本数据到 settings.json ----
2026-4-24 20:43:24-log: run build task 填充脚本数据到 settings.json success in √, progress: 13%
2026-4-24 20:43:24-debug: [Build Memory track]: 填充脚本数据到 settings.json start:227.60MB, end 227.62MB, increase: 20.68KB
2026-4-24 20:43:24-debug: 整理部分构建选项内数据到 settings.json start, progress: 13%
2026-4-24 20:43:24-debug: // ---- build task 整理部分构建选项内数据到 settings.json ----
2026-4-24 20:43:24-debug: [Build Memory track]: 整理部分构建选项内数据到 settings.json start:227.66MB, end 227.80MB, increase: 140.69KB
2026-4-24 20:43:24-log: run build task 整理部分构建选项内数据到 settings.json success in 3 ms√, progress: 15%
2026-4-24 20:43:24-debug: // ---- build task 整理部分构建选项内数据到 settings.json ---- (3ms)
2026-4-24 21:01:31-debug: refresh db internal success
2026-4-24 21:01:31-debug: refresh db assets success
2026-4-24 21:01:31-debug: Run asset db hook engine-extends:afterRefresh ...
2026-4-24 21:01:31-debug: Run asset db hook engine-extends:afterRefresh success!
2026-4-24 21:01:31-debug: asset-db:refresh-all-database (104ms)
2026-4-24 21:01:31-debug: asset-db:worker-effect-data-processing (1ms)
2026-4-24 21:01:31-debug: asset-db-hook-engine-extends-afterRefresh (2ms)
2026-4-24 21:04:07-debug: refresh db internal success
2026-4-24 21:04:07-debug: refresh db assets success
2026-4-24 21:04:07-debug: Run asset db hook engine-extends:afterRefresh ...
2026-4-24 21:04:07-debug: Run asset db hook engine-extends:afterRefresh success!
2026-4-24 21:04:07-debug: asset-db:refresh-all-database (106ms)
2026-4-24 21:04:31-debug: refresh db internal success
2026-4-24 21:04:31-debug: Run asset db hook engine-extends:afterRefresh ...
2026-4-24 21:04:31-debug: Run asset db hook engine-extends:afterRefresh success!
2026-4-24 21:04:31-debug: refresh db assets success
2026-4-24 21:04:31-debug: asset-db:refresh-all-database (105ms)
2026-4-24 21:05:18-debug: refresh db internal success
2026-4-24 21:05:18-debug: refresh db assets success
2026-4-24 21:05:18-debug: Run asset db hook engine-extends:afterRefresh ...
2026-4-24 21:05:18-debug: Run asset db hook engine-extends:afterRefresh success!
2026-4-24 21:05:18-debug: asset-db:refresh-all-database (96ms)
2026-4-24 21:06:07-debug: Query all assets info in project
2026-4-24 21:06:07-debug: init custom config: keepNodeUuid: false, useCache: true
2026-4-24 21:06:07-debug: Skip compress image, progress: 0%
2026-4-24 21:06:07-debug: Num of bundles: 2..., progress: 0%
2026-4-24 21:06:07-debug: Init all bundles start..., progress: 0%
2026-4-24 21:06:07-debug: 查询 Asset Bundle start, progress: 0%
2026-4-24 21:06:07-debug: // ---- build task 查询 Asset Bundle ----
2026-4-24 21:06:07-debug: Init bundle root assets start..., progress: 0%
2026-4-24 21:06:07-debug: Query preload assets/scripts from cc.config.json: 60f7195c-ec2a-45eb-ba94-8955f60e81d0,1c02ae6f-4492-4915-b8f8-7492a3b1e4cd,810e96e4-e456-4468-9b59-f4e8f39732c0,efe8e2a3-eace-427b-b4f1-cb8a937ec77d,e9aa9a3e-5b2b-4ac7-a2c7-073de2b2b24f,8bbdbcdd-5cd4-4100-b6d5-b7c9625b6107,50f4348b-c883-4e2f-8f11-ce233b859fa1,fda095cb-831d-4601-ad94-846013963de8,f92806d7-1768-443f-afe8-12bcde84d0f0,dd3a144d-ab7f-41f0-82b8-2e43a090d496,f0416e68-0200-4b77-a926-4f9d16e494da,970b0598-bcb0-4714-91fb-2e81440dccd8,bcd64cc6-2dd9-43f6-abbe-66318d332032,d930590d-bb92-4cc8-8bd1-23cd027f9edf,a3cd009f-0ab0-420d-9278-b9fdab939bbc,6a2d0734-bd9e-4ddf-946e-caa52498cb75,c27215d8-6835-4b68-bfbb-bdeac6100c04,b5d6115f-0370-4d7c-aad3-c194cc71cf98,871c3b6c-7379-419d-bda3-794b239ab90d,ff9b0199-ce04-4cfe-86cc-6c719f08d6e4,de1c2107-70c8-4021-8459-6399f24d01c6,cbf30902-517f-40dc-af90-a550bac27cf1,5c601d96-e4c7-4698-991b-7ee674b11079
2026-4-24 21:06:07-debug:   Number of all scenes: 2
2026-4-24 21:06:07-debug:   Number of other assets: 457
2026-4-24 21:06:07-debug:   Number of all scripts: 15
2026-4-24 21:06:07-debug: Init bundle root assets success..., progress: 0%
2026-4-24 21:06:07-debug: // ---- build task 查询 Asset Bundle ---- (4ms)
2026-4-24 21:06:07-log: run build task 查询 Asset Bundle success in 4 ms√, progress: 5%
2026-4-24 21:06:07-debug: [Build Memory track]: 查询 Asset Bundle start:232.58MB, end 232.31MB, increase: -281.11KB
2026-4-24 21:06:07-debug: 查询 Asset Bundle start, progress: 5%
2026-4-24 21:06:07-debug: // ---- build task 查询 Asset Bundle ----
2026-4-24 21:06:07-debug: // ---- build task 查询 Asset Bundle ---- (1ms)
2026-4-24 21:06:07-log: run build task 查询 Asset Bundle success in 1 ms√, progress: 10%
2026-4-24 21:06:07-debug: [Build Memory track]: 查询 Asset Bundle start:232.35MB, end 231.74MB, increase: -618.12KB
2026-4-24 21:06:07-debug: 整理部分构建选项内数据到 settings.json start, progress: 10%
2026-4-24 21:06:07-debug: // ---- build task 整理部分构建选项内数据到 settings.json ----
2026-4-24 21:06:07-log: run build task 整理部分构建选项内数据到 settings.json success in √, progress: 12%
2026-4-24 21:06:07-debug: [Build Memory track]: 整理部分构建选项内数据到 settings.json start:231.79MB, end 231.80MB, increase: 18.37KB
2026-4-24 21:06:07-debug: 填充脚本数据到 settings.json start, progress: 12%
2026-4-24 21:06:07-debug: // ---- build task 填充脚本数据到 settings.json ----
2026-4-24 21:06:07-debug: 整理部分构建选项内数据到 settings.json start, progress: 13%
2026-4-24 21:06:07-log: run build task 填充脚本数据到 settings.json success in √, progress: 13%
2026-4-24 21:06:07-debug: [Build Memory track]: 填充脚本数据到 settings.json start:231.85MB, end 231.87MB, increase: 22.20KB
2026-4-24 21:06:07-debug: // ---- build task 整理部分构建选项内数据到 settings.json ----
2026-4-24 21:06:07-debug: // ---- build task 整理部分构建选项内数据到 settings.json ---- (5ms)
2026-4-24 21:06:07-log: run build task 整理部分构建选项内数据到 settings.json success in 5 ms√, progress: 15%
2026-4-24 21:06:07-debug: [Build Memory track]: 整理部分构建选项内数据到 settings.json start:231.91MB, end 232.05MB, increase: 143.15KB
2026-4-24 21:06:56-debug: refresh db internal success
2026-4-24 21:06:56-debug: Run asset db hook engine-extends:afterRefresh ...
2026-4-24 21:06:56-debug: refresh db assets success
2026-4-24 21:06:56-debug: Run asset db hook engine-extends:afterRefresh success!
2026-4-24 21:06:56-debug: asset-db:refresh-all-database (118ms)
2026-4-24 21:06:56-debug: asset-db:worker-effect-data-processing (2ms)
2026-4-24 21:06:56-debug: asset-db-hook-engine-extends-afterRefresh (2ms)
2026-4-24 21:07:09-debug: refresh db internal success
2026-4-24 21:07:09-debug: %cImport%c: D:\cocos_zml\zml-cocos2d-games\zml-cocos2d-AirplaneBattle\assets\Scripts\Player.tsbackground: #aaff85; color: #000;color: #000;
2026-4-24 21:07:09-debug: Run asset db hook engine-extends:afterRefresh ...
2026-4-24 21:07:09-debug: Run asset db hook engine-extends:afterRefresh success!
2026-4-24 21:07:09-debug: refresh db assets success
2026-4-24 21:07:09-debug: asset-db:refresh-all-database (97ms)
2026-4-24 21:07:09-debug: asset-db:worker-effect-data-processing (2ms)
2026-4-24 21:07:09-debug: asset-db-hook-engine-extends-afterRefresh (2ms)
2026-4-24 21:10:25-debug: refresh db internal success
2026-4-24 21:10:25-debug: %cImport%c: D:\cocos_zml\zml-cocos2d-games\zml-cocos2d-AirplaneBattle\assets\Scripts\Player.tsbackground: #aaff85; color: #000;color: #000;
2026-4-24 21:10:25-debug: refresh db assets success
2026-4-24 21:10:25-debug: Run asset db hook engine-extends:afterRefresh ...
2026-4-24 21:10:25-debug: Run asset db hook engine-extends:afterRefresh success!
2026-4-24 21:10:25-debug: asset-db:refresh-all-database (102ms)
2026-4-24 21:10:25-debug: asset-db:worker-effect-data-processing (1ms)
2026-4-24 21:10:25-debug: asset-db-hook-engine-extends-afterRefresh (1ms)
2026-4-24 21:10:36-debug: Query all assets info in project
2026-4-24 21:10:36-debug: init custom config: keepNodeUuid: false, useCache: true
2026-4-24 21:10:36-debug: Skip compress image, progress: 0%
2026-4-24 21:10:36-debug: Init all bundles start..., progress: 0%
2026-4-24 21:10:36-debug: Num of bundles: 2..., progress: 0%
2026-4-24 21:10:36-debug: 查询 Asset Bundle start, progress: 0%
2026-4-24 21:10:36-debug: // ---- build task 查询 Asset Bundle ----
2026-4-24 21:10:36-debug: Init bundle root assets start..., progress: 0%
2026-4-24 21:10:36-debug:   Number of all scenes: 2
2026-4-24 21:10:36-debug:   Number of other assets: 457
2026-4-24 21:10:36-debug: Query preload assets/scripts from cc.config.json: 60f7195c-ec2a-45eb-ba94-8955f60e81d0,1c02ae6f-4492-4915-b8f8-7492a3b1e4cd,810e96e4-e456-4468-9b59-f4e8f39732c0,efe8e2a3-eace-427b-b4f1-cb8a937ec77d,e9aa9a3e-5b2b-4ac7-a2c7-073de2b2b24f,8bbdbcdd-5cd4-4100-b6d5-b7c9625b6107,50f4348b-c883-4e2f-8f11-ce233b859fa1,fda095cb-831d-4601-ad94-846013963de8,f92806d7-1768-443f-afe8-12bcde84d0f0,dd3a144d-ab7f-41f0-82b8-2e43a090d496,f0416e68-0200-4b77-a926-4f9d16e494da,970b0598-bcb0-4714-91fb-2e81440dccd8,bcd64cc6-2dd9-43f6-abbe-66318d332032,d930590d-bb92-4cc8-8bd1-23cd027f9edf,a3cd009f-0ab0-420d-9278-b9fdab939bbc,6a2d0734-bd9e-4ddf-946e-caa52498cb75,c27215d8-6835-4b68-bfbb-bdeac6100c04,b5d6115f-0370-4d7c-aad3-c194cc71cf98,871c3b6c-7379-419d-bda3-794b239ab90d,ff9b0199-ce04-4cfe-86cc-6c719f08d6e4,de1c2107-70c8-4021-8459-6399f24d01c6,cbf30902-517f-40dc-af90-a550bac27cf1,5c601d96-e4c7-4698-991b-7ee674b11079
2026-4-24 21:10:36-debug:   Number of all scripts: 15
2026-4-24 21:10:36-debug: Init bundle root assets success..., progress: 0%
2026-4-24 21:10:36-debug: // ---- build task 查询 Asset Bundle ---- (6ms)
2026-4-24 21:10:36-log: run build task 查询 Asset Bundle success in 6 ms√, progress: 5%
2026-4-24 21:10:36-debug: [Build Memory track]: 查询 Asset Bundle start:235.60MB, end 235.32MB, increase: -287.98KB
2026-4-24 21:10:36-debug: 查询 Asset Bundle start, progress: 5%
2026-4-24 21:10:36-debug: // ---- build task 查询 Asset Bundle ----
2026-4-24 21:10:36-debug: // ---- build task 查询 Asset Bundle ---- (2ms)
2026-4-24 21:10:36-log: run build task 查询 Asset Bundle success in 2 ms√, progress: 10%
2026-4-24 21:10:36-debug: 整理部分构建选项内数据到 settings.json start, progress: 10%
2026-4-24 21:10:36-debug: [Build Memory track]: 查询 Asset Bundle start:235.36MB, end 235.50MB, increase: 137.09KB
2026-4-24 21:10:36-debug: // ---- build task 整理部分构建选项内数据到 settings.json ----
2026-4-24 21:10:36-log: run build task 整理部分构建选项内数据到 settings.json success in √, progress: 12%
2026-4-24 21:10:36-debug: 填充脚本数据到 settings.json start, progress: 12%
2026-4-24 21:10:36-debug: [Build Memory track]: 整理部分构建选项内数据到 settings.json start:235.54MB, end 235.57MB, increase: 28.78KB
2026-4-24 21:10:36-debug: // ---- build task 填充脚本数据到 settings.json ----
2026-4-24 21:10:36-debug: // ---- build task 填充脚本数据到 settings.json ---- (1ms)
2026-4-24 21:10:36-log: run build task 填充脚本数据到 settings.json success in 1 ms√, progress: 13%
2026-4-24 21:10:36-debug: [Build Memory track]: 填充脚本数据到 settings.json start:235.61MB, end 235.64MB, increase: 34.41KB
2026-4-24 21:10:36-debug: 整理部分构建选项内数据到 settings.json start, progress: 13%
2026-4-24 21:10:36-debug: // ---- build task 整理部分构建选项内数据到 settings.json ----
2026-4-24 21:10:36-debug: [Build Memory track]: 整理部分构建选项内数据到 settings.json start:235.69MB, end 235.83MB, increase: 144.23KB
2026-4-24 21:10:36-log: run build task 整理部分构建选项内数据到 settings.json success in 5 ms√, progress: 15%
2026-4-24 21:10:36-debug: // ---- build task 整理部分构建选项内数据到 settings.json ---- (5ms)
2026-4-24 21:10:44-debug: refresh db internal success
2026-4-24 21:10:44-debug: refresh db assets success
2026-4-24 21:10:44-debug: Run asset db hook engine-extends:afterRefresh ...
2026-4-24 21:10:44-debug: Run asset db hook engine-extends:afterRefresh success!
2026-4-24 21:10:44-debug: asset-db:refresh-all-database (103ms)
2026-4-24 21:10:44-debug: asset-db-hook-engine-extends-afterRefresh (2ms)
2026-4-24 21:10:51-debug: Query all assets info in project
2026-4-24 21:10:51-debug: init custom config: keepNodeUuid: false, useCache: true
2026-4-24 21:10:51-debug: Skip compress image, progress: 0%
2026-4-24 21:10:51-debug: Init all bundles start..., progress: 0%
2026-4-24 21:10:51-debug: Num of bundles: 2..., progress: 0%
2026-4-24 21:10:51-debug: 查询 Asset Bundle start, progress: 0%
2026-4-24 21:10:51-debug: // ---- build task 查询 Asset Bundle ----
2026-4-24 21:10:51-debug: Init bundle root assets start..., progress: 0%
2026-4-24 21:10:51-debug:   Number of all scenes: 2
2026-4-24 21:10:51-debug:   Number of other assets: 457
2026-4-24 21:10:51-debug: Query preload assets/scripts from cc.config.json: 60f7195c-ec2a-45eb-ba94-8955f60e81d0,1c02ae6f-4492-4915-b8f8-7492a3b1e4cd,810e96e4-e456-4468-9b59-f4e8f39732c0,efe8e2a3-eace-427b-b4f1-cb8a937ec77d,e9aa9a3e-5b2b-4ac7-a2c7-073de2b2b24f,8bbdbcdd-5cd4-4100-b6d5-b7c9625b6107,50f4348b-c883-4e2f-8f11-ce233b859fa1,fda095cb-831d-4601-ad94-846013963de8,f92806d7-1768-443f-afe8-12bcde84d0f0,dd3a144d-ab7f-41f0-82b8-2e43a090d496,f0416e68-0200-4b77-a926-4f9d16e494da,970b0598-bcb0-4714-91fb-2e81440dccd8,bcd64cc6-2dd9-43f6-abbe-66318d332032,d930590d-bb92-4cc8-8bd1-23cd027f9edf,a3cd009f-0ab0-420d-9278-b9fdab939bbc,6a2d0734-bd9e-4ddf-946e-caa52498cb75,c27215d8-6835-4b68-bfbb-bdeac6100c04,b5d6115f-0370-4d7c-aad3-c194cc71cf98,871c3b6c-7379-419d-bda3-794b239ab90d,ff9b0199-ce04-4cfe-86cc-6c719f08d6e4,de1c2107-70c8-4021-8459-6399f24d01c6,cbf30902-517f-40dc-af90-a550bac27cf1,5c601d96-e4c7-4698-991b-7ee674b11079
2026-4-24 21:10:51-debug:   Number of all scripts: 15
2026-4-24 21:10:51-debug: Init bundle root assets success..., progress: 0%
2026-4-24 21:10:51-debug: // ---- build task 查询 Asset Bundle ---- (5ms)
2026-4-24 21:10:51-debug: [Build Memory track]: 查询 Asset Bundle start:236.79MB, end 236.50MB, increase: -300.99KB
2026-4-24 21:10:51-debug: 查询 Asset Bundle start, progress: 5%
2026-4-24 21:10:51-log: run build task 查询 Asset Bundle success in 5 ms√, progress: 5%
2026-4-24 21:10:51-debug: // ---- build task 查询 Asset Bundle ----
2026-4-24 21:10:51-debug: // ---- build task 查询 Asset Bundle ---- (2ms)
2026-4-24 21:10:51-log: run build task 查询 Asset Bundle success in 2 ms√, progress: 10%
2026-4-24 21:10:51-debug: [Build Memory track]: 查询 Asset Bundle start:236.54MB, end 236.83MB, increase: 296.06KB
2026-4-24 21:10:51-debug: 整理部分构建选项内数据到 settings.json start, progress: 10%
2026-4-24 21:10:51-debug: // ---- build task 整理部分构建选项内数据到 settings.json ----
2026-4-24 21:10:51-debug: [Build Memory track]: 整理部分构建选项内数据到 settings.json start:236.87MB, end 236.89MB, increase: 19.59KB
2026-4-24 21:10:51-log: run build task 整理部分构建选项内数据到 settings.json success in √, progress: 12%
2026-4-24 21:10:51-debug: 填充脚本数据到 settings.json start, progress: 12%
2026-4-24 21:10:51-debug: // ---- build task 填充脚本数据到 settings.json ----
2026-4-24 21:10:51-debug: // ---- build task 填充脚本数据到 settings.json ---- (1ms)
2026-4-24 21:10:51-log: run build task 填充脚本数据到 settings.json success in 1 ms√, progress: 13%
2026-4-24 21:10:51-debug: [Build Memory track]: 填充脚本数据到 settings.json start:236.93MB, end 236.97MB, increase: 35.46KB
2026-4-24 21:10:51-debug: 整理部分构建选项内数据到 settings.json start, progress: 13%
2026-4-24 21:10:51-debug: // ---- build task 整理部分构建选项内数据到 settings.json ----
2026-4-24 21:10:51-log: run build task 整理部分构建选项内数据到 settings.json success in 4 ms√, progress: 15%
2026-4-24 21:10:51-debug: [Build Memory track]: 整理部分构建选项内数据到 settings.json start:237.01MB, end 236.28MB, increase: -743.31KB
2026-4-24 21:10:51-debug: // ---- build task 整理部分构建选项内数据到 settings.json ---- (4ms)
2026-4-24 21:13:33-debug: refresh db internal success
2026-4-24 21:13:33-debug: refresh db assets success
2026-4-24 21:13:33-debug: Run asset db hook engine-extends:afterRefresh ...
2026-4-24 21:13:33-debug: Run asset db hook engine-extends:afterRefresh success!
2026-4-24 21:13:33-debug: asset-db:refresh-all-database (93ms)
2026-4-24 21:14:04-debug: refresh db internal success
2026-4-24 21:14:04-debug: refresh db assets success
2026-4-24 21:14:04-debug: Run asset db hook engine-extends:afterRefresh ...
2026-4-24 21:14:04-debug: Run asset db hook engine-extends:afterRefresh success!
2026-4-24 21:14:04-debug: asset-db:refresh-all-database (93ms)
2026-4-24 21:17:56-debug: refresh db internal success
2026-4-24 21:17:56-debug: Run asset db hook engine-extends:afterRefresh ...
2026-4-24 21:17:56-debug: Run asset db hook engine-extends:afterRefresh success!
2026-4-24 21:17:56-debug: refresh db assets success
2026-4-24 21:17:56-debug: asset-db:refresh-all-database (95ms)
2026-4-24 21:17:56-debug: asset-db:worker-effect-data-processing (1ms)
2026-4-24 21:17:56-debug: asset-db-hook-engine-extends-afterRefresh (1ms)
2026-4-24 21:18:24-debug: Query all assets info in project
2026-4-24 21:18:24-debug: init custom config: keepNodeUuid: false, useCache: true
2026-4-24 21:18:24-debug: Skip compress image, progress: 0%
2026-4-24 21:18:24-debug: Num of bundles: 2..., progress: 0%
2026-4-24 21:18:24-debug: Init all bundles start..., progress: 0%
2026-4-24 21:18:24-debug: 查询 Asset Bundle start, progress: 0%
2026-4-24 21:18:24-debug: // ---- build task 查询 Asset Bundle ----
2026-4-24 21:18:24-debug: Init bundle root assets start..., progress: 0%
2026-4-24 21:18:24-debug: Query preload assets/scripts from cc.config.json: 60f7195c-ec2a-45eb-ba94-8955f60e81d0,1c02ae6f-4492-4915-b8f8-7492a3b1e4cd,810e96e4-e456-4468-9b59-f4e8f39732c0,efe8e2a3-eace-427b-b4f1-cb8a937ec77d,e9aa9a3e-5b2b-4ac7-a2c7-073de2b2b24f,8bbdbcdd-5cd4-4100-b6d5-b7c9625b6107,50f4348b-c883-4e2f-8f11-ce233b859fa1,fda095cb-831d-4601-ad94-846013963de8,f92806d7-1768-443f-afe8-12bcde84d0f0,dd3a144d-ab7f-41f0-82b8-2e43a090d496,f0416e68-0200-4b77-a926-4f9d16e494da,970b0598-bcb0-4714-91fb-2e81440dccd8,bcd64cc6-2dd9-43f6-abbe-66318d332032,d930590d-bb92-4cc8-8bd1-23cd027f9edf,a3cd009f-0ab0-420d-9278-b9fdab939bbc,6a2d0734-bd9e-4ddf-946e-caa52498cb75,c27215d8-6835-4b68-bfbb-bdeac6100c04,b5d6115f-0370-4d7c-aad3-c194cc71cf98,871c3b6c-7379-419d-bda3-794b239ab90d,ff9b0199-ce04-4cfe-86cc-6c719f08d6e4,de1c2107-70c8-4021-8459-6399f24d01c6,cbf30902-517f-40dc-af90-a550bac27cf1,5c601d96-e4c7-4698-991b-7ee674b11079
2026-4-24 21:18:24-debug:   Number of all scenes: 2
2026-4-24 21:18:24-debug:   Number of other assets: 457
2026-4-24 21:18:24-debug: Init bundle root assets success..., progress: 0%
2026-4-24 21:18:24-debug:   Number of all scripts: 15
2026-4-24 21:18:24-debug: // ---- build task 查询 Asset Bundle ---- (4ms)
2026-4-24 21:18:24-log: run build task 查询 Asset Bundle success in 4 ms√, progress: 5%
2026-4-24 21:18:24-debug: [Build Memory track]: 查询 Asset Bundle start:240.00MB, end 239.70MB, increase: -302.39KB
2026-4-24 21:18:24-debug: 查询 Asset Bundle start, progress: 5%
2026-4-24 21:18:24-debug: // ---- build task 查询 Asset Bundle ----
2026-4-24 21:18:24-debug: // ---- build task 查询 Asset Bundle ---- (2ms)
2026-4-24 21:18:24-log: run build task 查询 Asset Bundle success in 2 ms√, progress: 10%
2026-4-24 21:18:24-debug: [Build Memory track]: 查询 Asset Bundle start:239.73MB, end 239.86MB, increase: 129.84KB
2026-4-24 21:18:24-debug: 整理部分构建选项内数据到 settings.json start, progress: 10%
2026-4-24 21:18:24-debug: // ---- build task 整理部分构建选项内数据到 settings.json ----
2026-4-24 21:18:24-debug: [Build Memory track]: 整理部分构建选项内数据到 settings.json start:239.89MB, end 239.91MB, increase: 18.45KB
2026-4-24 21:18:24-log: run build task 整理部分构建选项内数据到 settings.json success in √, progress: 12%
2026-4-24 21:18:24-debug: 填充脚本数据到 settings.json start, progress: 12%
2026-4-24 21:18:24-debug: // ---- build task 填充脚本数据到 settings.json ----
2026-4-24 21:18:24-debug: // ---- build task 填充脚本数据到 settings.json ---- (-1ms)
2026-4-24 21:18:24-log: run build task 填充脚本数据到 settings.json success in -1 h -1 min -1 s√, progress: 13%
2026-4-24 21:18:24-debug: [Build Memory track]: 填充脚本数据到 settings.json start:239.94MB, end 239.97MB, increase: 25.89KB
2026-4-24 21:18:24-debug: 整理部分构建选项内数据到 settings.json start, progress: 13%
2026-4-24 21:18:24-debug: // ---- build task 整理部分构建选项内数据到 settings.json ----
2026-4-24 21:18:24-log: run build task 整理部分构建选项内数据到 settings.json success in 3 ms√, progress: 15%
2026-4-24 21:18:24-debug: [Build Memory track]: 整理部分构建选项内数据到 settings.json start:240.00MB, end 240.12MB, increase: 127.09KB
2026-4-24 21:18:24-debug: // ---- build task 整理部分构建选项内数据到 settings.json ---- (3ms)
2026-4-24 21:19:34-debug: refresh db internal success
2026-4-24 21:19:34-debug: Run asset db hook engine-extends:afterRefresh ...
2026-4-24 21:19:34-debug: Run asset db hook engine-extends:afterRefresh success!
2026-4-24 21:19:34-debug: refresh db assets success
2026-4-24 21:19:34-debug: asset-db:refresh-all-database (95ms)
2026-4-24 21:19:34-debug: asset-db:worker-effect-data-processing (1ms)
2026-4-24 21:19:34-debug: asset-db-hook-engine-extends-afterRefresh (1ms)
2026-4-24 21:19:39-debug: refresh db internal success
2026-4-24 21:19:39-debug: Run asset db hook engine-extends:afterRefresh ...
2026-4-24 21:19:39-debug: Run asset db hook engine-extends:afterRefresh success!
2026-4-24 21:19:39-debug: refresh db assets success
2026-4-24 21:19:39-debug: asset-db:refresh-all-database (142ms)
2026-4-24 21:19:39-debug: asset-db:worker-effect-data-processing (1ms)
2026-4-24 21:19:39-debug: asset-db-hook-engine-extends-afterRefresh (2ms)
2026-4-24 21:22:13-debug: refresh db internal success
2026-4-24 21:22:13-debug: %cImport%c: D:\cocos_zml\zml-cocos2d-games\zml-cocos2d-AirplaneBattle\assets\Scripts\Player.tsbackground: #aaff85; color: #000;color: #000;
2026-4-24 21:22:13-debug: refresh db assets success
2026-4-24 21:22:13-debug: Run asset db hook engine-extends:afterRefresh ...
2026-4-24 21:22:13-debug: Run asset db hook engine-extends:afterRefresh success!
2026-4-24 21:22:13-debug: asset-db:refresh-all-database (108ms)
2026-4-24 21:22:13-debug: asset-db:worker-effect-data-processing (3ms)
2026-4-24 21:22:13-debug: asset-db-hook-engine-extends-afterRefresh (3ms)
2026-4-24 21:22:26-debug: refresh db internal success
2026-4-24 21:22:26-debug: %cImport%c: D:\cocos_zml\zml-cocos2d-games\zml-cocos2d-AirplaneBattle\assets\Scripts\Player.tsbackground: #aaff85; color: #000;color: #000;
2026-4-24 21:22:26-debug: refresh db assets success
2026-4-24 21:22:26-debug: Run asset db hook engine-extends:afterRefresh ...
2026-4-24 21:22:26-debug: Run asset db hook engine-extends:afterRefresh success!
2026-4-24 21:22:26-debug: asset-db:refresh-all-database (114ms)
2026-4-24 21:22:26-debug: asset-db:worker-effect-data-processing (2ms)
2026-4-24 21:22:26-debug: asset-db-hook-engine-extends-afterRefresh (2ms)
2026-4-24 21:22:27-debug: Query all assets info in project
2026-4-24 21:22:27-debug: init custom config: keepNodeUuid: false, useCache: true
2026-4-24 21:22:27-debug: Skip compress image, progress: 0%
2026-4-24 21:22:27-debug: 查询 Asset Bundle start, progress: 0%
2026-4-24 21:22:27-debug: Init all bundles start..., progress: 0%
2026-4-24 21:22:27-debug: Num of bundles: 2..., progress: 0%
2026-4-24 21:22:27-debug: // ---- build task 查询 Asset Bundle ----
2026-4-24 21:22:27-debug: Init bundle root assets start..., progress: 0%
2026-4-24 21:22:27-debug:   Number of all scenes: 2
2026-4-24 21:22:27-debug:   Number of all scripts: 15
2026-4-24 21:22:27-debug: Query preload assets/scripts from cc.config.json: 60f7195c-ec2a-45eb-ba94-8955f60e81d0,1c02ae6f-4492-4915-b8f8-7492a3b1e4cd,810e96e4-e456-4468-9b59-f4e8f39732c0,efe8e2a3-eace-427b-b4f1-cb8a937ec77d,e9aa9a3e-5b2b-4ac7-a2c7-073de2b2b24f,8bbdbcdd-5cd4-4100-b6d5-b7c9625b6107,50f4348b-c883-4e2f-8f11-ce233b859fa1,fda095cb-831d-4601-ad94-846013963de8,f92806d7-1768-443f-afe8-12bcde84d0f0,dd3a144d-ab7f-41f0-82b8-2e43a090d496,f0416e68-0200-4b77-a926-4f9d16e494da,970b0598-bcb0-4714-91fb-2e81440dccd8,bcd64cc6-2dd9-43f6-abbe-66318d332032,d930590d-bb92-4cc8-8bd1-23cd027f9edf,a3cd009f-0ab0-420d-9278-b9fdab939bbc,6a2d0734-bd9e-4ddf-946e-caa52498cb75,c27215d8-6835-4b68-bfbb-bdeac6100c04,b5d6115f-0370-4d7c-aad3-c194cc71cf98,871c3b6c-7379-419d-bda3-794b239ab90d,ff9b0199-ce04-4cfe-86cc-6c719f08d6e4,de1c2107-70c8-4021-8459-6399f24d01c6,cbf30902-517f-40dc-af90-a550bac27cf1,5c601d96-e4c7-4698-991b-7ee674b11079
2026-4-24 21:22:27-debug:   Number of other assets: 457
2026-4-24 21:22:27-debug: Init bundle root assets success..., progress: 0%
2026-4-24 21:22:27-debug: // ---- build task 查询 Asset Bundle ---- (5ms)
2026-4-24 21:22:27-debug: 查询 Asset Bundle start, progress: 5%
2026-4-24 21:22:27-debug: [Build Memory track]: 查询 Asset Bundle start:224.50MB, end 224.22MB, increase: -282.56KB
2026-4-24 21:22:27-log: run build task 查询 Asset Bundle success in 5 ms√, progress: 5%
2026-4-24 21:22:27-debug: // ---- build task 查询 Asset Bundle ----
2026-4-24 21:22:27-log: run build task 查询 Asset Bundle success in 2 ms√, progress: 10%
2026-4-24 21:22:27-debug: [Build Memory track]: 查询 Asset Bundle start:224.25MB, end 224.38MB, increase: 133.25KB
2026-4-24 21:22:27-debug: 整理部分构建选项内数据到 settings.json start, progress: 10%
2026-4-24 21:22:27-debug: // ---- build task 查询 Asset Bundle ---- (2ms)
2026-4-24 21:22:27-debug: // ---- build task 整理部分构建选项内数据到 settings.json ----
2026-4-24 21:22:27-debug: // ---- build task 整理部分构建选项内数据到 settings.json ---- (2ms)
2026-4-24 21:22:27-log: run build task 整理部分构建选项内数据到 settings.json success in 2 ms√, progress: 12%
2026-4-24 21:22:27-debug: [Build Memory track]: 整理部分构建选项内数据到 settings.json start:224.42MB, end 224.44MB, increase: 27.58KB
2026-4-24 21:22:27-debug: 填充脚本数据到 settings.json start, progress: 12%
2026-4-24 21:22:27-debug: // ---- build task 填充脚本数据到 settings.json ----
2026-4-24 21:22:27-log: run build task 填充脚本数据到 settings.json success in √, progress: 13%
2026-4-24 21:22:27-debug: [Build Memory track]: 填充脚本数据到 settings.json start:224.47MB, end 224.49MB, increase: 16.89KB
2026-4-24 21:22:27-debug: 整理部分构建选项内数据到 settings.json start, progress: 13%
2026-4-24 21:22:27-debug: // ---- build task 整理部分构建选项内数据到 settings.json ----
2026-4-24 21:22:27-debug: // ---- build task 整理部分构建选项内数据到 settings.json ---- (3ms)
2026-4-24 21:22:27-log: run build task 整理部分构建选项内数据到 settings.json success in 3 ms√, progress: 15%
2026-4-24 21:22:27-debug: [Build Memory track]: 整理部分构建选项内数据到 settings.json start:224.54MB, end 223.96MB, increase: -589.33KB
2026-4-24 21:23:30-debug: Query all assets info in project
2026-4-24 21:23:30-debug: init custom config: keepNodeUuid: false, useCache: true
2026-4-24 21:23:30-debug: Skip compress image, progress: 0%
2026-4-24 21:23:30-debug: 查询 Asset Bundle start, progress: 0%
2026-4-24 21:23:30-debug: Num of bundles: 2..., progress: 0%
2026-4-24 21:23:30-debug: Init all bundles start..., progress: 0%
2026-4-24 21:23:30-debug: // ---- build task 查询 Asset Bundle ----
2026-4-24 21:23:30-debug: Init bundle root assets start..., progress: 0%
2026-4-24 21:23:30-debug:   Number of all scenes: 2
2026-4-24 21:23:30-debug:   Number of all scripts: 15
2026-4-24 21:23:30-debug: Query preload assets/scripts from cc.config.json: 60f7195c-ec2a-45eb-ba94-8955f60e81d0,1c02ae6f-4492-4915-b8f8-7492a3b1e4cd,810e96e4-e456-4468-9b59-f4e8f39732c0,efe8e2a3-eace-427b-b4f1-cb8a937ec77d,e9aa9a3e-5b2b-4ac7-a2c7-073de2b2b24f,8bbdbcdd-5cd4-4100-b6d5-b7c9625b6107,50f4348b-c883-4e2f-8f11-ce233b859fa1,fda095cb-831d-4601-ad94-846013963de8,f92806d7-1768-443f-afe8-12bcde84d0f0,dd3a144d-ab7f-41f0-82b8-2e43a090d496,f0416e68-0200-4b77-a926-4f9d16e494da,970b0598-bcb0-4714-91fb-2e81440dccd8,bcd64cc6-2dd9-43f6-abbe-66318d332032,d930590d-bb92-4cc8-8bd1-23cd027f9edf,a3cd009f-0ab0-420d-9278-b9fdab939bbc,6a2d0734-bd9e-4ddf-946e-caa52498cb75,c27215d8-6835-4b68-bfbb-bdeac6100c04,b5d6115f-0370-4d7c-aad3-c194cc71cf98,871c3b6c-7379-419d-bda3-794b239ab90d,ff9b0199-ce04-4cfe-86cc-6c719f08d6e4,de1c2107-70c8-4021-8459-6399f24d01c6,cbf30902-517f-40dc-af90-a550bac27cf1,5c601d96-e4c7-4698-991b-7ee674b11079
2026-4-24 21:23:30-debug:   Number of other assets: 457
2026-4-24 21:23:30-debug: Init bundle root assets success..., progress: 0%
2026-4-24 21:23:30-log: run build task 查询 Asset Bundle success in 5 ms√, progress: 5%
2026-4-24 21:23:30-debug: 查询 Asset Bundle start, progress: 5%
2026-4-24 21:23:30-debug: [Build Memory track]: 查询 Asset Bundle start:224.32MB, end 224.19MB, increase: -133.17KB
2026-4-24 21:23:30-debug: // ---- build task 查询 Asset Bundle ---- (5ms)
2026-4-24 21:23:30-debug: // ---- build task 查询 Asset Bundle ----
2026-4-24 21:23:30-log: run build task 查询 Asset Bundle success in 2 ms√, progress: 10%
2026-4-24 21:23:30-debug: [Build Memory track]: 查询 Asset Bundle start:224.22MB, end 224.36MB, increase: 140.07KB
2026-4-24 21:23:30-debug: // ---- build task 查询 Asset Bundle ---- (2ms)
2026-4-24 21:23:30-debug: 整理部分构建选项内数据到 settings.json start, progress: 10%
2026-4-24 21:23:30-debug: // ---- build task 整理部分构建选项内数据到 settings.json ----
2026-4-24 21:23:30-log: run build task 整理部分构建选项内数据到 settings.json success in √, progress: 12%
2026-4-24 21:23:30-debug: [Build Memory track]: 整理部分构建选项内数据到 settings.json start:224.39MB, end 224.41MB, increase: 17.44KB
2026-4-24 21:23:30-debug: 填充脚本数据到 settings.json start, progress: 12%
2026-4-24 21:23:30-debug: // ---- build task 填充脚本数据到 settings.json ----
2026-4-24 21:23:30-debug: // ---- build task 填充脚本数据到 settings.json ---- (1ms)
2026-4-24 21:23:30-log: run build task 填充脚本数据到 settings.json success in 1 ms√, progress: 13%
2026-4-24 21:23:30-debug: [Build Memory track]: 填充脚本数据到 settings.json start:224.44MB, end 224.47MB, increase: 29.50KB
2026-4-24 21:23:30-debug: 整理部分构建选项内数据到 settings.json start, progress: 13%
2026-4-24 21:23:30-debug: // ---- build task 整理部分构建选项内数据到 settings.json ----
2026-4-24 21:23:30-debug: // ---- build task 整理部分构建选项内数据到 settings.json ---- (4ms)
2026-4-24 21:23:30-debug: [Build Memory track]: 整理部分构建选项内数据到 settings.json start:224.50MB, end 224.63MB, increase: 132.02KB
2026-4-24 21:23:30-log: run build task 整理部分构建选项内数据到 settings.json success in 4 ms√, progress: 15%
2026-4-24 21:45:58-debug: refresh db internal success
2026-4-24 21:45:58-debug: Run asset db hook engine-extends:afterRefresh ...
2026-4-24 21:45:58-debug: refresh db assets success
2026-4-24 21:45:58-debug: Run asset db hook engine-extends:afterRefresh success!
2026-4-24 21:45:58-debug: asset-db:refresh-all-database (107ms)
2026-4-24 21:45:58-debug: asset-db:worker-effect-data-processing (2ms)
2026-4-24 21:45:58-debug: asset-db-hook-engine-extends-afterRefresh (3ms)
2026-4-24 21:49:11-debug: refresh db internal success
2026-4-24 21:49:11-debug: Run asset db hook engine-extends:afterRefresh ...
2026-4-24 21:49:11-debug: Run asset db hook engine-extends:afterRefresh success!
2026-4-24 21:49:11-debug: refresh db assets success
2026-4-24 21:49:11-debug: asset-db:refresh-all-database (118ms)
2026-4-24 21:49:11-debug: asset-db:worker-effect-data-processing (3ms)
2026-4-24 21:49:11-debug: asset-db-hook-engine-extends-afterRefresh (4ms)
2026-4-24 21:50:11-debug: refresh db internal success
2026-4-24 21:50:11-debug: refresh db assets success
2026-4-24 21:50:11-debug: Run asset db hook engine-extends:afterRefresh ...
2026-4-24 21:50:11-debug: Run asset db hook engine-extends:afterRefresh success!
2026-4-24 21:50:11-debug: asset-db:refresh-all-database (95ms)
2026-4-24 21:50:11-debug: asset-db:worker-effect-data-processing (1ms)
2026-4-24 21:50:11-debug: asset-db-hook-engine-extends-afterRefresh (1ms)
2026-4-24 21:50:36-debug: refresh db internal success
2026-4-24 21:50:36-debug: Run asset db hook engine-extends:afterRefresh ...
2026-4-24 21:50:36-debug: refresh db assets success
2026-4-24 21:50:36-debug: Run asset db hook engine-extends:afterRefresh success!
2026-4-24 21:50:36-debug: asset-db:refresh-all-database (114ms)
2026-4-24 21:50:36-debug: asset-db:worker-effect-data-processing (2ms)
2026-4-24 21:50:36-debug: asset-db-hook-engine-extends-afterRefresh (3ms)
2026-4-24 21:51:21-debug: refresh db internal success
2026-4-24 21:51:21-debug: %cImport%c: D:\cocos_zml\zml-cocos2d-games\zml-cocos2d-AirplaneBattle\assets\Scripts\Player.tsbackground: #aaff85; color: #000;color: #000;
2026-4-24 21:51:21-debug: refresh db assets success
2026-4-24 21:51:21-debug: Run asset db hook engine-extends:afterRefresh ...
2026-4-24 21:51:21-debug: Run asset db hook engine-extends:afterRefresh success!
2026-4-24 21:51:21-debug: asset-db:refresh-all-database (166ms)
2026-4-24 21:51:21-debug: asset-db:worker-effect-data-processing (2ms)
2026-4-24 21:51:21-debug: asset-db-hook-engine-extends-afterRefresh (2ms)
2026-4-24 21:54:41-debug: refresh db internal success
2026-4-24 21:54:41-debug: %cImport%c: D:\cocos_zml\zml-cocos2d-games\zml-cocos2d-AirplaneBattle\assets\Scripts\Enemy.tsbackground: #aaff85; color: #000;color: #000;
2026-4-24 21:54:41-debug: %cImport%c: D:\cocos_zml\zml-cocos2d-games\zml-cocos2d-AirplaneBattle\assets\Scripts\Player.tsbackground: #aaff85; color: #000;color: #000;
2026-4-24 21:54:41-debug: Run asset db hook engine-extends:afterRefresh ...
2026-4-24 21:54:41-debug: refresh db assets success
2026-4-24 21:54:41-debug: Run asset db hook engine-extends:afterRefresh success!
2026-4-24 21:54:41-debug: asset-db:refresh-all-database (103ms)
2026-4-24 21:54:41-debug: asset-db:worker-effect-data-processing (2ms)
2026-4-24 21:54:41-debug: asset-db-hook-engine-extends-afterRefresh (2ms)
2026-4-24 21:54:42-debug: Query all assets info in project
2026-4-24 21:54:42-debug: init custom config: keepNodeUuid: false, useCache: true
2026-4-24 21:54:42-debug: Skip compress image, progress: 0%
2026-4-24 21:54:42-debug: Init all bundles start..., progress: 0%
2026-4-24 21:54:42-debug: Num of bundles: 2..., progress: 0%
2026-4-24 21:54:42-debug: 查询 Asset Bundle start, progress: 0%
2026-4-24 21:54:42-debug: // ---- build task 查询 Asset Bundle ----
2026-4-24 21:54:42-debug: Init bundle root assets start..., progress: 0%
2026-4-24 21:54:42-debug:   Number of other assets: 457
2026-4-24 21:54:42-debug: Query preload assets/scripts from cc.config.json: 60f7195c-ec2a-45eb-ba94-8955f60e81d0,1c02ae6f-4492-4915-b8f8-7492a3b1e4cd,810e96e4-e456-4468-9b59-f4e8f39732c0,efe8e2a3-eace-427b-b4f1-cb8a937ec77d,e9aa9a3e-5b2b-4ac7-a2c7-073de2b2b24f,8bbdbcdd-5cd4-4100-b6d5-b7c9625b6107,50f4348b-c883-4e2f-8f11-ce233b859fa1,fda095cb-831d-4601-ad94-846013963de8,f92806d7-1768-443f-afe8-12bcde84d0f0,dd3a144d-ab7f-41f0-82b8-2e43a090d496,f0416e68-0200-4b77-a926-4f9d16e494da,970b0598-bcb0-4714-91fb-2e81440dccd8,bcd64cc6-2dd9-43f6-abbe-66318d332032,d930590d-bb92-4cc8-8bd1-23cd027f9edf,a3cd009f-0ab0-420d-9278-b9fdab939bbc,6a2d0734-bd9e-4ddf-946e-caa52498cb75,c27215d8-6835-4b68-bfbb-bdeac6100c04,b5d6115f-0370-4d7c-aad3-c194cc71cf98,871c3b6c-7379-419d-bda3-794b239ab90d,ff9b0199-ce04-4cfe-86cc-6c719f08d6e4,de1c2107-70c8-4021-8459-6399f24d01c6,cbf30902-517f-40dc-af90-a550bac27cf1,5c601d96-e4c7-4698-991b-7ee674b11079
2026-4-24 21:54:42-debug:   Number of all scripts: 15
2026-4-24 21:54:42-debug:   Number of all scenes: 2
2026-4-24 21:54:42-debug: Init bundle root assets success..., progress: 0%
2026-4-24 21:54:42-debug: // ---- build task 查询 Asset Bundle ---- (6ms)
2026-4-24 21:54:42-log: run build task 查询 Asset Bundle success in 6 ms√, progress: 5%
2026-4-24 21:54:42-debug: [Build Memory track]: 查询 Asset Bundle start:230.58MB, end 230.48MB, increase: -106.54KB
2026-4-24 21:54:42-debug: 查询 Asset Bundle start, progress: 5%
2026-4-24 21:54:42-debug: // ---- build task 查询 Asset Bundle ----
2026-4-24 21:54:42-log: run build task 查询 Asset Bundle success in 3 ms√, progress: 10%
2026-4-24 21:54:42-debug: [Build Memory track]: 查询 Asset Bundle start:230.51MB, end 230.65MB, increase: 141.19KB
2026-4-24 21:54:42-debug: // ---- build task 查询 Asset Bundle ---- (3ms)
2026-4-24 21:54:42-debug: 整理部分构建选项内数据到 settings.json start, progress: 10%
2026-4-24 21:54:42-debug: // ---- build task 整理部分构建选项内数据到 settings.json ----
2026-4-24 21:54:42-debug: [Build Memory track]: 整理部分构建选项内数据到 settings.json start:230.68MB, end 230.71MB, increase: 29.75KB
2026-4-24 21:54:42-debug: // ---- build task 整理部分构建选项内数据到 settings.json ---- (1ms)
2026-4-24 21:54:42-log: run build task 整理部分构建选项内数据到 settings.json success in 1 ms√, progress: 12%
2026-4-24 21:54:42-debug: 填充脚本数据到 settings.json start, progress: 12%
2026-4-24 21:54:42-debug: // ---- build task 填充脚本数据到 settings.json ----
2026-4-24 21:54:42-log: run build task 填充脚本数据到 settings.json success in 1 ms√, progress: 13%
2026-4-24 21:54:42-debug: [Build Memory track]: 填充脚本数据到 settings.json start:230.74MB, end 230.77MB, increase: 27.38KB
2026-4-24 21:54:42-debug: // ---- build task 填充脚本数据到 settings.json ---- (1ms)
2026-4-24 21:54:42-debug: 整理部分构建选项内数据到 settings.json start, progress: 13%
2026-4-24 21:54:42-debug: // ---- build task 整理部分构建选项内数据到 settings.json ----
2026-4-24 21:54:42-debug: // ---- build task 整理部分构建选项内数据到 settings.json ---- (6ms)
2026-4-24 21:54:42-log: run build task 整理部分构建选项内数据到 settings.json success in 6 ms√, progress: 15%
2026-4-24 21:54:42-debug: [Build Memory track]: 整理部分构建选项内数据到 settings.json start:230.80MB, end 230.93MB, increase: 131.43KB
2026-4-24 21:56:14-debug: refresh db internal success
2026-4-24 21:56:14-debug: refresh db assets success
2026-4-24 21:56:14-debug: Run asset db hook engine-extends:afterRefresh ...
2026-4-24 21:56:14-debug: Run asset db hook engine-extends:afterRefresh success!
2026-4-24 21:56:14-debug: asset-db:refresh-all-database (97ms)
2026-4-24 21:56:14-debug: asset-db:worker-effect-data-processing (1ms)
2026-4-24 21:56:14-debug: asset-db-hook-engine-extends-afterRefresh (1ms)
2026-4-24 22:01:37-debug: refresh db internal success
2026-4-24 22:01:37-debug: refresh db assets success
2026-4-24 22:01:37-debug: Run asset db hook engine-extends:afterRefresh ...
2026-4-24 22:01:37-debug: Run asset db hook engine-extends:afterRefresh success!
2026-4-24 22:01:37-debug: asset-db:refresh-all-database (95ms)
2026-4-24 22:01:37-debug: asset-db:worker-effect-data-processing (-1ms)
2026-4-24 22:01:42-debug: refresh db internal success
2026-4-24 22:01:42-debug: refresh db assets success
2026-4-24 22:01:42-debug: Run asset db hook engine-extends:afterRefresh ...
2026-4-24 22:01:42-debug: Run asset db hook engine-extends:afterRefresh success!
2026-4-24 22:01:42-debug: asset-db:refresh-all-database (93ms)
2026-4-24 22:01:42-debug: asset-db:worker-effect-data-processing (-1ms)
2026-4-24 22:01:42-debug: asset-db-hook-engine-extends-afterRefresh (1ms)
2026-4-24 22:05:40-debug: refresh db internal success
2026-4-24 22:05:40-error: D:\cocos_zml\zml-cocos2d-games\zml-cocos2d-AirplaneBattle\assets\Images\bg.png.meta is not exist! will use cache meta.
2026-4-24 22:05:40-debug: %cImport%c: D:\cocos_zml\zml-cocos2d-games\zml-cocos2d-AirplaneBattle\assets\Imagesbackground: #aaff85; color: #000;color: #000;
2026-4-24 22:05:40-debug: %cImport%c: D:\cocos_zml\zml-cocos2d-games\zml-cocos2d-AirplaneBattle\assets\Images\bg.pngbackground: #aaff85; color: #000;color: #000;
2026-4-24 22:05:40-debug: %cReImport%c: D:\cocos_zml\zml-cocos2d-games\zml-cocos2d-AirplaneBattle\assets\Images\bg.png@6c48abackground: #aaff85; color: #000;color: #000;
2026-4-24 22:05:40-debug: %cReImport%c: D:\cocos_zml\zml-cocos2d-games\zml-cocos2d-AirplaneBattle\assets\Images\bg.png@f9941background: #aaff85; color: #000;color: #000;
2026-4-24 22:05:40-debug: refresh db assets success
2026-4-24 22:05:40-debug: Run asset db hook engine-extends:afterRefresh ...
2026-4-24 22:05:40-debug: Run asset db hook engine-extends:afterRefresh success!
2026-4-24 22:05:40-debug: asset-db:refresh-all-database (150ms)
2026-4-24 22:05:40-debug: asset-db:worker-effect-data-processing (1ms)
2026-4-24 22:05:40-debug: asset-db-hook-engine-extends-afterRefresh (2ms)
2026-4-24 22:08:02-debug: refresh db internal success
2026-4-24 22:08:02-debug: refresh db assets success
2026-4-24 22:08:02-debug: Run asset db hook engine-extends:afterRefresh ...
2026-4-24 22:08:02-debug: Run asset db hook engine-extends:afterRefresh success!
2026-4-24 22:08:02-debug: asset-db:refresh-all-database (99ms)
2026-4-24 22:08:02-debug: asset-db:worker-effect-data-processing (1ms)
2026-4-24 22:08:02-debug: asset-db-hook-engine-extends-afterRefresh (1ms)
2026-4-24 22:08:09-debug: refresh db internal success
2026-4-24 22:08:10-debug: refresh db assets success
2026-4-24 22:08:10-debug: Run asset db hook engine-extends:afterRefresh ...
2026-4-24 22:08:10-debug: Run asset db hook engine-extends:afterRefresh success!
2026-4-24 22:08:10-debug: asset-db:refresh-all-database (100ms)
2026-4-24 22:08:10-debug: asset-db:worker-effect-data-processing (2ms)
2026-4-24 22:08:10-debug: asset-db-hook-engine-extends-afterRefresh (2ms)
2026-4-24 22:08:41-debug: refresh db internal success
2026-4-24 22:08:41-debug: %cImport%c: D:\cocos_zml\zml-cocos2d-games\zml-cocos2d-AirplaneBattle\assets\Imagesbackground: #aaff85; color: #000;color: #000;
2026-4-24 22:08:41-debug: %cImport%c: D:\cocos_zml\zml-cocos2d-games\zml-cocos2d-AirplaneBattle\assets\Images\hp.pngbackground: #aaff85; color: #000;color: #000;
2026-4-24 22:08:41-debug: %cImport%c: D:\cocos_zml\zml-cocos2d-games\zml-cocos2d-AirplaneBattle\assets\Images\hp.png@6c48abackground: #aaff85; color: #000;color: #000;
2026-4-24 22:08:41-debug: %cImport%c: D:\cocos_zml\zml-cocos2d-games\zml-cocos2d-AirplaneBattle\assets\Images\hp.png@f9941background: #aaff85; color: #000;color: #000;
2026-4-24 22:08:41-debug: Run asset db hook engine-extends:afterRefresh ...
2026-4-24 22:08:41-debug: refresh db assets success
2026-4-24 22:08:41-debug: Run asset db hook engine-extends:afterRefresh success!
2026-4-24 22:08:41-debug: asset-db:refresh-all-database (106ms)
2026-4-24 22:08:41-debug: asset-db:worker-effect-data-processing (1ms)
2026-4-24 22:08:41-debug: asset-db-hook-engine-extends-afterRefresh (1ms)
2026-4-24 22:10:58-debug: refresh db internal success
2026-4-24 22:10:58-debug: refresh db assets success
2026-4-24 22:10:58-debug: Run asset db hook engine-extends:afterRefresh ...
2026-4-24 22:10:58-debug: Run asset db hook engine-extends:afterRefresh success!
2026-4-24 22:10:58-debug: asset-db:refresh-all-database (100ms)
2026-4-24 22:13:35-debug: refresh db internal success
2026-4-24 22:13:35-debug: refresh db assets success
2026-4-24 22:13:35-debug: Run asset db hook engine-extends:afterRefresh ...
2026-4-24 22:13:35-debug: Run asset db hook engine-extends:afterRefresh success!
2026-4-24 22:13:35-debug: asset-db:refresh-all-database (104ms)
2026-4-24 22:14:07-debug: %cImport%c: D:\cocos_zml\zml-cocos2d-games\zml-cocos2d-AirplaneBattle\assets\Scenes\Scene-game.scenebackground: #aaff85; color: #000;color: #000;
2026-4-24 22:14:07-debug: asset-db:reimport-asset1fe614cc-2965-44e6-a089-7cf6bb918b0a (8ms)
2026-4-24 22:14:39-debug: refresh db internal success
2026-4-24 22:14:39-debug: %cImport%c: D:\cocos_zml\zml-cocos2d-games\zml-cocos2d-AirplaneBattle\assets\Scripts\Player.tsbackground: #aaff85; color: #000;color: #000;
2026-4-24 22:14:39-debug: refresh db assets success
2026-4-24 22:14:39-debug: Run asset db hook engine-extends:afterRefresh success!
2026-4-24 22:14:39-debug: Run asset db hook engine-extends:afterRefresh ...
2026-4-24 22:14:39-debug: asset-db:refresh-all-database (103ms)
2026-4-24 22:14:39-debug: asset-db-hook-engine-extends-afterRefresh (1ms)
2026-4-24 22:15:13-debug: refresh db internal success
2026-4-24 22:15:13-debug: %cImport%c: D:\cocos_zml\zml-cocos2d-games\zml-cocos2d-AirplaneBattle\assets\Scripts\Player.tsbackground: #aaff85; color: #000;color: #000;
2026-4-24 22:15:13-debug: Run asset db hook engine-extends:afterRefresh success!
2026-4-24 22:15:13-debug: refresh db assets success
2026-4-24 22:15:13-debug: Run asset db hook engine-extends:afterRefresh ...
2026-4-24 22:15:13-debug: asset-db:refresh-all-database (158ms)
2026-4-24 22:15:13-debug: asset-db:worker-effect-data-processing (1ms)
2026-4-24 22:15:13-debug: asset-db-hook-engine-extends-afterRefresh (1ms)
2026-4-24 22:15:19-debug: Query all assets info in project
2026-4-24 22:15:19-debug: init custom config: keepNodeUuid: false, useCache: true
2026-4-24 22:15:19-debug: Skip compress image, progress: 0%
2026-4-24 22:15:19-debug: Init all bundles start..., progress: 0%
2026-4-24 22:15:19-debug: 查询 Asset Bundle start, progress: 0%
2026-4-24 22:15:19-debug: Num of bundles: 2..., progress: 0%
2026-4-24 22:15:19-debug: // ---- build task 查询 Asset Bundle ----
2026-4-24 22:15:19-debug: Init bundle root assets start..., progress: 0%
2026-4-24 22:15:19-debug:   Number of all scripts: 15
2026-4-24 22:15:19-debug: Query preload assets/scripts from cc.config.json: 60f7195c-ec2a-45eb-ba94-8955f60e81d0,1c02ae6f-4492-4915-b8f8-7492a3b1e4cd,810e96e4-e456-4468-9b59-f4e8f39732c0,efe8e2a3-eace-427b-b4f1-cb8a937ec77d,e9aa9a3e-5b2b-4ac7-a2c7-073de2b2b24f,8bbdbcdd-5cd4-4100-b6d5-b7c9625b6107,50f4348b-c883-4e2f-8f11-ce233b859fa1,fda095cb-831d-4601-ad94-846013963de8,f92806d7-1768-443f-afe8-12bcde84d0f0,dd3a144d-ab7f-41f0-82b8-2e43a090d496,f0416e68-0200-4b77-a926-4f9d16e494da,970b0598-bcb0-4714-91fb-2e81440dccd8,bcd64cc6-2dd9-43f6-abbe-66318d332032,d930590d-bb92-4cc8-8bd1-23cd027f9edf,a3cd009f-0ab0-420d-9278-b9fdab939bbc,6a2d0734-bd9e-4ddf-946e-caa52498cb75,c27215d8-6835-4b68-bfbb-bdeac6100c04,b5d6115f-0370-4d7c-aad3-c194cc71cf98,871c3b6c-7379-419d-bda3-794b239ab90d,ff9b0199-ce04-4cfe-86cc-6c719f08d6e4,de1c2107-70c8-4021-8459-6399f24d01c6,cbf30902-517f-40dc-af90-a550bac27cf1,5c601d96-e4c7-4698-991b-7ee674b11079
2026-4-24 22:15:19-debug:   Number of other assets: 460
2026-4-24 22:15:19-debug: Init bundle root assets success..., progress: 0%
2026-4-24 22:15:19-debug:   Number of all scenes: 2
2026-4-24 22:15:19-debug: // ---- build task 查询 Asset Bundle ---- (5ms)
2026-4-24 22:15:19-log: run build task 查询 Asset Bundle success in 5 ms√, progress: 5%
2026-4-24 22:15:19-debug: // ---- build task 查询 Asset Bundle ----
2026-4-24 22:15:19-debug: [Build Memory track]: 查询 Asset Bundle start:222.35MB, end 222.25MB, increase: -104.23KB
2026-4-24 22:15:19-debug: 查询 Asset Bundle start, progress: 5%
2026-4-24 22:15:19-debug: [Build Memory track]: 查询 Asset Bundle start:222.28MB, end 222.41MB, increase: 133.11KB
2026-4-24 22:15:19-log: run build task 查询 Asset Bundle success in 1 ms√, progress: 10%
2026-4-24 22:15:19-debug: // ---- build task 查询 Asset Bundle ---- (1ms)
2026-4-24 22:15:19-debug: 整理部分构建选项内数据到 settings.json start, progress: 10%
2026-4-24 22:15:19-debug: // ---- build task 整理部分构建选项内数据到 settings.json ----
2026-4-24 22:15:19-debug: // ---- build task 整理部分构建选项内数据到 settings.json ---- (-1ms)
2026-4-24 22:15:19-log: run build task 整理部分构建选项内数据到 settings.json success in -1 h -1 min -1 s√, progress: 12%
2026-4-24 22:15:19-debug: [Build Memory track]: 整理部分构建选项内数据到 settings.json start:222.44MB, end 222.47MB, increase: 27.74KB
2026-4-24 22:15:19-debug: 填充脚本数据到 settings.json start, progress: 12%
2026-4-24 22:15:19-debug: // ---- build task 填充脚本数据到 settings.json ----
2026-4-24 22:15:19-log: run build task 填充脚本数据到 settings.json success in 1 ms√, progress: 13%
2026-4-24 22:15:19-debug: [Build Memory track]: 填充脚本数据到 settings.json start:222.50MB, end 222.53MB, increase: 27.29KB
2026-4-24 22:15:19-debug: // ---- build task 填充脚本数据到 settings.json ---- (1ms)
2026-4-24 22:15:19-debug: 整理部分构建选项内数据到 settings.json start, progress: 13%
2026-4-24 22:15:19-debug: // ---- build task 整理部分构建选项内数据到 settings.json ----
2026-4-24 22:15:19-debug: // ---- build task 整理部分构建选项内数据到 settings.json ---- (2ms)
2026-4-24 22:15:19-log: run build task 整理部分构建选项内数据到 settings.json success in 2 ms√, progress: 15%
2026-4-24 22:15:19-debug: [Build Memory track]: 整理部分构建选项内数据到 settings.json start:222.56MB, end 222.70MB, increase: 140.82KB
2026-4-24 22:16:18-debug: refresh db internal success
2026-4-24 22:16:18-debug: refresh db assets success
2026-4-24 22:16:18-debug: Run asset db hook engine-extends:afterRefresh ...
2026-4-24 22:16:18-debug: Run asset db hook engine-extends:afterRefresh success!
2026-4-24 22:16:18-debug: asset-db:refresh-all-database (115ms)
2026-4-24 22:16:18-debug: asset-db:worker-effect-data-processing (-1ms)
2026-4-24 22:19:54-debug: refresh db internal success
2026-4-24 22:19:54-debug: %cImport%c: D:\cocos_zml\zml-cocos2d-games\zml-cocos2d-AirplaneBattle\assets\Scripts\Enemy.tsbackground: #aaff85; color: #000;color: #000;
2026-4-24 22:19:54-debug: Run asset db hook engine-extends:afterRefresh ...
2026-4-24 22:19:54-debug: refresh db assets success
2026-4-24 22:19:54-debug: Run asset db hook engine-extends:afterRefresh success!
2026-4-24 22:19:54-debug: asset-db:refresh-all-database (111ms)
2026-4-24 22:19:54-debug: asset-db:worker-effect-data-processing (1ms)
2026-4-24 22:19:54-debug: asset-db-hook-engine-extends-afterRefresh (2ms)
2026-4-24 22:20:21-debug: refresh db internal success
2026-4-24 22:20:21-debug: refresh db assets success
2026-4-24 22:20:21-debug: Run asset db hook engine-extends:afterRefresh ...
2026-4-24 22:20:21-debug: Run asset db hook engine-extends:afterRefresh success!
2026-4-24 22:20:21-debug: asset-db:refresh-all-database (135ms)
2026-4-24 22:20:21-debug: asset-db:worker-effect-data-processing (2ms)
2026-4-24 22:20:21-debug: asset-db-hook-engine-extends-afterRefresh (4ms)
2026-4-24 22:20:39-debug: %cImport%c: D:\cocos_zml\zml-cocos2d-games\zml-cocos2d-AirplaneBattle\assets\Prefabs\Enemy1.prefabbackground: #aaff85; color: #000;color: #000;
2026-4-24 22:20:39-debug: asset-db:reimport-asset9638919a-ae31-4fe0-8f84-35cd4b9cf3db (5ms)
2026-4-24 22:20:47-debug: %cImport%c: D:\cocos_zml\zml-cocos2d-games\zml-cocos2d-AirplaneBattle\assets\Prefabs\Enemy2.prefabbackground: #aaff85; color: #000;color: #000;
2026-4-24 22:20:47-debug: asset-db:reimport-asset96c29b99-b275-4ad6-9c6d-daeca224f5d9 (5ms)
2026-4-24 22:20:57-debug: %cImport%c: D:\cocos_zml\zml-cocos2d-games\zml-cocos2d-AirplaneBattle\assets\Prefabs\Enemy3.prefabbackground: #aaff85; color: #000;color: #000;
2026-4-24 22:20:57-debug: asset-db:reimport-assete3023511-aacf-4c15-893e-e8422c24c9ee (6ms)
2026-4-24 22:21:10-debug: start refresh asset from D:\cocos_zml\zml-cocos2d-games\zml-cocos2d-AirplaneBattle\assets\Scripts\GameManage.ts...
2026-4-24 22:21:10-debug: %cImport%c: D:\cocos_zml\zml-cocos2d-games\zml-cocos2d-AirplaneBattle\assets\Scripts\GameManage.tsbackground: #aaff85; color: #000;color: #000;
2026-4-24 22:21:10-debug: refresh asset D:\cocos_zml\zml-cocos2d-games\zml-cocos2d-AirplaneBattle\assets\Scripts success
2026-4-24 22:21:10-debug: %cImport%c: D:\cocos_zml\zml-cocos2d-games\zml-cocos2d-AirplaneBattle\assets\Scriptsbackground: #aaff85; color: #000;color: #000;
2026-4-24 22:21:34-debug: refresh db internal success
2026-4-24 22:21:34-debug: Run asset db hook engine-extends:afterRefresh success!
2026-4-24 22:21:34-debug: Run asset db hook engine-extends:afterRefresh ...
2026-4-24 22:21:34-debug: refresh db assets success
2026-4-24 22:21:34-debug: asset-db:worker-effect-data-processing (3ms)
2026-4-24 22:21:34-debug: asset-db:refresh-all-database (105ms)
2026-4-24 22:21:34-debug: asset-db-hook-engine-extends-afterRefresh (4ms)
2026-4-24 22:21:57-debug: refresh db internal success
2026-4-24 22:21:57-debug: refresh db assets success
2026-4-24 22:21:57-debug: Run asset db hook engine-extends:afterRefresh ...
2026-4-24 22:21:57-debug: Run asset db hook engine-extends:afterRefresh success!
2026-4-24 22:21:57-debug: asset-db:refresh-all-database (95ms)
2026-4-24 22:21:57-debug: asset-db-hook-engine-extends-afterRefresh (2ms)
2026-4-24 22:22:42-debug: refresh db internal success
2026-4-24 22:22:42-debug: refresh db assets success
2026-4-24 22:22:42-debug: Run asset db hook engine-extends:afterRefresh ...
2026-4-24 22:22:42-debug: Run asset db hook engine-extends:afterRefresh success!
2026-4-24 22:22:42-debug: asset-db:worker-effect-data-processing (2ms)
2026-4-24 22:22:42-debug: asset-db:refresh-all-database (96ms)
2026-4-24 22:22:42-debug: asset-db-hook-engine-extends-afterRefresh (2ms)
2026-4-24 22:55:01-debug: refresh db internal success
2026-4-24 22:55:01-debug: refresh db assets success
2026-4-24 22:55:01-debug: Run asset db hook engine-extends:afterRefresh ...
2026-4-24 22:55:01-debug: Run asset db hook engine-extends:afterRefresh success!
2026-4-24 22:55:01-debug: asset-db:refresh-all-database (103ms)
2026-4-24 22:55:01-debug: asset-db:worker-effect-data-processing (2ms)
2026-4-24 22:55:01-debug: asset-db-hook-engine-extends-afterRefresh (2ms)
2026-4-24 22:55:35-debug: Query all assets info in project
2026-4-24 22:55:35-debug: init custom config: keepNodeUuid: false, useCache: true
2026-4-24 22:55:35-debug: Skip compress image, progress: 0%
2026-4-24 22:55:35-debug: Init all bundles start..., progress: 0%
2026-4-24 22:55:35-debug: Num of bundles: 2..., progress: 0%
2026-4-24 22:55:35-debug: 查询 Asset Bundle start, progress: 0%
2026-4-24 22:55:35-debug: // ---- build task 查询 Asset Bundle ----
2026-4-24 22:55:35-debug: Init bundle root assets start..., progress: 0%
2026-4-24 22:55:35-debug:   Number of all scripts: 16
2026-4-24 22:55:35-debug:   Number of other assets: 460
2026-4-24 22:55:35-debug: Query preload assets/scripts from cc.config.json: 60f7195c-ec2a-45eb-ba94-8955f60e81d0,1c02ae6f-4492-4915-b8f8-7492a3b1e4cd,810e96e4-e456-4468-9b59-f4e8f39732c0,efe8e2a3-eace-427b-b4f1-cb8a937ec77d,e9aa9a3e-5b2b-4ac7-a2c7-073de2b2b24f,8bbdbcdd-5cd4-4100-b6d5-b7c9625b6107,50f4348b-c883-4e2f-8f11-ce233b859fa1,fda095cb-831d-4601-ad94-846013963de8,f92806d7-1768-443f-afe8-12bcde84d0f0,dd3a144d-ab7f-41f0-82b8-2e43a090d496,f0416e68-0200-4b77-a926-4f9d16e494da,970b0598-bcb0-4714-91fb-2e81440dccd8,bcd64cc6-2dd9-43f6-abbe-66318d332032,d930590d-bb92-4cc8-8bd1-23cd027f9edf,a3cd009f-0ab0-420d-9278-b9fdab939bbc,6a2d0734-bd9e-4ddf-946e-caa52498cb75,c27215d8-6835-4b68-bfbb-bdeac6100c04,b5d6115f-0370-4d7c-aad3-c194cc71cf98,871c3b6c-7379-419d-bda3-794b239ab90d,ff9b0199-ce04-4cfe-86cc-6c719f08d6e4,de1c2107-70c8-4021-8459-6399f24d01c6,cbf30902-517f-40dc-af90-a550bac27cf1,5c601d96-e4c7-4698-991b-7ee674b11079
2026-4-24 22:55:35-debug: Init bundle root assets success..., progress: 0%
2026-4-24 22:55:35-debug:   Number of all scenes: 2
2026-4-24 22:55:35-debug: // ---- build task 查询 Asset Bundle ---- (5ms)
2026-4-24 22:55:35-log: run build task 查询 Asset Bundle success in 5 ms√, progress: 5%
2026-4-24 22:55:35-debug: [Build Memory track]: 查询 Asset Bundle start:230.22MB, end 229.98MB, increase: -247.29KB
2026-4-24 22:55:35-debug: 查询 Asset Bundle start, progress: 5%
2026-4-24 22:55:35-debug: // ---- build task 查询 Asset Bundle ----
2026-4-24 22:55:35-debug: // ---- build task 查询 Asset Bundle ---- (2ms)
2026-4-24 22:55:35-debug: [Build Memory track]: 查询 Asset Bundle start:230.01MB, end 230.14MB, increase: 130.20KB
2026-4-24 22:55:35-log: run build task 查询 Asset Bundle success in 2 ms√, progress: 10%
2026-4-24 22:55:35-debug: 整理部分构建选项内数据到 settings.json start, progress: 10%
2026-4-24 22:55:35-debug: // ---- build task 整理部分构建选项内数据到 settings.json ----
2026-4-24 22:55:35-debug: // ---- build task 整理部分构建选项内数据到 settings.json ---- (1ms)
2026-4-24 22:55:35-log: run build task 整理部分构建选项内数据到 settings.json success in 1 ms√, progress: 12%
2026-4-24 22:55:35-debug: [Build Memory track]: 整理部分构建选项内数据到 settings.json start:230.17MB, end 230.20MB, increase: 28.20KB
2026-4-24 22:55:35-debug: 填充脚本数据到 settings.json start, progress: 12%
2026-4-24 22:55:35-debug: // ---- build task 填充脚本数据到 settings.json ----
2026-4-24 22:55:35-log: run build task 填充脚本数据到 settings.json success in √, progress: 13%
2026-4-24 22:55:35-debug: [Build Memory track]: 填充脚本数据到 settings.json start:230.23MB, end 230.24MB, increase: 16.79KB
2026-4-24 22:55:35-debug: 整理部分构建选项内数据到 settings.json start, progress: 13%
2026-4-24 22:55:35-debug: // ---- build task 整理部分构建选项内数据到 settings.json ----
2026-4-24 22:55:35-debug: // ---- build task 整理部分构建选项内数据到 settings.json ---- (4ms)
2026-4-24 22:55:35-log: run build task 整理部分构建选项内数据到 settings.json success in 4 ms√, progress: 15%
2026-4-24 22:55:35-debug: [Build Memory track]: 整理部分构建选项内数据到 settings.json start:230.28MB, end 230.42MB, increase: 143.24KB
2026-4-24 22:56:56-debug: refresh db internal success
2026-4-24 22:56:56-debug: %cImport%c: D:\cocos_zml\zml-cocos2d-games\zml-cocos2d-AirplaneBattle\assets\Scripts\GameManage.tsbackground: #aaff85; color: #000;color: #000;
2026-4-24 22:56:56-debug: refresh db assets success
2026-4-24 22:56:56-debug: Run asset db hook engine-extends:afterRefresh ...
2026-4-24 22:56:56-debug: Run asset db hook engine-extends:afterRefresh success!
2026-4-24 22:56:56-debug: asset-db:refresh-all-database (103ms)
2026-4-24 22:57:02-debug: refresh db internal success
2026-4-24 22:57:02-debug: refresh db assets success
2026-4-24 22:57:02-debug: Run asset db hook engine-extends:afterRefresh ...
2026-4-24 22:57:02-debug: Run asset db hook engine-extends:afterRefresh success!
2026-4-24 22:57:02-debug: asset-db:refresh-all-database (95ms)
2026-4-24 22:57:28-debug: refresh db internal success
2026-4-24 22:57:28-debug: refresh db assets success
2026-4-24 22:57:28-debug: Run asset db hook engine-extends:afterRefresh success!
2026-4-24 22:57:28-debug: Run asset db hook engine-extends:afterRefresh ...
2026-4-24 22:57:28-debug: asset-db:refresh-all-database (94ms)
2026-4-24 22:57:44-debug: refresh db internal success
2026-4-24 22:57:44-debug: %cImport%c: D:\cocos_zml\zml-cocos2d-games\zml-cocos2d-AirplaneBattle\assets\Scripts\GameManage.tsbackground: #aaff85; color: #000;color: #000;
2026-4-24 22:57:44-debug: Run asset db hook engine-extends:afterRefresh ...
2026-4-24 22:57:44-debug: refresh db assets success
2026-4-24 22:57:44-debug: Run asset db hook engine-extends:afterRefresh success!
2026-4-24 22:57:44-debug: asset-db:refresh-all-database (99ms)
2026-4-24 22:59:52-debug: refresh db internal success
2026-4-24 22:59:52-debug: %cImport%c: D:\cocos_zml\zml-cocos2d-games\zml-cocos2d-AirplaneBattle\assets\Scripts\Enemy.tsbackground: #aaff85; color: #000;color: #000;
2026-4-24 22:59:52-debug: %cImport%c: D:\cocos_zml\zml-cocos2d-games\zml-cocos2d-AirplaneBattle\assets\Scripts\GameManage.tsbackground: #aaff85; color: #000;color: #000;
2026-4-24 22:59:52-debug: refresh db assets success
2026-4-24 22:59:52-debug: Run asset db hook engine-extends:afterRefresh ...
2026-4-24 22:59:52-debug: Run asset db hook engine-extends:afterRefresh success!
2026-4-24 22:59:52-debug: asset-db:refresh-all-database (114ms)
2026-4-24 22:59:52-debug: asset-db:worker-effect-data-processing (2ms)
2026-4-24 22:59:52-debug: asset-db-hook-engine-extends-afterRefresh (2ms)
2026-4-24 23:00:11-debug: refresh db internal success
2026-4-24 23:00:11-debug: refresh db assets success
2026-4-24 23:00:11-debug: Run asset db hook engine-extends:afterRefresh ...
2026-4-24 23:00:11-debug: Run asset db hook engine-extends:afterRefresh success!
2026-4-24 23:00:11-debug: asset-db:worker-effect-data-processing (1ms)
2026-4-24 23:00:11-debug: asset-db:refresh-all-database (104ms)
2026-4-24 23:00:11-debug: asset-db-hook-engine-extends-afterRefresh (1ms)
2026-4-24 23:00:29-debug: refresh db internal success
2026-4-24 23:00:29-debug: Run asset db hook engine-extends:afterRefresh ...
2026-4-24 23:00:29-debug: refresh db assets success
2026-4-24 23:00:29-debug: Run asset db hook engine-extends:afterRefresh success!
2026-4-24 23:00:29-debug: asset-db:refresh-all-database (120ms)
2026-4-24 23:00:29-debug: asset-db:worker-effect-data-processing (1ms)
2026-4-24 23:00:29-debug: asset-db-hook-engine-extends-afterRefresh (2ms)
2026-4-24 23:01:43-debug: refresh db internal success
2026-4-24 23:01:43-debug: Run asset db hook engine-extends:afterRefresh ...
2026-4-24 23:01:43-debug: Run asset db hook engine-extends:afterRefresh success!
2026-4-24 23:01:43-debug: refresh db assets success
2026-4-24 23:01:43-debug: asset-db:refresh-all-database (97ms)
2026-4-24 23:01:43-debug: asset-db:worker-effect-data-processing (1ms)
2026-4-24 23:01:43-debug: asset-db-hook-engine-extends-afterRefresh (1ms)
2026-4-24 23:02:12-debug: refresh db internal success
2026-4-24 23:02:12-debug: Run asset db hook engine-extends:afterRefresh ...
2026-4-24 23:02:12-debug: refresh db assets success
2026-4-24 23:02:12-debug: Run asset db hook engine-extends:afterRefresh success!
2026-4-24 23:02:12-debug: asset-db:refresh-all-database (102ms)
2026-4-24 23:02:27-debug: refresh db internal success
2026-4-24 23:02:27-debug: Run asset db hook engine-extends:afterRefresh ...
2026-4-24 23:02:27-debug: Run asset db hook engine-extends:afterRefresh success!
2026-4-24 23:02:27-debug: refresh db assets success
2026-4-24 23:02:27-debug: asset-db:refresh-all-database (99ms)
2026-4-24 23:02:27-debug: asset-db-hook-engine-extends-afterRefresh (1ms)
2026-4-24 23:05:34-debug: refresh db internal success
2026-4-24 23:05:34-debug: %cImport%c: D:\cocos_zml\zml-cocos2d-games\zml-cocos2d-AirplaneBattle\assets\Scripts\Enemy.tsbackground: #aaff85; color: #000;color: #000;
2026-4-24 23:05:34-debug: %cImport%c: D:\cocos_zml\zml-cocos2d-games\zml-cocos2d-AirplaneBattle\assets\Scripts\GameManage.tsbackground: #aaff85; color: #000;color: #000;
2026-4-24 23:05:34-debug: refresh db assets success
2026-4-24 23:05:34-debug: Run asset db hook engine-extends:afterRefresh ...
2026-4-24 23:05:34-debug: Run asset db hook engine-extends:afterRefresh success!
2026-4-24 23:05:34-debug: asset-db:refresh-all-database (98ms)
2026-4-24 23:05:34-debug: asset-db:worker-effect-data-processing (1ms)
2026-4-24 23:05:34-debug: asset-db-hook-engine-extends-afterRefresh (2ms)
2026-4-24 23:05:50-debug: refresh db internal success
2026-4-24 23:05:50-debug: refresh db assets success
2026-4-24 23:05:50-debug: Run asset db hook engine-extends:afterRefresh ...
2026-4-24 23:05:50-debug: Run asset db hook engine-extends:afterRefresh success!
2026-4-24 23:05:50-debug: asset-db:refresh-all-database (93ms)
2026-4-24 23:05:50-debug: asset-db:worker-effect-data-processing (1ms)
2026-4-24 23:05:50-debug: asset-db-hook-engine-extends-afterRefresh (2ms)
2026-4-24 23:06:31-debug: refresh db internal success
2026-4-24 23:06:31-debug: Run asset db hook engine-extends:afterRefresh success!
2026-4-24 23:06:31-debug: Run asset db hook engine-extends:afterRefresh ...
2026-4-24 23:06:31-debug: refresh db assets success
2026-4-24 23:06:31-debug: asset-db:refresh-all-database (97ms)
2026-4-24 23:06:31-debug: asset-db-hook-engine-extends-afterRefresh (1ms)
2026-4-24 23:07:22-debug: refresh db internal success
2026-4-24 23:07:22-debug: %cImport%c: D:\cocos_zml\zml-cocos2d-games\zml-cocos2d-AirplaneBattle\assets\Scripts\Enemy.tsbackground: #aaff85; color: #000;color: #000;
2026-4-24 23:07:22-debug: %cImport%c: D:\cocos_zml\zml-cocos2d-games\zml-cocos2d-AirplaneBattle\assets\Scripts\GameManage.tsbackground: #aaff85; color: #000;color: #000;
2026-4-24 23:07:22-debug: refresh db assets success
2026-4-24 23:07:22-debug: Run asset db hook engine-extends:afterRefresh ...
2026-4-24 23:07:22-debug: Run asset db hook engine-extends:afterRefresh success!
2026-4-24 23:07:22-debug: asset-db:refresh-all-database (101ms)
2026-4-24 23:07:22-debug: asset-db:worker-effect-data-processing (-1ms)
2026-4-24 23:07:23-debug: Query all assets info in project
2026-4-24 23:07:23-debug: init custom config: keepNodeUuid: false, useCache: true
2026-4-24 23:07:23-debug: Skip compress image, progress: 0%
2026-4-24 23:07:23-debug: Init all bundles start..., progress: 0%
2026-4-24 23:07:23-debug: Num of bundles: 2..., progress: 0%
2026-4-24 23:07:23-debug: 查询 Asset Bundle start, progress: 0%
2026-4-24 23:07:23-debug: // ---- build task 查询 Asset Bundle ----
2026-4-24 23:07:23-debug: Init bundle root assets start..., progress: 0%
2026-4-24 23:07:23-debug: Query preload assets/scripts from cc.config.json: 60f7195c-ec2a-45eb-ba94-8955f60e81d0,1c02ae6f-4492-4915-b8f8-7492a3b1e4cd,810e96e4-e456-4468-9b59-f4e8f39732c0,efe8e2a3-eace-427b-b4f1-cb8a937ec77d,e9aa9a3e-5b2b-4ac7-a2c7-073de2b2b24f,8bbdbcdd-5cd4-4100-b6d5-b7c9625b6107,50f4348b-c883-4e2f-8f11-ce233b859fa1,fda095cb-831d-4601-ad94-846013963de8,f92806d7-1768-443f-afe8-12bcde84d0f0,dd3a144d-ab7f-41f0-82b8-2e43a090d496,f0416e68-0200-4b77-a926-4f9d16e494da,970b0598-bcb0-4714-91fb-2e81440dccd8,bcd64cc6-2dd9-43f6-abbe-66318d332032,d930590d-bb92-4cc8-8bd1-23cd027f9edf,a3cd009f-0ab0-420d-9278-b9fdab939bbc,6a2d0734-bd9e-4ddf-946e-caa52498cb75,c27215d8-6835-4b68-bfbb-bdeac6100c04,b5d6115f-0370-4d7c-aad3-c194cc71cf98,871c3b6c-7379-419d-bda3-794b239ab90d,ff9b0199-ce04-4cfe-86cc-6c719f08d6e4,de1c2107-70c8-4021-8459-6399f24d01c6,cbf30902-517f-40dc-af90-a550bac27cf1,5c601d96-e4c7-4698-991b-7ee674b11079
2026-4-24 23:07:23-debug:   Number of all scenes: 2
2026-4-24 23:07:23-debug:   Number of other assets: 460
2026-4-24 23:07:23-debug: Init bundle root assets success..., progress: 0%
2026-4-24 23:07:23-debug:   Number of all scripts: 16
2026-4-24 23:07:23-debug: // ---- build task 查询 Asset Bundle ---- (5ms)
2026-4-24 23:07:23-log: run build task 查询 Asset Bundle success in 5 ms√, progress: 5%
2026-4-24 23:07:23-debug: [Build Memory track]: 查询 Asset Bundle start:244.64MB, end 244.36MB, increase: -283.06KB
2026-4-24 23:07:23-debug: // ---- build task 查询 Asset Bundle ----
2026-4-24 23:07:23-debug: 查询 Asset Bundle start, progress: 5%
2026-4-24 23:07:23-debug: // ---- build task 查询 Asset Bundle ---- (30ms)
2026-4-24 23:07:23-debug: [Build Memory track]: 查询 Asset Bundle start:244.39MB, end 221.92MB, increase: -23007.68KB
2026-4-24 23:07:23-log: run build task 查询 Asset Bundle success in 30 ms√, progress: 10%
2026-4-24 23:07:23-debug: 整理部分构建选项内数据到 settings.json start, progress: 10%
2026-4-24 23:07:23-debug: // ---- build task 整理部分构建选项内数据到 settings.json ----
2026-4-24 23:07:23-debug: 填充脚本数据到 settings.json start, progress: 12%
2026-4-24 23:07:23-log: run build task 整理部分构建选项内数据到 settings.json success in √, progress: 12%
2026-4-24 23:07:23-debug: [Build Memory track]: 整理部分构建选项内数据到 settings.json start:221.96MB, end 221.97MB, increase: 18.70KB
2026-4-24 23:07:23-debug: // ---- build task 填充脚本数据到 settings.json ----
2026-4-24 23:07:23-log: run build task 填充脚本数据到 settings.json success in 1 ms√, progress: 13%
2026-4-24 23:07:23-debug: [Build Memory track]: 填充脚本数据到 settings.json start:222.01MB, end 222.04MB, increase: 39.06KB
2026-4-24 23:07:23-debug: // ---- build task 填充脚本数据到 settings.json ---- (1ms)
2026-4-24 23:07:23-debug: 整理部分构建选项内数据到 settings.json start, progress: 13%
2026-4-24 23:07:23-debug: // ---- build task 整理部分构建选项内数据到 settings.json ----
2026-4-24 23:07:23-debug: // ---- build task 整理部分构建选项内数据到 settings.json ---- (4ms)
2026-4-24 23:07:23-log: run build task 整理部分构建选项内数据到 settings.json success in 4 ms√, progress: 15%
2026-4-24 23:07:23-debug: [Build Memory track]: 整理部分构建选项内数据到 settings.json start:222.08MB, end 222.21MB, increase: 133.97KB
2026-4-24 23:08:16-debug: refresh db internal success
2026-4-24 23:08:16-debug: %cImport%c: D:\cocos_zml\zml-cocos2d-games\zml-cocos2d-AirplaneBattle\assets\Scripts\Enemy.tsbackground: #aaff85; color: #000;color: #000;
2026-4-24 23:08:16-debug: refresh db assets success
2026-4-24 23:08:16-debug: Run asset db hook engine-extends:afterRefresh ...
2026-4-24 23:08:16-debug: Run asset db hook engine-extends:afterRefresh success!
2026-4-24 23:08:16-debug: asset-db:refresh-all-database (134ms)
2026-4-24 23:08:16-debug: asset-db:worker-effect-data-processing (2ms)
2026-4-24 23:08:16-debug: asset-db-hook-engine-extends-afterRefresh (2ms)
2026-4-24 23:08:17-debug: Query all assets info in project
2026-4-24 23:08:17-debug: init custom config: keepNodeUuid: false, useCache: true
2026-4-24 23:08:17-debug: Skip compress image, progress: 0%
2026-4-24 23:08:17-debug: 查询 Asset Bundle start, progress: 0%
2026-4-24 23:08:17-debug: Num of bundles: 2..., progress: 0%
2026-4-24 23:08:17-debug: Init all bundles start..., progress: 0%
2026-4-24 23:08:17-debug: // ---- build task 查询 Asset Bundle ----
2026-4-24 23:08:17-debug: Init bundle root assets start..., progress: 0%
2026-4-24 23:08:17-debug:   Number of all scenes: 2
2026-4-24 23:08:17-debug: Query preload assets/scripts from cc.config.json: 60f7195c-ec2a-45eb-ba94-8955f60e81d0,1c02ae6f-4492-4915-b8f8-7492a3b1e4cd,810e96e4-e456-4468-9b59-f4e8f39732c0,efe8e2a3-eace-427b-b4f1-cb8a937ec77d,e9aa9a3e-5b2b-4ac7-a2c7-073de2b2b24f,8bbdbcdd-5cd4-4100-b6d5-b7c9625b6107,50f4348b-c883-4e2f-8f11-ce233b859fa1,fda095cb-831d-4601-ad94-846013963de8,f92806d7-1768-443f-afe8-12bcde84d0f0,dd3a144d-ab7f-41f0-82b8-2e43a090d496,f0416e68-0200-4b77-a926-4f9d16e494da,970b0598-bcb0-4714-91fb-2e81440dccd8,bcd64cc6-2dd9-43f6-abbe-66318d332032,d930590d-bb92-4cc8-8bd1-23cd027f9edf,a3cd009f-0ab0-420d-9278-b9fdab939bbc,6a2d0734-bd9e-4ddf-946e-caa52498cb75,c27215d8-6835-4b68-bfbb-bdeac6100c04,b5d6115f-0370-4d7c-aad3-c194cc71cf98,871c3b6c-7379-419d-bda3-794b239ab90d,ff9b0199-ce04-4cfe-86cc-6c719f08d6e4,de1c2107-70c8-4021-8459-6399f24d01c6,cbf30902-517f-40dc-af90-a550bac27cf1,5c601d96-e4c7-4698-991b-7ee674b11079
2026-4-24 23:08:17-debug:   Number of other assets: 460
2026-4-24 23:08:17-debug:   Number of all scripts: 16
2026-4-24 23:08:17-debug: Init bundle root assets success..., progress: 0%
2026-4-24 23:08:17-log: run build task 查询 Asset Bundle success in 7 ms√, progress: 5%
2026-4-24 23:08:17-debug: [Build Memory track]: 查询 Asset Bundle start:223.61MB, end 223.34MB, increase: -268.26KB
2026-4-24 23:08:17-debug: // ---- build task 查询 Asset Bundle ---- (7ms)
2026-4-24 23:08:17-debug: 查询 Asset Bundle start, progress: 5%
2026-4-24 23:08:17-debug: // ---- build task 查询 Asset Bundle ----
2026-4-24 23:08:17-debug: // ---- build task 查询 Asset Bundle ---- (5ms)
2026-4-24 23:08:17-log: run build task 查询 Asset Bundle success in 5 ms√, progress: 10%
2026-4-24 23:08:17-debug: [Build Memory track]: 查询 Asset Bundle start:223.38MB, end 223.50MB, increase: 131.07KB
2026-4-24 23:08:17-debug: 整理部分构建选项内数据到 settings.json start, progress: 10%
2026-4-24 23:08:17-debug: // ---- build task 整理部分构建选项内数据到 settings.json ----
2026-4-24 23:08:17-log: run build task 整理部分构建选项内数据到 settings.json success in 2 ms√, progress: 12%
2026-4-24 23:08:17-debug: [Build Memory track]: 整理部分构建选项内数据到 settings.json start:223.54MB, end 223.56MB, increase: 28.00KB
2026-4-24 23:08:17-debug: // ---- build task 整理部分构建选项内数据到 settings.json ---- (2ms)
2026-4-24 23:08:17-debug: 填充脚本数据到 settings.json start, progress: 12%
2026-4-24 23:08:17-debug: // ---- build task 填充脚本数据到 settings.json ----
2026-4-24 23:08:17-debug: // ---- build task 填充脚本数据到 settings.json ---- (3ms)
2026-4-24 23:08:17-debug: [Build Memory track]: 填充脚本数据到 settings.json start:223.59MB, end 223.62MB, increase: 27.61KB
2026-4-24 23:08:17-log: run build task 填充脚本数据到 settings.json success in 3 ms√, progress: 13%
2026-4-24 23:08:17-debug: 整理部分构建选项内数据到 settings.json start, progress: 13%
2026-4-24 23:08:17-debug: // ---- build task 整理部分构建选项内数据到 settings.json ----
2026-4-24 23:08:17-log: run build task 整理部分构建选项内数据到 settings.json success in 7 ms√, progress: 15%
2026-4-24 23:08:17-debug: [Build Memory track]: 整理部分构建选项内数据到 settings.json start:223.65MB, end 223.78MB, increase: 126.18KB
2026-4-24 23:08:17-debug: // ---- build task 整理部分构建选项内数据到 settings.json ---- (7ms)
2026-4-24 23:09:41-debug: refresh db internal success
2026-4-24 23:09:41-debug: refresh db assets success
2026-4-24 23:09:41-debug: Run asset db hook engine-extends:afterRefresh ...
2026-4-24 23:09:41-debug: Run asset db hook engine-extends:afterRefresh success!
2026-4-24 23:09:41-debug: asset-db:refresh-all-database (117ms)
2026-4-24 23:09:41-debug: asset-db:worker-effect-data-processing (2ms)
2026-4-24 23:09:41-debug: asset-db-hook-engine-extends-afterRefresh (3ms)
2026-4-24 23:10:13-debug: refresh db internal success
2026-4-24 23:10:13-debug: refresh db assets success
2026-4-24 23:10:13-debug: Run asset db hook engine-extends:afterRefresh ...
2026-4-24 23:10:13-debug: Run asset db hook engine-extends:afterRefresh success!
2026-4-24 23:10:13-debug: asset-db:refresh-all-database (144ms)
2026-4-24 23:10:13-debug: asset-db:worker-effect-data-processing (2ms)
2026-4-24 23:10:13-debug: asset-db-hook-engine-extends-afterRefresh (2ms)
2026-4-24 23:10:21-debug: refresh db internal success
2026-4-24 23:10:21-debug: refresh db assets success
2026-4-24 23:10:21-debug: Run asset db hook engine-extends:afterRefresh ...
2026-4-24 23:10:21-debug: Run asset db hook engine-extends:afterRefresh success!
2026-4-24 23:10:21-debug: asset-db:refresh-all-database (106ms)
2026-4-24 23:10:21-debug: asset-db:worker-effect-data-processing (2ms)
2026-4-24 23:10:21-debug: asset-db-hook-engine-extends-afterRefresh (2ms)
2026-4-24 23:11:15-debug: refresh db internal success
2026-4-24 23:11:15-debug: %cImport%c: D:\cocos_zml\zml-cocos2d-games\zml-cocos2d-AirplaneBattle\assets\Scripts\GameManage.tsbackground: #aaff85; color: #000;color: #000;
2026-4-24 23:11:15-debug: Run asset db hook engine-extends:afterRefresh ...
2026-4-24 23:11:15-debug: Run asset db hook engine-extends:afterRefresh success!
2026-4-24 23:11:15-debug: refresh db assets success
2026-4-24 23:11:15-debug: asset-db-hook-engine-extends-afterRefresh (2ms)
2026-4-24 23:11:15-debug: asset-db:refresh-all-database (101ms)
2026-4-24 23:11:15-debug: asset-db:worker-effect-data-processing (1ms)
2026-4-24 23:15:26-debug: refresh db internal success
2026-4-24 23:15:26-debug: %cImport%c: D:\cocos_zml\zml-cocos2d-games\zml-cocos2d-AirplaneBattle\assets\Scripts\Player.tsbackground: #aaff85; color: #000;color: #000;
2026-4-24 23:15:26-debug: Run asset db hook engine-extends:afterRefresh ...
2026-4-24 23:15:26-debug: Run asset db hook engine-extends:afterRefresh success!
2026-4-24 23:15:26-debug: refresh db assets success
2026-4-24 23:15:26-debug: asset-db:refresh-all-database (130ms)
2026-4-24 23:15:26-debug: asset-db-hook-engine-extends-afterRefresh (1ms)
2026-4-24 23:15:28-debug: Query all assets info in project
2026-4-24 23:15:28-debug: init custom config: keepNodeUuid: false, useCache: true
2026-4-24 23:15:28-debug: Skip compress image, progress: 0%
2026-4-24 23:15:28-debug: 查询 Asset Bundle start, progress: 0%
2026-4-24 23:15:28-debug: Num of bundles: 2..., progress: 0%
2026-4-24 23:15:28-debug: Init all bundles start..., progress: 0%
2026-4-24 23:15:28-debug: // ---- build task 查询 Asset Bundle ----
2026-4-24 23:15:28-debug: Init bundle root assets start..., progress: 0%
2026-4-24 23:15:28-debug:   Number of other assets: 460
2026-4-24 23:15:28-debug: Query preload assets/scripts from cc.config.json: 60f7195c-ec2a-45eb-ba94-8955f60e81d0,1c02ae6f-4492-4915-b8f8-7492a3b1e4cd,810e96e4-e456-4468-9b59-f4e8f39732c0,efe8e2a3-eace-427b-b4f1-cb8a937ec77d,e9aa9a3e-5b2b-4ac7-a2c7-073de2b2b24f,8bbdbcdd-5cd4-4100-b6d5-b7c9625b6107,50f4348b-c883-4e2f-8f11-ce233b859fa1,fda095cb-831d-4601-ad94-846013963de8,f92806d7-1768-443f-afe8-12bcde84d0f0,dd3a144d-ab7f-41f0-82b8-2e43a090d496,f0416e68-0200-4b77-a926-4f9d16e494da,970b0598-bcb0-4714-91fb-2e81440dccd8,bcd64cc6-2dd9-43f6-abbe-66318d332032,d930590d-bb92-4cc8-8bd1-23cd027f9edf,a3cd009f-0ab0-420d-9278-b9fdab939bbc,6a2d0734-bd9e-4ddf-946e-caa52498cb75,c27215d8-6835-4b68-bfbb-bdeac6100c04,b5d6115f-0370-4d7c-aad3-c194cc71cf98,871c3b6c-7379-419d-bda3-794b239ab90d,ff9b0199-ce04-4cfe-86cc-6c719f08d6e4,de1c2107-70c8-4021-8459-6399f24d01c6,cbf30902-517f-40dc-af90-a550bac27cf1,5c601d96-e4c7-4698-991b-7ee674b11079
2026-4-24 23:15:28-debug:   Number of all scenes: 2
2026-4-24 23:15:28-debug:   Number of all scripts: 16
2026-4-24 23:15:28-debug: Init bundle root assets success..., progress: 0%
2026-4-24 23:15:28-log: run build task 查询 Asset Bundle success in 10 ms√, progress: 5%
2026-4-24 23:15:28-debug: [Build Memory track]: 查询 Asset Bundle start:228.79MB, end 228.48MB, increase: -315.08KB
2026-4-24 23:15:28-debug: // ---- build task 查询 Asset Bundle ---- (10ms)
2026-4-24 23:15:28-debug: 查询 Asset Bundle start, progress: 5%
2026-4-24 23:15:28-debug: // ---- build task 查询 Asset Bundle ----
2026-4-24 23:15:28-log: run build task 查询 Asset Bundle success in 3 ms√, progress: 10%
2026-4-24 23:15:28-debug: // ---- build task 查询 Asset Bundle ---- (3ms)
2026-4-24 23:15:28-debug: [Build Memory track]: 查询 Asset Bundle start:228.52MB, end 228.65MB, increase: 130.18KB
2026-4-24 23:15:28-debug: 整理部分构建选项内数据到 settings.json start, progress: 10%
2026-4-24 23:15:28-debug: // ---- build task 整理部分构建选项内数据到 settings.json ----
2026-4-24 23:15:28-log: run build task 整理部分构建选项内数据到 settings.json success in 1 ms√, progress: 12%
2026-4-24 23:15:28-debug: [Build Memory track]: 整理部分构建选项内数据到 settings.json start:228.68MB, end 228.71MB, increase: 28.20KB
2026-4-24 23:15:28-debug: // ---- build task 整理部分构建选项内数据到 settings.json ---- (1ms)
2026-4-24 23:15:28-debug: 填充脚本数据到 settings.json start, progress: 12%
2026-4-24 23:15:28-debug: // ---- build task 填充脚本数据到 settings.json ----
2026-4-24 23:15:28-debug: // ---- build task 填充脚本数据到 settings.json ---- (2ms)
2026-4-24 23:15:28-debug: [Build Memory track]: 填充脚本数据到 settings.json start:228.74MB, end 228.76MB, increase: 27.81KB
2026-4-24 23:15:28-log: run build task 填充脚本数据到 settings.json success in 2 ms√, progress: 13%
2026-4-24 23:15:28-debug: 整理部分构建选项内数据到 settings.json start, progress: 13%
2026-4-24 23:15:28-debug: // ---- build task 整理部分构建选项内数据到 settings.json ----
2026-4-24 23:15:28-debug: // ---- build task 整理部分构建选项内数据到 settings.json ---- (5ms)
2026-4-24 23:15:28-log: run build task 整理部分构建选项内数据到 settings.json success in 5 ms√, progress: 15%
2026-4-24 23:15:28-debug: [Build Memory track]: 整理部分构建选项内数据到 settings.json start:228.80MB, end 228.92MB, increase: 126.33KB
2026-4-24 23:15:44-debug: Query all assets info in project
2026-4-24 23:15:44-debug: init custom config: keepNodeUuid: false, useCache: true
2026-4-24 23:15:44-debug: Skip compress image, progress: 0%
2026-4-24 23:15:44-debug: Init all bundles start..., progress: 0%
2026-4-24 23:15:44-debug: Num of bundles: 2..., progress: 0%
2026-4-24 23:15:44-debug: 查询 Asset Bundle start, progress: 0%
2026-4-24 23:15:44-debug: // ---- build task 查询 Asset Bundle ----
2026-4-24 23:15:44-debug: Init bundle root assets start..., progress: 0%
2026-4-24 23:15:44-debug: Query preload assets/scripts from cc.config.json: 60f7195c-ec2a-45eb-ba94-8955f60e81d0,1c02ae6f-4492-4915-b8f8-7492a3b1e4cd,810e96e4-e456-4468-9b59-f4e8f39732c0,efe8e2a3-eace-427b-b4f1-cb8a937ec77d,e9aa9a3e-5b2b-4ac7-a2c7-073de2b2b24f,8bbdbcdd-5cd4-4100-b6d5-b7c9625b6107,50f4348b-c883-4e2f-8f11-ce233b859fa1,fda095cb-831d-4601-ad94-846013963de8,f92806d7-1768-443f-afe8-12bcde84d0f0,dd3a144d-ab7f-41f0-82b8-2e43a090d496,f0416e68-0200-4b77-a926-4f9d16e494da,970b0598-bcb0-4714-91fb-2e81440dccd8,bcd64cc6-2dd9-43f6-abbe-66318d332032,d930590d-bb92-4cc8-8bd1-23cd027f9edf,a3cd009f-0ab0-420d-9278-b9fdab939bbc,6a2d0734-bd9e-4ddf-946e-caa52498cb75,c27215d8-6835-4b68-bfbb-bdeac6100c04,b5d6115f-0370-4d7c-aad3-c194cc71cf98,871c3b6c-7379-419d-bda3-794b239ab90d,ff9b0199-ce04-4cfe-86cc-6c719f08d6e4,de1c2107-70c8-4021-8459-6399f24d01c6,cbf30902-517f-40dc-af90-a550bac27cf1,5c601d96-e4c7-4698-991b-7ee674b11079
2026-4-24 23:15:44-debug:   Number of all scenes: 2
2026-4-24 23:15:44-debug:   Number of all scripts: 16
2026-4-24 23:15:44-debug:   Number of other assets: 460
2026-4-24 23:15:44-debug: Init bundle root assets success..., progress: 0%
2026-4-24 23:15:44-log: run build task 查询 Asset Bundle success in 8 ms√, progress: 5%
2026-4-24 23:15:44-debug: // ---- build task 查询 Asset Bundle ---- (8ms)
2026-4-24 23:15:44-debug: 查询 Asset Bundle start, progress: 5%
2026-4-24 23:15:44-debug: [Build Memory track]: 查询 Asset Bundle start:228.56MB, end 228.47MB, increase: -100.86KB
2026-4-24 23:15:44-debug: // ---- build task 查询 Asset Bundle ----
2026-4-24 23:15:44-debug: // ---- build task 查询 Asset Bundle ---- (2ms)
2026-4-24 23:15:44-log: run build task 查询 Asset Bundle success in 2 ms√, progress: 10%
2026-4-24 23:15:44-debug: [Build Memory track]: 查询 Asset Bundle start:228.50MB, end 228.63MB, increase: 132.20KB
2026-4-24 23:15:44-debug: 整理部分构建选项内数据到 settings.json start, progress: 10%
2026-4-24 23:15:44-debug: // ---- build task 整理部分构建选项内数据到 settings.json ----
2026-4-24 23:15:44-log: run build task 整理部分构建选项内数据到 settings.json success in √, progress: 12%
2026-4-24 23:15:44-debug: [Build Memory track]: 整理部分构建选项内数据到 settings.json start:228.66MB, end 228.67MB, increase: 16.99KB
2026-4-24 23:15:44-debug: 填充脚本数据到 settings.json start, progress: 12%
2026-4-24 23:15:44-debug: // ---- build task 填充脚本数据到 settings.json ----
2026-4-24 23:15:44-log: run build task 填充脚本数据到 settings.json success in 1 ms√, progress: 13%
2026-4-24 23:15:44-debug: [Build Memory track]: 填充脚本数据到 settings.json start:228.71MB, end 228.73MB, increase: 27.74KB
2026-4-24 23:15:44-debug: // ---- build task 填充脚本数据到 settings.json ---- (1ms)
2026-4-24 23:15:44-debug: 整理部分构建选项内数据到 settings.json start, progress: 13%
2026-4-24 23:15:44-debug: // ---- build task 整理部分构建选项内数据到 settings.json ----
2026-4-24 23:15:44-debug: // ---- build task 整理部分构建选项内数据到 settings.json ---- (5ms)
2026-4-24 23:15:44-log: run build task 整理部分构建选项内数据到 settings.json success in 5 ms√, progress: 15%
2026-4-24 23:15:44-debug: [Build Memory track]: 整理部分构建选项内数据到 settings.json start:228.76MB, end 228.89MB, increase: 126.38KB
2026-4-24 23:16:19-debug: refresh db internal success
2026-4-24 23:16:19-debug: %cImport%c: D:\cocos_zml\zml-cocos2d-games\zml-cocos2d-AirplaneBattle\assets\Scripts\Player.tsbackground: #aaff85; color: #000;color: #000;
2026-4-24 23:16:19-debug: refresh db assets success
2026-4-24 23:16:19-debug: Run asset db hook engine-extends:afterRefresh ...
2026-4-24 23:16:19-debug: Run asset db hook engine-extends:afterRefresh success!
2026-4-24 23:16:19-debug: asset-db:refresh-all-database (134ms)
2026-4-24 23:16:19-debug: asset-db-hook-engine-extends-afterRefresh (1ms)
2026-4-24 23:16:45-debug: refresh db internal success
2026-4-24 23:16:45-debug: %cImport%c: D:\cocos_zml\zml-cocos2d-games\zml-cocos2d-AirplaneBattle\assets\Scripts\Player.tsbackground: #aaff85; color: #000;color: #000;
2026-4-24 23:16:45-debug: refresh db assets success
2026-4-24 23:16:45-debug: Run asset db hook engine-extends:afterRefresh ...
2026-4-24 23:16:45-debug: Run asset db hook engine-extends:afterRefresh success!
2026-4-24 23:16:45-debug: asset-db:refresh-all-database (106ms)
2026-4-24 23:18:01-debug: refresh db internal success
2026-4-24 23:18:02-debug: %cImport%c: D:\cocos_zml\zml-cocos2d-games\zml-cocos2d-AirplaneBattle\assets\Scripts\Player.tsbackground: #aaff85; color: #000;color: #000;
2026-4-24 23:18:02-debug: refresh db assets success
2026-4-24 23:18:02-debug: Run asset db hook engine-extends:afterRefresh ...
2026-4-24 23:18:02-debug: Run asset db hook engine-extends:afterRefresh success!
2026-4-24 23:18:02-debug: asset-db:refresh-all-database (104ms)
2026-4-24 23:18:02-debug: asset-db-hook-engine-extends-afterRefresh (1ms)
2026-4-24 23:18:25-debug: refresh db internal success
2026-4-24 23:18:25-debug: refresh db assets success
2026-4-24 23:18:25-debug: Run asset db hook engine-extends:afterRefresh success!
2026-4-24 23:18:25-debug: Run asset db hook engine-extends:afterRefresh ...
2026-4-24 23:18:25-debug: asset-db:refresh-all-database (96ms)
2026-4-24 23:18:25-debug: asset-db-hook-engine-extends-afterRefresh (1ms)
2026-4-24 23:19:19-debug: refresh db internal success
2026-4-24 23:19:19-debug: %cImport%c: D:\cocos_zml\zml-cocos2d-games\zml-cocos2d-AirplaneBattle\assets\Scripts\GameManage.tsbackground: #aaff85; color: #000;color: #000;
2026-4-24 23:19:19-debug: refresh db assets success
2026-4-24 23:19:19-debug: Run asset db hook engine-extends:afterRefresh ...
2026-4-24 23:19:19-debug: Run asset db hook engine-extends:afterRefresh success!
2026-4-24 23:19:19-debug: asset-db:refresh-all-database (164ms)
2026-4-24 23:19:19-debug: asset-db:worker-effect-data-processing (2ms)
2026-4-24 23:19:19-debug: asset-db-hook-engine-extends-afterRefresh (3ms)
2026-4-24 23:19:28-debug: %cImport%c: D:\cocos_zml\zml-cocos2d-games\zml-cocos2d-AirplaneBattle\assets\Scenes\Scene-game.scenebackground: #aaff85; color: #000;color: #000;
2026-4-24 23:19:28-debug: asset-db:reimport-asset1fe614cc-2965-44e6-a089-7cf6bb918b0a (5ms)
2026-4-24 23:20:17-debug: refresh db internal success
2026-4-24 23:20:17-debug: %cImport%c: D:\cocos_zml\zml-cocos2d-games\zml-cocos2d-AirplaneBattle\assets\Scripts\GameManage.tsbackground: #aaff85; color: #000;color: #000;
2026-4-24 23:20:17-debug: refresh db assets success
2026-4-24 23:20:17-debug: Run asset db hook engine-extends:afterRefresh ...
2026-4-24 23:20:17-debug: Run asset db hook engine-extends:afterRefresh success!
2026-4-24 23:20:17-debug: asset-db:refresh-all-database (125ms)
2026-4-24 23:20:17-debug: asset-db:worker-effect-data-processing (1ms)
2026-4-24 23:20:17-debug: asset-db-hook-engine-extends-afterRefresh (1ms)
2026-4-24 23:20:25-debug: refresh db internal success
2026-4-24 23:20:25-debug: refresh db assets success
2026-4-24 23:20:25-debug: Run asset db hook engine-extends:afterRefresh ...
2026-4-24 23:20:25-debug: Run asset db hook engine-extends:afterRefresh success!
2026-4-24 23:20:25-debug: asset-db:refresh-all-database (96ms)
2026-4-24 23:20:25-debug: asset-db:worker-effect-data-processing (-1ms)
2026-4-24 23:22:42-debug: refresh db internal success
2026-4-24 23:22:42-debug: %cImport%c: D:\cocos_zml\zml-cocos2d-games\zml-cocos2d-AirplaneBattle\assets\Scripts\GameManage.tsbackground: #aaff85; color: #000;color: #000;
2026-4-24 23:22:42-debug: Run asset db hook engine-extends:afterRefresh ...
2026-4-24 23:22:42-debug: refresh db assets success
2026-4-24 23:22:42-debug: Run asset db hook engine-extends:afterRefresh success!
2026-4-24 23:22:42-debug: asset-db:refresh-all-database (157ms)
2026-4-24 23:22:42-debug: asset-db:worker-effect-data-processing (2ms)
2026-4-24 23:22:42-debug: asset-db-hook-engine-extends-afterRefresh (2ms)
2026-4-24 23:23:58-debug: Query all assets info in project
2026-4-24 23:23:58-debug: init custom config: keepNodeUuid: false, useCache: true
2026-4-24 23:23:58-debug: Skip compress image, progress: 0%
2026-4-24 23:23:58-debug: Init all bundles start..., progress: 0%
2026-4-24 23:23:58-debug: Num of bundles: 2..., progress: 0%
2026-4-24 23:23:58-debug: 查询 Asset Bundle start, progress: 0%
2026-4-24 23:23:58-debug: // ---- build task 查询 Asset Bundle ----
2026-4-24 23:23:58-debug: Init bundle root assets start..., progress: 0%
2026-4-24 23:23:58-debug:   Number of all scripts: 16
2026-4-24 23:23:58-debug: Query preload assets/scripts from cc.config.json: 60f7195c-ec2a-45eb-ba94-8955f60e81d0,1c02ae6f-4492-4915-b8f8-7492a3b1e4cd,810e96e4-e456-4468-9b59-f4e8f39732c0,efe8e2a3-eace-427b-b4f1-cb8a937ec77d,e9aa9a3e-5b2b-4ac7-a2c7-073de2b2b24f,8bbdbcdd-5cd4-4100-b6d5-b7c9625b6107,50f4348b-c883-4e2f-8f11-ce233b859fa1,fda095cb-831d-4601-ad94-846013963de8,f92806d7-1768-443f-afe8-12bcde84d0f0,dd3a144d-ab7f-41f0-82b8-2e43a090d496,f0416e68-0200-4b77-a926-4f9d16e494da,970b0598-bcb0-4714-91fb-2e81440dccd8,bcd64cc6-2dd9-43f6-abbe-66318d332032,d930590d-bb92-4cc8-8bd1-23cd027f9edf,a3cd009f-0ab0-420d-9278-b9fdab939bbc,6a2d0734-bd9e-4ddf-946e-caa52498cb75,c27215d8-6835-4b68-bfbb-bdeac6100c04,b5d6115f-0370-4d7c-aad3-c194cc71cf98,871c3b6c-7379-419d-bda3-794b239ab90d,ff9b0199-ce04-4cfe-86cc-6c719f08d6e4,de1c2107-70c8-4021-8459-6399f24d01c6,cbf30902-517f-40dc-af90-a550bac27cf1,5c601d96-e4c7-4698-991b-7ee674b11079
2026-4-24 23:23:58-debug:   Number of other assets: 460
2026-4-24 23:23:58-debug: Init bundle root assets success..., progress: 0%
2026-4-24 23:23:58-debug:   Number of all scenes: 2
2026-4-24 23:23:58-debug: // ---- build task 查询 Asset Bundle ---- (5ms)
2026-4-24 23:23:58-log: run build task 查询 Asset Bundle success in 5 ms√, progress: 5%
2026-4-24 23:23:58-debug: [Build Memory track]: 查询 Asset Bundle start:237.35MB, end 237.05MB, increase: -305.99KB
2026-4-24 23:23:58-debug: 查询 Asset Bundle start, progress: 5%
2026-4-24 23:23:58-debug: // ---- build task 查询 Asset Bundle ----
2026-4-24 23:23:58-debug: // ---- build task 查询 Asset Bundle ---- (3ms)
2026-4-24 23:23:58-log: run build task 查询 Asset Bundle success in 3 ms√, progress: 10%
2026-4-24 23:23:58-debug: [Build Memory track]: 查询 Asset Bundle start:237.08MB, end 237.21MB, increase: 132.07KB
2026-4-24 23:23:58-debug: 整理部分构建选项内数据到 settings.json start, progress: 10%
2026-4-24 23:23:58-debug: // ---- build task 整理部分构建选项内数据到 settings.json ----
2026-4-24 23:23:58-debug: // ---- build task 整理部分构建选项内数据到 settings.json ---- (2ms)
2026-4-24 23:23:58-debug: [Build Memory track]: 整理部分构建选项内数据到 settings.json start:237.24MB, end 237.27MB, increase: 29.02KB
2026-4-24 23:23:58-log: run build task 整理部分构建选项内数据到 settings.json success in 2 ms√, progress: 12%
2026-4-24 23:23:58-debug: 填充脚本数据到 settings.json start, progress: 12%
2026-4-24 23:23:58-debug: // ---- build task 填充脚本数据到 settings.json ----
2026-4-24 23:23:58-debug: // ---- build task 填充脚本数据到 settings.json ---- (1ms)
2026-4-24 23:23:58-log: run build task 填充脚本数据到 settings.json success in 1 ms√, progress: 13%
2026-4-24 23:23:58-debug: [Build Memory track]: 填充脚本数据到 settings.json start:237.30MB, end 237.33MB, increase: 27.71KB
2026-4-24 23:23:58-debug: 整理部分构建选项内数据到 settings.json start, progress: 13%
2026-4-24 23:23:58-debug: // ---- build task 整理部分构建选项内数据到 settings.json ----
2026-4-24 23:23:58-log: run build task 整理部分构建选项内数据到 settings.json success in 6 ms√, progress: 15%
2026-4-24 23:23:58-debug: [Build Memory track]: 整理部分构建选项内数据到 settings.json start:237.36MB, end 237.48MB, increase: 126.31KB
2026-4-24 23:23:58-debug: // ---- build task 整理部分构建选项内数据到 settings.json ---- (6ms)
2026-4-24 23:24:14-debug: refresh db internal success
2026-4-24 23:24:14-debug: refresh db assets success
2026-4-24 23:24:14-debug: Run asset db hook engine-extends:afterRefresh ...
2026-4-24 23:24:14-debug: Run asset db hook engine-extends:afterRefresh success!
2026-4-24 23:24:14-debug: asset-db:refresh-all-database (123ms)
2026-4-24 23:24:14-debug: asset-db:worker-effect-data-processing (5ms)
2026-4-24 23:24:14-debug: asset-db-hook-engine-extends-afterRefresh (6ms)
2026-4-24 23:24:17-debug: Query all assets info in project
2026-4-24 23:24:17-debug: init custom config: keepNodeUuid: false, useCache: true
2026-4-24 23:24:17-debug: Skip compress image, progress: 0%
2026-4-24 23:24:17-debug: Init all bundles start..., progress: 0%
2026-4-24 23:24:17-debug: 查询 Asset Bundle start, progress: 0%
2026-4-24 23:24:17-debug: Num of bundles: 2..., progress: 0%
2026-4-24 23:24:17-debug: // ---- build task 查询 Asset Bundle ----
2026-4-24 23:24:17-debug: Init bundle root assets start..., progress: 0%
2026-4-24 23:24:17-debug:   Number of all scenes: 2
2026-4-24 23:24:17-debug:   Number of all scripts: 16
2026-4-24 23:24:17-debug: Query preload assets/scripts from cc.config.json: 60f7195c-ec2a-45eb-ba94-8955f60e81d0,1c02ae6f-4492-4915-b8f8-7492a3b1e4cd,810e96e4-e456-4468-9b59-f4e8f39732c0,efe8e2a3-eace-427b-b4f1-cb8a937ec77d,e9aa9a3e-5b2b-4ac7-a2c7-073de2b2b24f,8bbdbcdd-5cd4-4100-b6d5-b7c9625b6107,50f4348b-c883-4e2f-8f11-ce233b859fa1,fda095cb-831d-4601-ad94-846013963de8,f92806d7-1768-443f-afe8-12bcde84d0f0,dd3a144d-ab7f-41f0-82b8-2e43a090d496,f0416e68-0200-4b77-a926-4f9d16e494da,970b0598-bcb0-4714-91fb-2e81440dccd8,bcd64cc6-2dd9-43f6-abbe-66318d332032,d930590d-bb92-4cc8-8bd1-23cd027f9edf,a3cd009f-0ab0-420d-9278-b9fdab939bbc,6a2d0734-bd9e-4ddf-946e-caa52498cb75,c27215d8-6835-4b68-bfbb-bdeac6100c04,b5d6115f-0370-4d7c-aad3-c194cc71cf98,871c3b6c-7379-419d-bda3-794b239ab90d,ff9b0199-ce04-4cfe-86cc-6c719f08d6e4,de1c2107-70c8-4021-8459-6399f24d01c6,cbf30902-517f-40dc-af90-a550bac27cf1,5c601d96-e4c7-4698-991b-7ee674b11079
2026-4-24 23:24:17-debug: Init bundle root assets success..., progress: 0%
2026-4-24 23:24:17-debug:   Number of other assets: 460
2026-4-24 23:24:17-log: run build task 查询 Asset Bundle success in 4 ms√, progress: 5%
2026-4-24 23:24:17-debug: [Build Memory track]: 查询 Asset Bundle start:238.11MB, end 238.00MB, increase: -113.78KB
2026-4-24 23:24:17-debug: // ---- build task 查询 Asset Bundle ---- (4ms)
2026-4-24 23:24:17-debug: 查询 Asset Bundle start, progress: 5%
2026-4-24 23:24:17-debug: // ---- build task 查询 Asset Bundle ----
2026-4-24 23:24:17-log: run build task 查询 Asset Bundle success in 3 ms√, progress: 10%
2026-4-24 23:24:17-debug: [Build Memory track]: 查询 Asset Bundle start:238.03MB, end 238.16MB, increase: 130.75KB
2026-4-24 23:24:17-debug: // ---- build task 查询 Asset Bundle ---- (3ms)
2026-4-24 23:24:17-debug: 整理部分构建选项内数据到 settings.json start, progress: 10%
2026-4-24 23:24:17-debug: // ---- build task 整理部分构建选项内数据到 settings.json ----
2026-4-24 23:24:17-debug: // ---- build task 整理部分构建选项内数据到 settings.json ---- (1ms)
2026-4-24 23:24:17-debug: [Build Memory track]: 整理部分构建选项内数据到 settings.json start:238.19MB, end 238.22MB, increase: 28.13KB
2026-4-24 23:24:17-log: run build task 整理部分构建选项内数据到 settings.json success in 1 ms√, progress: 12%
2026-4-24 23:24:17-debug: 填充脚本数据到 settings.json start, progress: 12%
2026-4-24 23:24:17-debug: // ---- build task 填充脚本数据到 settings.json ----
2026-4-24 23:24:17-log: run build task 填充脚本数据到 settings.json success in √, progress: 13%
2026-4-24 23:24:17-debug: [Build Memory track]: 填充脚本数据到 settings.json start:238.25MB, end 238.27MB, increase: 17.18KB
2026-4-24 23:24:17-debug: 整理部分构建选项内数据到 settings.json start, progress: 13%
2026-4-24 23:24:17-debug: // ---- build task 整理部分构建选项内数据到 settings.json ----
2026-4-24 23:24:17-log: run build task 整理部分构建选项内数据到 settings.json success in 4 ms√, progress: 15%
2026-4-24 23:24:17-debug: [Build Memory track]: 整理部分构建选项内数据到 settings.json start:238.30MB, end 238.43MB, increase: 127.36KB
2026-4-24 23:24:17-debug: // ---- build task 整理部分构建选项内数据到 settings.json ---- (4ms)
2026-4-24 23:26:31-debug: refresh db internal success
2026-4-24 23:26:31-debug: %cImport%c: D:\cocos_zml\zml-cocos2d-games\zml-cocos2d-AirplaneBattle\assets\Scripts\GameManage.tsbackground: #aaff85; color: #000;color: #000;
2026-4-24 23:26:31-debug: %cImport%c: D:\cocos_zml\zml-cocos2d-games\zml-cocos2d-AirplaneBattle\assets\Scripts\Player.tsbackground: #aaff85; color: #000;color: #000;
2026-4-24 23:26:31-debug: refresh db assets success
2026-4-24 23:26:31-debug: Run asset db hook engine-extends:afterRefresh ...
2026-4-24 23:26:31-debug: Run asset db hook engine-extends:afterRefresh success!
2026-4-24 23:26:31-debug: asset-db:worker-effect-data-processing (2ms)
2026-4-24 23:26:31-debug: asset-db:refresh-all-database (179ms)
2026-4-24 23:26:31-debug: asset-db-hook-engine-extends-afterRefresh (3ms)
2026-4-25 00:47:15-debug: refresh db internal success
2026-4-25 00:47:15-debug: Run asset db hook engine-extends:afterRefresh ...
2026-4-25 00:47:15-debug: refresh db assets success
2026-4-25 00:47:15-debug: Run asset db hook engine-extends:afterRefresh success!
2026-4-25 00:47:15-debug: asset-db:refresh-all-database (101ms)
2026-4-25 00:47:15-debug: asset-db-hook-engine-extends-afterRefresh (1ms)
2026-4-25 00:47:24-debug: refresh db internal success
2026-4-25 00:47:24-debug: Run asset db hook engine-extends:afterRefresh success!
2026-4-25 00:47:24-debug: refresh db assets success
2026-4-25 00:47:24-debug: Run asset db hook engine-extends:afterRefresh ...
2026-4-25 00:47:24-debug: asset-db:refresh-all-database (96ms)
2026-4-25 00:47:55-debug: refresh db internal success
2026-4-25 00:47:55-debug: refresh db assets success
2026-4-25 00:47:55-debug: Run asset db hook engine-extends:afterRefresh ...
2026-4-25 00:47:55-debug: Run asset db hook engine-extends:afterRefresh success!
2026-4-25 00:47:55-debug: asset-db:worker-effect-data-processing (1ms)
2026-4-25 00:47:55-debug: asset-db:refresh-all-database (93ms)
2026-4-25 00:47:55-debug: asset-db-hook-engine-extends-afterRefresh (1ms)
2026-4-25 00:48:13-debug: refresh db internal success
2026-4-25 00:48:13-debug: refresh db assets success
2026-4-25 00:48:13-debug: Run asset db hook engine-extends:afterRefresh success!
2026-4-25 00:48:13-debug: Run asset db hook engine-extends:afterRefresh ...
2026-4-25 00:48:13-debug: asset-db:refresh-all-database (94ms)
2026-4-25 00:48:13-debug: asset-db:worker-effect-data-processing (1ms)
2026-4-25 00:48:13-debug: asset-db-hook-engine-extends-afterRefresh (1ms)
2026-4-25 00:48:30-debug: refresh db internal success
2026-4-25 00:48:30-debug: refresh db assets success
2026-4-25 00:48:30-debug: Run asset db hook engine-extends:afterRefresh ...
2026-4-25 00:48:30-debug: Run asset db hook engine-extends:afterRefresh success!
2026-4-25 00:48:30-debug: asset-db:refresh-all-database (143ms)
2026-4-25 00:48:30-debug: asset-db:worker-effect-data-processing (1ms)
2026-4-25 00:48:30-debug: asset-db-hook-engine-extends-afterRefresh (1ms)
2026-4-25 00:49:29-debug: refresh db internal success
2026-4-25 00:49:29-debug: refresh db assets success
2026-4-25 00:49:29-debug: Run asset db hook engine-extends:afterRefresh ...
2026-4-25 00:49:29-debug: Run asset db hook engine-extends:afterRefresh success!
2026-4-25 00:49:29-debug: asset-db:refresh-all-database (101ms)
2026-4-25 00:49:29-debug: asset-db:worker-effect-data-processing (1ms)
2026-4-25 00:49:29-debug: asset-db-hook-engine-extends-afterRefresh (2ms)
2026-4-25 00:50:57-debug: refresh db internal success
2026-4-25 00:50:57-debug: Run asset db hook engine-extends:afterRefresh ...
2026-4-25 00:50:57-debug: Run asset db hook engine-extends:afterRefresh success!
2026-4-25 00:50:57-debug: refresh db assets success
2026-4-25 00:50:57-debug: asset-db:refresh-all-database (92ms)
2026-4-25 00:50:57-debug: asset-db:worker-effect-data-processing (-1ms)
2026-4-25 00:51:25-debug: refresh db internal success
2026-4-25 00:51:25-debug: refresh db assets success
2026-4-25 00:51:25-debug: Run asset db hook engine-extends:afterRefresh ...
2026-4-25 00:51:25-debug: Run asset db hook engine-extends:afterRefresh success!
2026-4-25 00:51:25-debug: asset-db:worker-effect-data-processing (1ms)
2026-4-25 00:51:25-debug: asset-db:refresh-all-database (98ms)
2026-4-25 00:51:25-debug: asset-db-hook-engine-extends-afterRefresh (2ms)
2026-4-25 00:52:16-debug: refresh db internal success
2026-4-25 00:52:16-debug: refresh db assets success
2026-4-25 00:52:16-debug: Run asset db hook engine-extends:afterRefresh ...
2026-4-25 00:52:16-debug: Run asset db hook engine-extends:afterRefresh success!
2026-4-25 00:52:16-debug: asset-db:refresh-all-database (94ms)
2026-4-25 00:52:16-debug: asset-db:worker-effect-data-processing (1ms)
2026-4-25 00:52:16-debug: asset-db-hook-engine-extends-afterRefresh (1ms)
2026-4-25 00:52:29-debug: refresh db internal success
2026-4-25 00:52:29-debug: Run asset db hook engine-extends:afterRefresh ...
2026-4-25 00:52:29-debug: refresh db assets success
2026-4-25 00:52:29-debug: Run asset db hook engine-extends:afterRefresh success!
2026-4-25 00:52:29-debug: asset-db:worker-effect-data-processing (1ms)
2026-4-25 00:52:29-debug: asset-db:refresh-all-database (120ms)
2026-4-25 00:52:29-debug: asset-db-hook-engine-extends-afterRefresh (1ms)
2026-4-25 00:52:30-debug: refresh db internal success
2026-4-25 00:52:30-debug: Run asset db hook engine-extends:afterRefresh ...
2026-4-25 00:52:30-debug: refresh db assets success
2026-4-25 00:52:30-debug: Run asset db hook engine-extends:afterRefresh success!
2026-4-25 00:52:30-debug: asset-db:worker-effect-data-processing (4ms)
2026-4-25 00:52:30-debug: asset-db:refresh-all-database (97ms)
2026-4-25 00:52:30-debug: asset-db-hook-engine-extends-afterRefresh (4ms)
2026-4-25 00:53:31-debug: refresh db internal success
2026-4-25 00:53:31-debug: %cImport%c: D:\cocos_zml\zml-cocos2d-games\zml-cocos2d-AirplaneBattle\assets\Scripts\GameManage.tsbackground: #aaff85; color: #000;color: #000;
2026-4-25 00:53:31-debug: refresh db assets success
2026-4-25 00:53:31-debug: Run asset db hook engine-extends:afterRefresh ...
2026-4-25 00:53:31-debug: Run asset db hook engine-extends:afterRefresh success!
2026-4-25 00:53:31-debug: asset-db:refresh-all-database (102ms)
2026-4-25 00:53:31-debug: asset-db:worker-effect-data-processing (2ms)
2026-4-25 00:53:31-debug: asset-db-hook-engine-extends-afterRefresh (2ms)
2026-4-25 00:53:53-debug: refresh db internal success
2026-4-25 00:53:53-debug: %cImport%c: D:\cocos_zml\zml-cocos2d-games\zml-cocos2d-AirplaneBattle\assets\Scripts\GameManage.tsbackground: #aaff85; color: #000;color: #000;
2026-4-25 00:53:53-debug: refresh db assets success
2026-4-25 00:53:53-debug: Run asset db hook engine-extends:afterRefresh ...
2026-4-25 00:53:53-debug: Run asset db hook engine-extends:afterRefresh success!
2026-4-25 00:53:53-debug: asset-db:refresh-all-database (98ms)
2026-4-25 00:53:53-debug: asset-db-hook-engine-extends-afterRefresh (-1ms)
2026-4-25 00:53:53-debug: asset-db:worker-effect-data-processing (-1ms)
2026-4-25 00:53:57-debug: Query all assets info in project
2026-4-25 00:53:57-debug: init custom config: keepNodeUuid: false, useCache: true
2026-4-25 00:53:57-debug: Skip compress image, progress: 0%
2026-4-25 00:53:57-debug: Init all bundles start..., progress: 0%
2026-4-25 00:53:57-debug: // ---- build task 查询 Asset Bundle ----
2026-4-25 00:53:57-debug: 查询 Asset Bundle start, progress: 0%
2026-4-25 00:53:57-debug: Init bundle root assets start..., progress: 0%
2026-4-25 00:53:57-debug: Num of bundles: 2..., progress: 0%
2026-4-25 00:53:57-debug:   Number of all scenes: 2
2026-4-25 00:53:57-debug:   Number of all scripts: 16
2026-4-25 00:53:57-debug: Query preload assets/scripts from cc.config.json: 60f7195c-ec2a-45eb-ba94-8955f60e81d0,1c02ae6f-4492-4915-b8f8-7492a3b1e4cd,810e96e4-e456-4468-9b59-f4e8f39732c0,efe8e2a3-eace-427b-b4f1-cb8a937ec77d,e9aa9a3e-5b2b-4ac7-a2c7-073de2b2b24f,8bbdbcdd-5cd4-4100-b6d5-b7c9625b6107,50f4348b-c883-4e2f-8f11-ce233b859fa1,fda095cb-831d-4601-ad94-846013963de8,f92806d7-1768-443f-afe8-12bcde84d0f0,dd3a144d-ab7f-41f0-82b8-2e43a090d496,f0416e68-0200-4b77-a926-4f9d16e494da,970b0598-bcb0-4714-91fb-2e81440dccd8,bcd64cc6-2dd9-43f6-abbe-66318d332032,d930590d-bb92-4cc8-8bd1-23cd027f9edf,a3cd009f-0ab0-420d-9278-b9fdab939bbc,6a2d0734-bd9e-4ddf-946e-caa52498cb75,c27215d8-6835-4b68-bfbb-bdeac6100c04,b5d6115f-0370-4d7c-aad3-c194cc71cf98,871c3b6c-7379-419d-bda3-794b239ab90d,ff9b0199-ce04-4cfe-86cc-6c719f08d6e4,de1c2107-70c8-4021-8459-6399f24d01c6,cbf30902-517f-40dc-af90-a550bac27cf1,5c601d96-e4c7-4698-991b-7ee674b11079
2026-4-25 00:53:57-debug:   Number of other assets: 460
2026-4-25 00:53:57-debug: Init bundle root assets success..., progress: 0%
2026-4-25 00:53:57-debug: // ---- build task 查询 Asset Bundle ---- (3ms)
2026-4-25 00:53:57-debug: [Build Memory track]: 查询 Asset Bundle start:231.20MB, end 231.09MB, increase: -107.53KB
2026-4-25 00:53:57-log: run build task 查询 Asset Bundle success in 3 ms√, progress: 5%
2026-4-25 00:53:57-debug: 查询 Asset Bundle start, progress: 5%
2026-4-25 00:53:57-debug: // ---- build task 查询 Asset Bundle ----
2026-4-25 00:53:57-log: run build task 查询 Asset Bundle success in 2 ms√, progress: 10%
2026-4-25 00:53:57-debug: [Build Memory track]: 查询 Asset Bundle start:231.12MB, end 230.51MB, increase: -628.85KB
2026-4-25 00:53:57-debug: // ---- build task 查询 Asset Bundle ---- (2ms)
2026-4-25 00:53:57-debug: 整理部分构建选项内数据到 settings.json start, progress: 10%
2026-4-25 00:53:57-debug: // ---- build task 整理部分构建选项内数据到 settings.json ----
2026-4-25 00:53:57-log: run build task 整理部分构建选项内数据到 settings.json success in √, progress: 12%
2026-4-25 00:53:57-debug: [Build Memory track]: 整理部分构建选项内数据到 settings.json start:230.54MB, end 230.56MB, increase: 17.76KB
2026-4-25 00:53:57-debug: 填充脚本数据到 settings.json start, progress: 12%
2026-4-25 00:53:57-debug: // ---- build task 填充脚本数据到 settings.json ----
2026-4-25 00:53:57-debug: // ---- build task 填充脚本数据到 settings.json ---- (1ms)
2026-4-25 00:53:57-log: run build task 填充脚本数据到 settings.json success in 1 ms√, progress: 13%
2026-4-25 00:53:57-debug: [Build Memory track]: 填充脚本数据到 settings.json start:230.59MB, end 230.62MB, increase: 27.02KB
2026-4-25 00:53:57-debug: 整理部分构建选项内数据到 settings.json start, progress: 13%
2026-4-25 00:53:57-debug: // ---- build task 整理部分构建选项内数据到 settings.json ----
2026-4-25 00:53:57-debug: // ---- build task 整理部分构建选项内数据到 settings.json ---- (4ms)
2026-4-25 00:53:57-debug: [Build Memory track]: 整理部分构建选项内数据到 settings.json start:230.65MB, end 230.78MB, increase: 130.62KB
2026-4-25 00:53:57-log: run build task 整理部分构建选项内数据到 settings.json success in 4 ms√, progress: 15%
2026-4-25 00:54:05-debug: refresh db internal success
2026-4-25 00:54:05-debug: refresh db assets success
2026-4-25 00:54:05-debug: Run asset db hook engine-extends:afterRefresh ...
2026-4-25 00:54:05-debug: Run asset db hook engine-extends:afterRefresh success!
2026-4-25 00:54:05-debug: asset-db:refresh-all-database (98ms)
2026-4-25 00:54:05-debug: asset-db-hook-engine-extends-afterRefresh (1ms)
2026-4-25 00:54:20-debug: %cImport%c: D:\cocos_zml\zml-cocos2d-games\zml-cocos2d-AirplaneBattle\assets\Scenes\Scene-game.scenebackground: #aaff85; color: #000;color: #000;
2026-4-25 00:54:20-debug: asset-db:reimport-asset1fe614cc-2965-44e6-a089-7cf6bb918b0a (4ms)
2026-4-25 00:54:22-debug: Query all assets info in project
2026-4-25 00:54:22-debug: init custom config: keepNodeUuid: false, useCache: true
2026-4-25 00:54:22-debug: Skip compress image, progress: 0%
2026-4-25 00:54:22-debug: Init all bundles start..., progress: 0%
2026-4-25 00:54:22-debug: Num of bundles: 2..., progress: 0%
2026-4-25 00:54:22-debug: 查询 Asset Bundle start, progress: 0%
2026-4-25 00:54:22-debug: // ---- build task 查询 Asset Bundle ----
2026-4-25 00:54:22-debug: Init bundle root assets start..., progress: 0%
2026-4-25 00:54:22-debug: Query preload assets/scripts from cc.config.json: 60f7195c-ec2a-45eb-ba94-8955f60e81d0,1c02ae6f-4492-4915-b8f8-7492a3b1e4cd,810e96e4-e456-4468-9b59-f4e8f39732c0,efe8e2a3-eace-427b-b4f1-cb8a937ec77d,e9aa9a3e-5b2b-4ac7-a2c7-073de2b2b24f,8bbdbcdd-5cd4-4100-b6d5-b7c9625b6107,50f4348b-c883-4e2f-8f11-ce233b859fa1,fda095cb-831d-4601-ad94-846013963de8,f92806d7-1768-443f-afe8-12bcde84d0f0,dd3a144d-ab7f-41f0-82b8-2e43a090d496,f0416e68-0200-4b77-a926-4f9d16e494da,970b0598-bcb0-4714-91fb-2e81440dccd8,bcd64cc6-2dd9-43f6-abbe-66318d332032,d930590d-bb92-4cc8-8bd1-23cd027f9edf,a3cd009f-0ab0-420d-9278-b9fdab939bbc,6a2d0734-bd9e-4ddf-946e-caa52498cb75,c27215d8-6835-4b68-bfbb-bdeac6100c04,b5d6115f-0370-4d7c-aad3-c194cc71cf98,871c3b6c-7379-419d-bda3-794b239ab90d,ff9b0199-ce04-4cfe-86cc-6c719f08d6e4,de1c2107-70c8-4021-8459-6399f24d01c6,cbf30902-517f-40dc-af90-a550bac27cf1,5c601d96-e4c7-4698-991b-7ee674b11079
2026-4-25 00:54:22-debug:   Number of all scripts: 16
2026-4-25 00:54:22-debug:   Number of other assets: 460
2026-4-25 00:54:22-debug:   Number of all scenes: 2
2026-4-25 00:54:22-debug: Init bundle root assets success..., progress: 0%
2026-4-25 00:54:22-debug: [Build Memory track]: 查询 Asset Bundle start:232.08MB, end 231.79MB, increase: -301.15KB
2026-4-25 00:54:22-log: run build task 查询 Asset Bundle success in 4 ms√, progress: 5%
2026-4-25 00:54:22-debug: // ---- build task 查询 Asset Bundle ---- (4ms)
2026-4-25 00:54:22-debug: 查询 Asset Bundle start, progress: 5%
2026-4-25 00:54:22-debug: // ---- build task 查询 Asset Bundle ----
2026-4-25 00:54:22-log: run build task 查询 Asset Bundle success in 1 ms√, progress: 10%
2026-4-25 00:54:22-debug: [Build Memory track]: 查询 Asset Bundle start:231.82MB, end 231.96MB, increase: 145.62KB
2026-4-25 00:54:22-debug: // ---- build task 查询 Asset Bundle ---- (1ms)
2026-4-25 00:54:22-debug: 整理部分构建选项内数据到 settings.json start, progress: 10%
2026-4-25 00:54:22-debug: // ---- build task 整理部分构建选项内数据到 settings.json ----
2026-4-25 00:54:22-debug: 填充脚本数据到 settings.json start, progress: 12%
2026-4-25 00:54:22-log: run build task 整理部分构建选项内数据到 settings.json success in √, progress: 12%
2026-4-25 00:54:22-debug: [Build Memory track]: 整理部分构建选项内数据到 settings.json start:232.00MB, end 232.01MB, increase: 17.79KB
2026-4-25 00:54:22-debug: // ---- build task 填充脚本数据到 settings.json ----
2026-4-25 00:54:22-log: run build task 填充脚本数据到 settings.json success in √, progress: 13%
2026-4-25 00:54:22-debug: [Build Memory track]: 填充脚本数据到 settings.json start:232.04MB, end 232.06MB, increase: 16.57KB
2026-4-25 00:54:22-debug: 整理部分构建选项内数据到 settings.json start, progress: 13%
2026-4-25 00:54:22-debug: // ---- build task 整理部分构建选项内数据到 settings.json ----
2026-4-25 00:54:22-debug: // ---- build task 整理部分构建选项内数据到 settings.json ---- (2ms)
2026-4-25 00:54:22-log: run build task 整理部分构建选项内数据到 settings.json success in 2 ms√, progress: 15%
2026-4-25 00:54:22-debug: [Build Memory track]: 整理部分构建选项内数据到 settings.json start:232.09MB, end 232.21MB, increase: 125.48KB
2026-4-25 00:55:13-debug: refresh db internal success
2026-4-25 00:55:13-debug: Run asset db hook engine-extends:afterRefresh ...
2026-4-25 00:55:13-debug: Run asset db hook engine-extends:afterRefresh success!
2026-4-25 00:55:13-debug: refresh db assets success
2026-4-25 00:55:13-debug: asset-db:worker-effect-data-processing (1ms)
2026-4-25 00:55:13-debug: asset-db:refresh-all-database (114ms)
2026-4-25 00:55:13-debug: asset-db-hook-engine-extends-afterRefresh (1ms)
2026-4-25 00:55:14-debug: refresh db internal success
2026-4-25 00:55:14-debug: refresh db assets success
2026-4-25 00:55:14-debug: Run asset db hook engine-extends:afterRefresh ...
2026-4-25 00:55:14-debug: Run asset db hook engine-extends:afterRefresh success!
2026-4-25 00:55:14-debug: asset-db:refresh-all-database (101ms)
2026-4-25 00:55:14-debug: asset-db-hook-engine-extends-afterRefresh (1ms)
2026-4-25 00:55:36-debug: refresh db internal success
2026-4-25 00:55:36-debug: %cImport%c: D:\cocos_zml\zml-cocos2d-games\zml-cocos2d-AirplaneBattle\assets\Scripts\Player.tsbackground: #aaff85; color: #000;color: #000;
2026-4-25 00:55:36-debug: refresh db assets success
2026-4-25 00:55:36-debug: Run asset db hook engine-extends:afterRefresh ...
2026-4-25 00:55:36-debug: Run asset db hook engine-extends:afterRefresh success!
2026-4-25 00:55:36-debug: asset-db:refresh-all-database (113ms)
2026-4-25 00:55:39-debug: Query all assets info in project
2026-4-25 00:55:39-debug: init custom config: keepNodeUuid: false, useCache: true
2026-4-25 00:55:39-debug: Skip compress image, progress: 0%
2026-4-25 00:55:39-debug: 查询 Asset Bundle start, progress: 0%
2026-4-25 00:55:39-debug: Init all bundles start..., progress: 0%
2026-4-25 00:55:39-debug: Num of bundles: 2..., progress: 0%
2026-4-25 00:55:39-debug: // ---- build task 查询 Asset Bundle ----
2026-4-25 00:55:39-debug: Init bundle root assets start..., progress: 0%
2026-4-25 00:55:39-debug: Query preload assets/scripts from cc.config.json: 60f7195c-ec2a-45eb-ba94-8955f60e81d0,1c02ae6f-4492-4915-b8f8-7492a3b1e4cd,810e96e4-e456-4468-9b59-f4e8f39732c0,efe8e2a3-eace-427b-b4f1-cb8a937ec77d,e9aa9a3e-5b2b-4ac7-a2c7-073de2b2b24f,8bbdbcdd-5cd4-4100-b6d5-b7c9625b6107,50f4348b-c883-4e2f-8f11-ce233b859fa1,fda095cb-831d-4601-ad94-846013963de8,f92806d7-1768-443f-afe8-12bcde84d0f0,dd3a144d-ab7f-41f0-82b8-2e43a090d496,f0416e68-0200-4b77-a926-4f9d16e494da,970b0598-bcb0-4714-91fb-2e81440dccd8,bcd64cc6-2dd9-43f6-abbe-66318d332032,d930590d-bb92-4cc8-8bd1-23cd027f9edf,a3cd009f-0ab0-420d-9278-b9fdab939bbc,6a2d0734-bd9e-4ddf-946e-caa52498cb75,c27215d8-6835-4b68-bfbb-bdeac6100c04,b5d6115f-0370-4d7c-aad3-c194cc71cf98,871c3b6c-7379-419d-bda3-794b239ab90d,ff9b0199-ce04-4cfe-86cc-6c719f08d6e4,de1c2107-70c8-4021-8459-6399f24d01c6,cbf30902-517f-40dc-af90-a550bac27cf1,5c601d96-e4c7-4698-991b-7ee674b11079
2026-4-25 00:55:39-debug:   Number of all scenes: 2
2026-4-25 00:55:39-debug:   Number of all scripts: 16
2026-4-25 00:55:39-debug:   Number of other assets: 460
2026-4-25 00:55:39-debug: Init bundle root assets success..., progress: 0%
2026-4-25 00:55:39-log: run build task 查询 Asset Bundle success in 5 ms√, progress: 5%
2026-4-25 00:55:39-debug: [Build Memory track]: 查询 Asset Bundle start:235.10MB, end 234.80MB, increase: -304.82KB
2026-4-25 00:55:39-debug: // ---- build task 查询 Asset Bundle ---- (5ms)
2026-4-25 00:55:39-debug: 查询 Asset Bundle start, progress: 5%
2026-4-25 00:55:39-debug: // ---- build task 查询 Asset Bundle ----
2026-4-25 00:55:39-log: run build task 查询 Asset Bundle success in 2 ms√, progress: 10%
2026-4-25 00:55:39-debug: [Build Memory track]: 查询 Asset Bundle start:234.83MB, end 234.96MB, increase: 130.61KB
2026-4-25 00:55:39-debug: // ---- build task 查询 Asset Bundle ---- (2ms)
2026-4-25 00:55:39-debug: 整理部分构建选项内数据到 settings.json start, progress: 10%
2026-4-25 00:55:39-debug: // ---- build task 整理部分构建选项内数据到 settings.json ----
2026-4-25 00:55:39-log: run build task 整理部分构建选项内数据到 settings.json success in √, progress: 12%
2026-4-25 00:55:39-debug: 填充脚本数据到 settings.json start, progress: 12%
2026-4-25 00:55:39-debug: [Build Memory track]: 整理部分构建选项内数据到 settings.json start:234.99MB, end 235.01MB, increase: 17.86KB
2026-4-25 00:55:39-debug: // ---- build task 填充脚本数据到 settings.json ----
2026-4-25 00:55:39-log: run build task 填充脚本数据到 settings.json success in √, progress: 13%
2026-4-25 00:55:39-debug: [Build Memory track]: 填充脚本数据到 settings.json start:235.04MB, end 235.06MB, increase: 16.15KB
2026-4-25 00:55:39-debug: 整理部分构建选项内数据到 settings.json start, progress: 13%
2026-4-25 00:55:39-debug: // ---- build task 整理部分构建选项内数据到 settings.json ----
2026-4-25 00:55:39-debug: // ---- build task 整理部分构建选项内数据到 settings.json ---- (3ms)
2026-4-25 00:55:39-log: run build task 整理部分构建选项内数据到 settings.json success in 3 ms√, progress: 15%
2026-4-25 00:55:39-debug: [Build Memory track]: 整理部分构建选项内数据到 settings.json start:235.09MB, end 235.21MB, increase: 126.66KB
